source_sha256,title,source_url,source_page_url,source_format,document_class,document_role,consultation_id,engagement_id,authorship,legacy_authorship,institutional_voice,voice_review_status,voice_evidence,classification_basis,classification_confidence,author_org,page_count,scope_reason,review_state,reviewer_1_voice,reviewer_1_evidence,reviewer_2_voice,reviewer_2_evidence,resolution,resolution_notes
0298928781d9a043d5ea38eaa347ee3b76e2c19d8d4faa8beedc268dbb201071,Response to CBI paper on Risk Appetite,https://www.centralbank.ie/docs/default-source/publications/discussion-papers/discussion-paper-4/brian-woods---response-to-risk-appetite-discussion-paper.pdf?sfvrsn=9616d81d_2,https://www.centralbank.ie/publication/discussion-papers/discussion-paper-4---risk-appetite-discussion-paper,pdf,stakeholder-discussion-submission,consultation-submission,,dp4,stakeholder,stakeholder,stakeholder,rule-classified,filename-attribution:response,filename-attribution:response,high,,7,discussion-paper population,pending-independent-review,,,,,,
04e207b0051259f93c41baacac3fd3b9f1eaa6b1d9bee6525b7e8a862570c2f4,EBA BS xx Draft Annex III (Draft CP on Amending ITS on Supervisory Disclosure).xlsx,https://www.centralbank.ie/docs/default-source/regulation/how-we-regulate/supervision/rules-and-guidance/gns-4-1-2-2-1-waivers.pdf?sfvrsn=ee7ed61d_23,https://www.centralbank.ie/regulation/how-we-regulate/supervision/supervisory-disclosures/rules-and-guidance,pdf,cbi-regulatory-material,regulatory-material,,,unresolved,central-bank,unknown,unreviewed,centralbank.ie host path is not authorship evidence,host-path-only:non-consultation,low,,1,unknown external-authority or tribunal candidate,pending-independent-review,,,,,,
055934c1400836d9815e3d1e2e9db52c3f7ec982e3db7f356b7909293648d80a,ss7c,https://www.centralbank.ie/docs/default-source/publications/discussion-papers/discussion-paper-8/ss-c-response-to-dp8.pdf?sfvrsn=b796b91d_3,https://www.centralbank.ie/publication/discussion-papers/discussion-paper-8---outsourcing---findings-and-issues-for-discussion,pdf,stakeholder-discussion-submission,consultation-submission,,dp8,stakeholder,stakeholder,stakeholder,rule-classified,filename-attribution:response,filename-attribution:response,high,,1,discussion-paper population,pending-independent-review,,,,,,
05def93280dd73b5dd1118445c7cee74858451a24cf730053fbe458018c932c5,linkresq response to risk appetite discussion paper,https://www.centralbank.ie/docs/default-source/publications/discussion-papers/discussion-paper-4/linkresq---response-to-risk-appetite-discussion-paper.pdf?sfvrsn=af16d81d_2,https://www.centralbank.ie/publication/discussion-papers/discussion-paper-4---risk-appetite-discussion-paper,pdf,stakeholder-discussion-submission,consultation-submission,,dp4,stakeholder,stakeholder,stakeholder,rule-classified,filename-attribution:response,filename-attribution:response,high,,11,discussion-paper population,pending-independent-review,,,,,,
061d10c44a375af5066c2bf534222bd02b316d283bac3d538bbd295c12b26411,Sage Submission on,https://www.centralbank.ie/docs/default-source/publications/discussion-papers/discussion-paper-7/sage-response-to-dp7.pdf?sfvrsn=8015b21d_2,https://www.centralbank.ie/publication/discussion-papers/discussion-paper-7---digitalisation-and-consumer-protection-code,pdf,stakeholder-discussion-submission,consultation-submission,,dp7,stakeholder,stakeholder,stakeholder,rule-classified,filename-attribution:response,filename-attribution:response,high,,3,discussion-paper population,pending-independent-review,,,,,,
0774dafe783675707b4b6c304983a08867be816bcbed165787b342a769d72f16,CBoI Discussion Paper Response,https://www.centralbank.ie/docs/default-source/publications/discussion-papers/discussion-paper-8/dvv-solutions-response-to-dp8.pdf?sfvrsn=fb94b91d_2,https://www.centralbank.ie/publication/discussion-papers/discussion-paper-8---outsourcing---findings-and-issues-for-discussion,pdf,stakeholder-discussion-submission,consultation-submission,,dp8,stakeholder,stakeholder,stakeholder,rule-classified,filename-attribution:response,filename-attribution:response,high,,8,discussion-paper population,pending-independent-review,,,,,,
089b459ebb63d558528c1fa90aeb691bfbb222110bfb1b54bb75ed9cd2f89f97,11 August 2017,https://www.centralbank.ie/docs/default-source/publications/discussion-papers/discussion-paper-6/vanguard-group-response-etf-discussion-paper.pdf?sfvrsn=6f44ab1d_0,https://www.centralbank.ie/publication/discussion-papers/discussion-paper-6---exchange-traded-funds,pdf,stakeholder-discussion-submission,consultation-submission,,dp6,stakeholder,stakeholder,stakeholder,rule-classified,filename-attribution:response,filename-attribution:response,high,,22,discussion-paper population,pending-independent-review,,,,,,
09b74c2d588d6135145851b41ea60d3ae1e1206fa0ba817039542968f58b89a9,"08RT23 Macroeconomics Effects of Carbon Transition Policies, An Assessment Based on the ECB's New Area-Wide Model with a Disaggregated Energy Sector (Coenan, Lozej and Priftis)",https://www.centralbank.ie/docs/default-source/publications/research-technical-papers/macroeconomics-effects-of-carbon-transition-policies.pdf?sfvrsn=31549c1d_10,https://www.centralbank.ie/financial-system/climate-change,pdf,cbi-research,research-paper,,,unresolved,central-bank,unknown,unreviewed,centralbank.ie host path is not authorship evidence,host-path-only:non-consultation,low,,70,unknown external-authority or tribunal candidate,pending-independent-review,,,,,,
0a504c3d2312edd400858445cdc7c12f26d18cd0d5f745508368bf5a9f27d4db,ICMA AMIC Response to Central Bank of Ireland Discussion Paper on ETFs,https://www.centralbank.ie/docs/default-source/publications/discussion-papers/discussion-paper-6/icma-amic-response-etf-discussion-paper.pdf?sfvrsn=cdbbaa1d_0,https://www.centralbank.ie/publication/discussion-papers/discussion-paper-6---exchange-traded-funds,pdf,stakeholder-discussion-submission,consultation-submission,,dp6,stakeholder,stakeholder,stakeholder,rule-classified,filename-attribution:response,filename-attribution:response,high,,6,discussion-paper population,pending-independent-review,,,,,,
0a528fe34a27108ca1b55c1b23377ebc2ee27629daf76b85612c67ba6b15da05,Consultation Paper CP 56,https://www.centralbank.ie/docs/default-source/publications/consultation-papers/cp56/robert-t-r-woods.pdf?sfvrsn=defd51d_0,https://www.centralbank.ie/publication/consultation-papers/cp56-protocol-between-the-central-bank-of-ireland-and-the-auditors-of-regulated-financial-service-providers,pdf,stakeholder-consultation-submission,consultation-submission,cp56,cp56,stakeholder,stakeholder,stakeholder,rule-classified,content-stakeholder(4v1):dear sir;yours faithfully,content-stakeholder(4v1):dear sir;yours faithfully,medium,,2,content-scored consultation edge case,pending-independent-review,,,,,,
0b973cd2c8d48ac3feebc9d3622a9baa42439d1bb769c38595a523a7f541dae3,Risk Appetite: The Interpolation of Risk and Strategy,https://www.centralbank.ie/docs/default-source/publications/discussion-papers/discussion-paper-4/risk-management-international---response-to-risk-appetite-discussion-paper.pdf?sfvrsn=4a15d81d_2,https://www.centralbank.ie/publication/discussion-papers/discussion-paper-4---risk-appetite-discussion-paper,pdf,stakeholder-discussion-submission,consultation-submission,,dp4,stakeholder,stakeholder,stakeholder,rule-classified,filename-attribution:response,filename-attribution:response,high,,38,discussion-paper population,pending-independent-review,,,,,,
0d1abaf8df9a9982798abaa41d0ec8106f493f6b7354f74e411abfea79ee2f96,"Common Minimum Standards for Data Revisions as agreed between the ECB, EIOPA, National Central Banks and National Competent Authorities",https://www.centralbank.ie/docs/default-source/statistics/statistical-reporting-requirements/insurance-corporations/common-minimum-standards-for-data-revisions.pdf?sfvrsn=11ce801d_4,https://www.centralbank.ie/statistics/statistical-reporting-requirements/insurance-corporations,pdf,cbi-statistical-material,statistical-material,,,unresolved,central-bank,unknown,unreviewed,centralbank.ie host path is not authorship evidence,host-path-only:non-consultation,low,,7,unknown external-authority or tribunal candidate,pending-independent-review,,,,,,
0e43bfbab25d4fc7898751d3c2222e0c8a7d1fc856579ab3f8b995d5026f68c0,Consultation Paper CP 86:,https://www.centralbank.ie/docs/default-source/publications/consultation-papers/cp86/ucd-centre-for-corporate-governance.pdf?sfvrsn=bccade1d_4,https://www.centralbank.ie/publication/consultation-papers/cp86-consultation-on-fund-management-company-effectiveness-delegate-oversight,pdf,stakeholder-consultation-submission,consultation-submission,cp86,cp86,stakeholder,stakeholder,stakeholder,rule-classified,content-stakeholder(6v1):this submission;welcomes the opportunity to comment,content-stakeholder(6v1):this submission;welcomes the opportunity to comment,medium,,9,content-scored consultation edge case,pending-independent-review,,,,,,
0f32e45d1b252bdfcb3aa4ab37bd4ec52e3b51d9585142f1e8dbf1241974de8e,Notice of Intention in relation to ESMA Guidelines on stress test scenarios under the MMF Regulation,https://www.centralbank.ie/docs/default-source/regulation/industry-market-sectors/funds/industry-communications/notice-of-intention-in-relation-to-esma-guidelines-on-stress-test-scenarios-under-the-mmf-regulation.pdf?sfvrsn=932b971d_2,https://www.centralbank.ie/regulation/industry-market-sectors/funds/industry-communications,pdf,cbi-regulatory-material,regulatory-material,,,unresolved,central-bank,unknown,unreviewed,centralbank.ie host path is not authorship evidence,host-path-only:non-consultation,low,,3,unknown external-authority or tribunal candidate,pending-independent-review,,,,,,
10648a26c3d7a45308bd1b9db970f0196b2e010b7c304601360aefd157c026b1,IBF SUBMISSION TO CENTRAL BANK OF IRELAND ON CONSULTATION PAPER 56: PROTOCOL BETWEEN THE CENTRAL BANK OF IRELAND AND THE AUDITORS OF REGULATED FINANCIAL SERVICE PROVIDERS ‘THE AUDITOR PROTOCOL’,https://www.centralbank.ie/docs/default-source/publications/consultation-papers/cp56/ibf.pdf?sfvrsn=d0efd51d_0,https://www.centralbank.ie/publication/consultation-papers/cp56-protocol-between-the-central-bank-of-ireland-and-the-auditors-of-regulated-financial-service-providers,pdf,stakeholder-consultation-submission,consultation-submission,cp56,cp56,stakeholder,stakeholder,stakeholder,rule-classified,content-stakeholder(3v0):welcomes the opportunity to respond,content-stakeholder(3v0):welcomes the opportunity to respond,medium,,2,content-scored consultation edge case,pending-independent-review,,,,,,
1080bbfcefc64ed9d8405b5dfee1eff168644310e820e4434bae49d0c5a7ae40,EBA IF NCA disclosure ITS - Annex II 2026.xlsx,https://www.centralbank.ie/docs/default-source/regulation/industry-market-sectors/investment-firms/supervisory-disclosures/options-and-national-discretions/options-and-national-discretions-part-2.pdf?sfvrsn=d122971d_12,https://www.centralbank.ie/regulation/industry-market-sectors/investment-firms/supervisory-disclosures/options-and-national-discretions,pdf,cbi-regulatory-material,regulatory-material,,,unresolved,central-bank,unknown,unreviewed,centralbank.ie host path is not authorship evidence,host-path-only:non-consultation,low,,1,unknown external-authority or tribunal candidate,pending-independent-review,,,,,,
10fdfde78f44d1739e0a70a7aab0cc8e3472123814a2499d1c33c1a413b25a98,EBA BS xx Draft Annex IV (Draft CP on Amending ITS on Supervisory Disclosure).xlsx,https://www.centralbank.ie/docs/default-source/regulation/industry-market-sectors/investment-firms/supervisory-disclosures/aggregate-statistical-data/statistical-data-part-2-2022.pdf?sfvrsn=26959e1d_3,https://www.centralbank.ie/regulation/industry-market-sectors/investment-firms/supervisory-disclosures/aggregate-statistical-data,pdf,cbi-regulatory-material,regulatory-material,,,unresolved,central-bank,unknown,unreviewed,centralbank.ie host path is not authorship evidence,host-path-only:non-consultation,low,,1,unknown external-authority or tribunal candidate,pending-independent-review,,,,,,
11158efc55809e4f688222753607f742c390e7caf312cec545031d6b329f0f92,Slide 1,https://www.centralbank.ie/docs/default-source/news-and-media/speeches/2017-05-11-dg-donnery--ecb-macropru-speech---slides.pdf?sfvrsn=5a17a61d_2,https://www.centralbank.ie/news/article/implementing-macroprudential-policy-in-the-euro-area---sharon-donnery,pdf,cbi-speech-or-news-material,speech-or-news,,,unresolved,central-bank,unknown,unreviewed,centralbank.ie host path is not authorship evidence,host-path-only:non-consultation,low,,4,unknown external-authority or tribunal candidate,pending-independent-review,,,,,,
1137cb3739a29b8bfddbac0df39740dc6920ef92687082a610ba78d55fa8b96d,Business of CHC,https://www.centralbank.ie/docs/default-source/regulation/industry-market-sectors/investment-firms/custom-house-capital/chc-high-court-judgement---charging-of-fees.pdf?sfvrsn=3f2ca41d_2,https://www.centralbank.ie/news/article/update-on-custom-house-capital,pdf,cbi-regulatory-material,regulatory-material,,,unresolved,central-bank,unknown,unreviewed,centralbank.ie host path is not authorship evidence,host-path-only:non-consultation,low,,33,unknown external-authority or tribunal candidate,pending-independent-review,,,,,,
1139c545b40684568886a54ae8dc840187f132e7f83af2475514cfc99a1b6237,Microsoft Word - 2023 03 31  FSBA submission to the CBI on the CPC.docx,https://www.centralbank.ie/docs/default-source/publications/discussion-papers/discussion-paper-10/financial-services-bar-association---response-to-dp10.pdf?sfvrsn=d6329f1d_2,https://www.centralbank.ie/publication/discussion-papers/discussion-paper-10-consumer-protection-code-review,pdf,stakeholder-discussion-submission,consultation-submission,,dp10,stakeholder,stakeholder,stakeholder,rule-classified,filename-attribution:response,filename-attribution:response,high,,10,discussion-paper population,pending-independent-review,,,,,,
1177282bb0aa2e7f9e3ea15334f59803f0474fb638ce01d23a0c289b1e042185,May 2023,https://www.centralbank.ie/docs/default-source/publications/discussion-papers/discussion-paper-10/free-legal-advice-centres---response-to-dp10.pdf?sfvrsn=e8339f1d_2,https://www.centralbank.ie/publication/discussion-papers/discussion-paper-10-consumer-protection-code-review,pdf,stakeholder-discussion-submission,consultation-submission,,dp10,stakeholder,stakeholder,stakeholder,rule-classified,filename-attribution:response,filename-attribution:response,high,,27,discussion-paper population,pending-independent-review,,,,,,
12a28447671e1ad0cf8b59812eb17dfb25f42847fa5d9425a697c5a8f63e9f81,crefc europe response to dp11,https://www.centralbank.ie/docs/default-source/publications/discussion-papers/discussion-paper-11/crefc-europe-response-to-dp11.pdf?sfvrsn=7e25611a_7,https://www.centralbank.ie/publication/discussion-papers/discussion-paper-11-an-approach-to-macroprudential-policy-for-investment-funds,pdf,stakeholder-discussion-submission,consultation-submission,,dp11,stakeholder,stakeholder,stakeholder,rule-classified,filename-attribution:response,filename-attribution:response,high,,5,discussion-paper population,pending-independent-review,,,,,,
13e25d8c45411a99fd805f0466375bfd4eddda74345bd65dbb39029fc27e397e,irish life health discussion paper on payment of commission to intermediaries,https://www.centralbank.ie/docs/default-source/publications/discussion-papers/discussion-paper-5/irish-life-health--discussion-paper-on-payment-of-commission-to-intermediaries.pdf?sfvrsn=1e70d91d_2,https://www.centralbank.ie/publication/discussion-papers/discussion-paper-5-on-payment-of-commission-to-intermediaries,pdf,stakeholder-discussion-submission,consultation-submission,,dp5,stakeholder,stakeholder,stakeholder,manual-reviewed,opening-page issuer and response voice,adjudicated:adversarial-source-review-2026-08-31,high,Irish Life Health,2,discussion-paper population,pending-independent-review,,,,,,
144be2b04f8d3e1f9a43405ce9962890cbeea1b27769cd2cf7ca2278d7ccb61a,Payments Statistics,https://www.centralbank.ie/docs/default-source/statistics/statistical-reporting-requirements/payment-services-providers/ecb-payment-statistics-regulation-update/ecb-regulation-on-payments-statistics-update---3rd-industry-engagement-event.pdf?sfvrsn=ab2c931d_5,https://www.centralbank.ie/statistics/statistical-reporting-requirements/payment-service-providers/ecb-payment-statistics-regulation-update,pdf,cbi-statistical-material,statistical-material,,,unresolved,central-bank,unknown,unreviewed,centralbank.ie host path is not authorship evidence,host-path-only:non-consultation,low,,23,unknown external-authority or tribunal candidate,pending-independent-review,,,,,,
1494d28e30799f118c489e0bfacffe974c1692deb51278ae0e6f0ef17c0f72fb,Introduction:,https://www.centralbank.ie/docs/default-source/publications/discussion-papers/disucssion-paper-2/dis-2-money-advice-and-budgeting-service-submission---discussion-paper-on-switching-code.pdf?sfvrsn=ca42d81d_4,https://www.centralbank.ie/publication/discussion-papers/discussion-on-review-of-the-requirements-for-the-management-of-liquidity-risk,pdf,stakeholder-discussion-submission,consultation-submission,,dp2,stakeholder,stakeholder,stakeholder,rule-classified,filename-attribution:submission,filename-attribution:submission,high,,5,discussion-paper population,pending-independent-review,,,,,,
14aec52d18901394b9c5e41824d23d6746ece213a8591827bf53d0397be2bee5,Notice of intention - ESMA fund naming guidelines - 241021,https://www.centralbank.ie/docs/default-source/regulation/industry-market-sectors/funds/industry-communications/notice-of-intention---esma-fund-naming-guidelines---241021.pdf?sfvrsn=e37a671a_3,https://www.centralbank.ie/regulation/industry-market-sectors/funds/industry-communications,pdf,cbi-regulatory-material,regulatory-material,,,unresolved,central-bank,unknown,unreviewed,centralbank.ie host path is not authorship evidence,host-path-only:non-consultation,low,,3,unknown external-authority or tribunal candidate,pending-independent-review,,,,,,
1573d5c28370c6badd0fd14b4d539c41b9bc8e70caff36f90e2a5adc636ed62e,EBA BS xx Draft Annex III (Draft CP on Amending ITS on Supervisory Disclosure).xlsx,https://www.centralbank.ie/docs/default-source/regulation/how-we-regulate/supervision/rules-and-guidance/gns-4-1-2-2-1-qualifying-holdings.pdf?sfvrsn=f47ed61d_23,https://www.centralbank.ie/regulation/how-we-regulate/supervision/supervisory-disclosures/rules-and-guidance,pdf,cbi-regulatory-material,regulatory-material,,,unresolved,central-bank,unknown,unreviewed,centralbank.ie host path is not authorship evidence,host-path-only:non-consultation,low,,1,unknown external-authority or tribunal candidate,pending-independent-review,,,,,,
15b20afff8dfe89a536575fae0828c502ee2618a57f43378d16936c69f1ff47b,Response Information,https://www.centralbank.ie/docs/default-source/publications/discussion-papers/discussion-paper-10/cuma---response-to-dp10.pdf?sfvrsn=ae3f9f1d_2,https://www.centralbank.ie/publication/discussion-papers/discussion-paper-10-consumer-protection-code-review,pdf,stakeholder-discussion-submission,consultation-submission,,dp10,stakeholder,stakeholder,stakeholder,rule-classified,filename-attribution:response,filename-attribution:response,high,,9,discussion-paper population,pending-independent-review,,,,,,
15cdd4e82ddc66ad93c2cfc77b2d3cd8b328e7696942913a3c65cb519447f783,ECB Listens Event Report - Academic Roundtable,https://www.centralbank.ie/docs/default-source/monetary-policy/european-central-bank-strategy-review/ecb-listens-event-report---academic-roundtable.pdf?sfvrsn=a39f8e1d_6,https://www.centralbank.ie/monetary-policy/european-central-bank-strategy-review,pdf,other-cbi-material,other,,,unresolved,central-bank,unknown,unreviewed,centralbank.ie host path is not authorship evidence,host-path-only:non-consultation,low,,6,unknown external-authority or tribunal candidate,pending-independent-review,,,,,,
17736a94c8cd726692e206b26c4ac8aae6b2c633c37a4bc8d6af57c18d9851bf,Feedback Report - ESMA Common Supervisory Action on Sustainability Risks and Disclosures in the Investment Funds Sector,https://www.centralbank.ie/docs/default-source/regulation/industry-market-sectors/funds/industry-communications/esma-common-supervisory-action-on-sustainability-risks-and-disclosures-in-the-investment-funds-sector.pdf?sfvrsn=5a566f1a_8,https://www.centralbank.ie/regulation/industry-market-sectors/funds/industry-communications,pdf,cbi-regulatory-material,regulatory-material,,,unresolved,central-bank,unknown,unreviewed,centralbank.ie host path is not authorship evidence,host-path-only:non-consultation,low,,18,unknown external-authority or tribunal candidate,pending-independent-review,,,,,,
192c05f0d151a7a376145eb360b91caf3ee97f7bdd9c2396c043b6e57ef573a6,THE HIGH COURT,https://www.centralbank.ie/docs/default-source/regulation/industry-market-sectors/investment-firms/custom-house-capital/affidavit-custom-house-capital.pdf?sfvrsn=3d5aa21d_4,https://www.centralbank.ie/news/article/update-on-custom-house-capital,pdf,cbi-regulatory-material,regulatory-material,,,unresolved,central-bank,unknown,unreviewed,centralbank.ie host path is not authorship evidence,host-path-only:non-consultation,low,,25,unknown external-authority or tribunal candidate,pending-independent-review,,,,,,
19324ce821586b515439f7bda6c14f3b870751ea51265d731c9c160880a5abd3,EBA BS xx Draft Annex IV (Draft CP on Amending ITS on Supervisory Disclosure).xlsx,https://www.centralbank.ie/docs/default-source/regulation/industry-market-sectors/investment-firms/supervisory-disclosures/aggregate-statistical-data/statistical-data-part-3.pdf?sfvrsn=6221971d_3,https://www.centralbank.ie/regulation/industry-market-sectors/investment-firms/supervisory-disclosures/aggregate-statistical-data,pdf,cbi-regulatory-material,regulatory-material,,,unresolved,central-bank,unknown,unreviewed,centralbank.ie host path is not authorship evidence,host-path-only:non-consultation,low,,1,unknown external-authority or tribunal candidate,pending-independent-review,,,,,,
1a9840ee55d0556533846725ed4029f4b05898db6bdc37aea3033034ce191099,Name,https://www.centralbank.ie/docs/default-source/publications/discussion-papers/discussion-paper-4/dima---response-to-risk-appetite-discussion-paper.pdf?sfvrsn=9916d81d_2,https://www.centralbank.ie/publication/discussion-papers/discussion-paper-4---risk-appetite-discussion-paper,pdf,stakeholder-discussion-submission,consultation-submission,,dp4,stakeholder,stakeholder,stakeholder,rule-classified,filename-attribution:response,filename-attribution:response,high,,5,discussion-paper population,pending-independent-review,,,,,,
1b5104ffa026757a8f9d5878f579930eb21b122aa636e16716f286e1c2c085ff,Insurance Ireland response to the CBI Discussion Paper on the Payment of Commission to Intermediaries,https://www.centralbank.ie/docs/default-source/publications/discussion-papers/discussion-paper-5/insurance-ireland---discussion-paper-on-payment-of-commission-to-intermediaries.pdf?sfvrsn=870d91d_2,https://www.centralbank.ie/publication/discussion-papers/discussion-paper-5-on-payment-of-commission-to-intermediaries,pdf,stakeholder-discussion-submission,consultation-submission,,dp5,stakeholder,stakeholder,stakeholder,manual-reviewed,opening-page issuer and response voice,adjudicated:adversarial-source-review-2026-08-31,high,Insurance Ireland,4,discussion-paper population,pending-independent-review,,,,,,
1c4407d722458c91ec895add00d424d554f96fdb5e83d9cdff24d5716f25d105,EBA IF NCA disclosure ITS - Annex IV 2026.xlsx,https://www.centralbank.ie/docs/default-source/regulation/industry-market-sectors/investment-firms/supervisory-disclosures/aggregate-statistical-data/part-3-data-on-supervisory-measures-and-administrative-penalties-2025.pdf?sfvrsn=d302711a_3,https://www.centralbank.ie/regulation/industry-market-sectors/investment-firms/supervisory-disclosures/aggregate-statistical-data,pdf,cbi-regulatory-material,regulatory-material,,,unresolved,central-bank,unknown,unreviewed,centralbank.ie host path is not authorship evidence,host-path-only:non-consultation,low,,1,unknown external-authority or tribunal candidate,pending-independent-review,,,,,,
1e1537e7187ae8f76457431eced900dce0b7377e88e20cf4d1dc2f3b987e4216,EBA IF NCA disclosure ITS - Annex I 2026.xlsx,https://www.centralbank.ie/docs/default-source/regulation/industry-market-sectors/investment-firms/supervisory-disclosures/rules-and-guidance/rules-and-guidance-part-1.pdf?sfvrsn=122971d_12,https://www.centralbank.ie/regulation/industry-market-sectors/investment-firms/supervisory-disclosures/rules-and-guidance,pdf,cbi-regulatory-material,regulatory-material,,,unresolved,central-bank,unknown,unreviewed,centralbank.ie host path is not authorship evidence,host-path-only:non-consultation,low,,1,unknown external-authority or tribunal candidate,pending-independent-review,,,,,,
1e15f7bbcc580c2ed0e5dea073694eea2f326cd34450748980000227f2abf15a,Addressee’s name,https://www.centralbank.ie/docs/default-source/publications/discussion-papers/discussion-paper-11/inrev-response-to-dp11.pdf?sfvrsn=bb26611a_7,https://www.centralbank.ie/publication/discussion-papers/discussion-paper-11-an-approach-to-macroprudential-policy-for-investment-funds,pdf,stakeholder-discussion-submission,consultation-submission,,dp11,stakeholder,stakeholder,stakeholder,rule-classified,filename-attribution:response,filename-attribution:response,high,,3,discussion-paper population,pending-independent-review,,,,,,
1e2ca48a2ff970a4b17a6e97dc9d0a77bbaeffb8ede17a2cece5aee2db112521,Re: Review of Consumer Protection Code – Digitalisation,https://www.centralbank.ie/docs/default-source/publications/discussion-papers/discussion-paper-10/irish-farmers-association---response-to-dp10.pdf?sfvrsn=f9329f1d_2,https://www.centralbank.ie/publication/discussion-papers/discussion-paper-10-consumer-protection-code-review,pdf,stakeholder-discussion-submission,consultation-submission,,dp10,stakeholder,stakeholder,stakeholder,rule-classified,filename-attribution:response,filename-attribution:response,high,,2,discussion-paper population,pending-independent-review,,,,,,
1ecb592c10bbe6de6c71ea55c88f8c524f0a3155743ec4b7ad0f0c8029f20421,A Introduction,https://www.centralbank.ie/docs/default-source/publications/consultation-papers/cp89/soc-of-actuaries-in-ireland-cp89.pdf?sfvrsn=7a6d81d_4,https://www.centralbank.ie/publication/consultation-papers/cp89-consultation-on-national-specific-templates-for-insurers-and-reinsurers-under-solvency-ii,pdf,stakeholder-consultation-submission,consultation-submission,cp89,cp89,stakeholder,stakeholder,stakeholder,rule-classified,content-stakeholder(3v0):we welcome the opportunity,content-stakeholder(3v0):we welcome the opportunity,medium,,14,content-scored consultation edge case,pending-independent-review,,,,,,
1fd86173fec33a76128a5ff9c26c4004f1abd93a45bdea4de8c0a6277ca8cc03,AnaCredit Reporting Manual Part I – General Methodology,https://www.centralbank.ie/docs/default-source/statistics/statistical-reporting-requirements/anacredit-in-ireland/ecb-anacredit-reporting-manual-part-i---general-methodology.pdf?sfvrsn=ddcea11d_2,https://www.centralbank.ie/statistics/statistical-reporting-requirements/anacredit-in-ireland,pdf,cbi-statistical-material,statistical-material,,,unresolved,central-bank,unknown,unreviewed,centralbank.ie host path is not authorship evidence,host-path-only:non-consultation,low,,169,unknown external-authority or tribunal candidate,pending-independent-review,,,,,,
201b241c073e3d5d091d7a1562c31a5e83dd5b9295f500107f4b4c75608badcf,"January 31, 2019",https://www.centralbank.ie/docs/default-source/publications/discussion-papers/discussion-paper-8/international-financial-data-services-response-to-dp8.pdf?sfvrsn=d294b91d_2,https://www.centralbank.ie/publication/discussion-papers/discussion-paper-8---outsourcing---findings-and-issues-for-discussion,pdf,stakeholder-discussion-submission,consultation-submission,,dp8,stakeholder,stakeholder,stakeholder,rule-classified,filename-attribution:response,filename-attribution:response,high,,1,discussion-paper population,pending-independent-review,,,,,,
202ef61b611c9bf744a007bdb4446eb2173d4fea740fcea6551289d43f7e6adc,Re: Response to Discussion Paper on Exchange Traded Funds,https://www.centralbank.ie/docs/default-source/publications/discussion-papers/discussion-paper-6/irish-funds-response-etf-discussion-paper.pdf?sfvrsn=2fbbaa1d_0,https://www.centralbank.ie/publication/discussion-papers/discussion-paper-6---exchange-traded-funds,pdf,stakeholder-discussion-submission,consultation-submission,,dp6,stakeholder,stakeholder,stakeholder,rule-classified,filename-attribution:response,filename-attribution:response,high,,11,discussion-paper population,pending-independent-review,,,,,,
20e2aab71b5bed281523156d86c4f8ed2f5d50ef88710b9c12aa5df2b4ef520b,markPRIVATE AND CONFIDENTIAL AND NOT FOR PUBLICATION/mark,https://www.centralbank.ie/docs/default-source/publications/discussion-papers/discussion-paper-8/eversheds-sutherland-response-to-dp8.pdf?sfvrsn=ef96b91d_2,https://www.centralbank.ie/publication/discussion-papers/discussion-paper-8---outsourcing---findings-and-issues-for-discussion,pdf,stakeholder-discussion-submission,consultation-submission,,dp8,stakeholder,stakeholder,stakeholder,rule-classified,filename-attribution:response,filename-attribution:response,high,,2,discussion-paper population,pending-independent-review,,,,,,
231a07874356c77addcd16e807fc6e7901ebb064469f3ab99faf5c18545a203e,EBA IF NCA disclosure ITS - Annex IV.xlsx,https://www.centralbank.ie/docs/default-source/regulation/industry-market-sectors/investment-firms/supervisory-disclosures/aggregate-statistical-data/statistical-data-part-3-2023.pdf?sfvrsn=7e9a601a_4,https://www.centralbank.ie/regulation/industry-market-sectors/investment-firms/supervisory-disclosures/aggregate-statistical-data,pdf,cbi-regulatory-material,regulatory-material,,,unresolved,central-bank,unknown,unreviewed,centralbank.ie host path is not authorship evidence,host-path-only:non-consultation,low,,2,unknown external-authority or tribunal candidate,pending-independent-review,,,,,,
2460b3a10413831d37eaf34de9b7df69992578b27cc562c2341bfe96e5dc9188,wisdomtree response etf discussion paper,https://www.centralbank.ie/docs/default-source/publications/discussion-papers/discussion-paper-6/wisdomtree-response-etf-discussion-paper.pdf?sfvrsn=9945ab1d_0,https://www.centralbank.ie/publication/discussion-papers/discussion-paper-6---exchange-traded-funds,pdf,stakeholder-discussion-submission,consultation-submission,,dp6,stakeholder,stakeholder,stakeholder,rule-classified,filename-attribution:response,filename-attribution:response,high,,3,discussion-paper population,pending-independent-review,,,,,,
25a8984786cac4cc8da021926faa4c7c32e30e7df4b01c9bba78f64aed51d4ce,A Response to Central Bank consultation CP86: Fund Management Company Effectiveness - Delegate Oversight,https://www.centralbank.ie/docs/default-source/publications/consultation-papers/cp86/risk-system.pdf?sfvrsn=4fc9de1d_4,https://www.centralbank.ie/publication/consultation-papers/cp86-consultation-on-fund-management-company-effectiveness-delegate-oversight,pdf,stakeholder-consultation-submission,consultation-submission,cp86,cp86,stakeholder,stakeholder,stakeholder,rule-classified,content-stakeholder(6v0):dear sir;yours faithfully;our response to,content-stakeholder(6v0):dear sir;yours faithfully;our response to,medium,,5,content-scored consultation edge case,pending-independent-review,,,,,,
2639f5e84a6a9dda024cc0de17257ade70a04e701b4307dd3751bf712d0209c8,Microsoft Word - 10890908_7,https://www.centralbank.ie/docs/default-source/publications/consultation-papers/cp86/william-fry.pdf?sfvrsn=b3cade1d_4,https://www.centralbank.ie/publication/consultation-papers/cp86-consultation-on-fund-management-company-effectiveness-delegate-oversight,pdf,stakeholder-consultation-submission,consultation-submission,cp86,cp86,stakeholder,stakeholder,stakeholder,rule-classified,content-stakeholder(5v0):we welcome the opportunity;dear sir,content-stakeholder(5v0):we welcome the opportunity;dear sir,medium,,12,content-scored consultation edge case,pending-independent-review,,,,,,
264ce60ed038db400d2d6f6fb15fe98e840d11434ed7d8e208b0d605ec4c1390,Miss Denise Melia,https://www.centralbank.ie/docs/default-source/publications/consultation-papers/cp33/practical-finance-limited.pdf?sfvrsn=e3c6d51d_2,https://www.centralbank.ie/publication/consultation-papers/cp33-consumer-protection-code-for-licensed-moneylenders,pdf,stakeholder-consultation-submission,consultation-submission,cp33,cp33,stakeholder,stakeholder,stakeholder,rule-classified,content-stakeholder(7v0):dear sir;yours sincerely;this submission,content-stakeholder(7v0):dear sir;yours sincerely;this submission,medium,,2,content-scored consultation edge case,pending-independent-review,,,,,,
2735a1da4636ab33f2aba36379c84ff7671cf2c1e22b9af483e7b71df9cc62a5,Re: Consultation Paper CP89 – Consultation on National Specific Templates for Insurers and Reinsurers under Solvency II,https://www.centralbank.ie/docs/default-source/publications/consultation-papers/cp89/zurich-insce-plc-cp89.pdf?sfvrsn=5fa6d81d_4,https://www.centralbank.ie/publication/consultation-papers/cp89-consultation-on-national-specific-templates-for-insurers-and-reinsurers-under-solvency-ii,pdf,stakeholder-consultation-submission,consultation-submission,cp89,cp89,stakeholder,stakeholder,stakeholder,rule-classified,content-stakeholder(8v1):welcomes the opportunity to respond;dear sir;this submission,content-stakeholder(8v1):welcomes the opportunity to respond;dear sir;this submission,medium,,6,content-scored consultation edge case,pending-independent-review,,,,,,
2762385f3ee8218d47e23da7bf650df9aceb44198babaabb07652765d0bd7c2f,Central Bank Consultation on Fund Management Company Effectiveness – Delegate Oversight,https://www.centralbank.ie/docs/default-source/publications/consultation-papers/cp86/dillon-eustace.pdf?sfvrsn=12c9de1d_4,https://www.centralbank.ie/publication/consultation-papers/cp86-consultation-on-fund-management-company-effectiveness-delegate-oversight,pdf,stakeholder-consultation-submission,consultation-submission,cp86,cp86,stakeholder,stakeholder,stakeholder,rule-classified,content-stakeholder(3v0):we welcome the opportunity,content-stakeholder(3v0):we welcome the opportunity,medium,,7,content-scored consultation edge case,pending-independent-review,,,,,,
279621edab7457bf0c36e6f866d62ea589bde6931e3cd4b657e98404038eeb0e,Re: Central Bank of Ireland Discussion Paper on Risk Appetite,https://www.centralbank.ie/docs/default-source/publications/discussion-papers/discussion-paper-4/institute-of-directors-in-ireland---response-to-risk-appetite-discussion-paper.pdf?sfvrsn=8d16d81d_2,https://www.centralbank.ie/publication/discussion-papers/discussion-paper-4---risk-appetite-discussion-paper,pdf,stakeholder-discussion-submission,consultation-submission,,dp4,stakeholder,stakeholder,stakeholder,rule-classified,filename-attribution:response,filename-attribution:response,high,,6,discussion-paper population,pending-independent-review,,,,,,
28b8be2e967e4c084bb0d82d7444b12278c1d16fe3b37b0a588cf265e67ae489,af2i response to dp11,https://www.centralbank.ie/docs/default-source/publications/discussion-papers/discussion-paper-11/af2i-response-to-dp11.pdf?sfvrsn=3a25611a_7,https://www.centralbank.ie/publication/discussion-papers/discussion-paper-11-an-approach-to-macroprudential-policy-for-investment-funds,pdf,stakeholder-discussion-submission,consultation-submission,,dp11,stakeholder,stakeholder,stakeholder,rule-classified,filename-attribution:response,filename-attribution:response,high,,12,discussion-paper population,pending-independent-review,,,,,,
2b70a72d23a1f5e8ea572917c3f8a0c42b2bd309b581d0019ae59612ff978b19,Consumer Protection Code and the Digitalisation of Financial Services BPFI,https://www.centralbank.ie/docs/default-source/publications/discussion-papers/discussion-paper-7/bpfi-response-to-dp7.pdf?sfvrsn=2e14b21d_2,https://www.centralbank.ie/publication/discussion-papers/discussion-paper-7---digitalisation-and-consumer-protection-code,pdf,stakeholder-discussion-submission,consultation-submission,,dp7,stakeholder,stakeholder,stakeholder,rule-classified,filename-attribution:response,filename-attribution:response,high,,19,discussion-paper population,pending-independent-review,,,,,,
2b89f572d069d95fcf42df4fb9fb5a194e41ba2fa568f59df5dc4b251705d3fc,Response Information,https://www.centralbank.ie/docs/default-source/publications/discussion-papers/discussion-paper-10/inclusion-ireland---response-to-dp10.pdf?sfvrsn=2e3e9f1d_2,https://www.centralbank.ie/publication/discussion-papers/discussion-paper-10-consumer-protection-code-review,pdf,stakeholder-discussion-submission,consultation-submission,,dp10,stakeholder,stakeholder,stakeholder,rule-classified,filename-attribution:response,filename-attribution:response,high,,9,discussion-paper population,pending-independent-review,,,,,,
2c5a160e6db76cd5c3ee591cbcaa631caf5641b5a4376eb6537348eea14d4a73,EBA IF NCA disclosure ITS - Annex III 2026.xlsx,https://www.centralbank.ie/docs/default-source/regulation/industry-market-sectors/investment-firms/supervisory-disclosures/srep-process/srep-process.pdf?sfvrsn=9622971d_10,https://www.centralbank.ie/regulation/industry-market-sectors/investment-firms/supervisory-disclosures/supervisory-review-and-evaluation-process,pdf,cbi-regulatory-material,regulatory-material,,,unresolved,central-bank,unknown,unreviewed,centralbank.ie host path is not authorship evidence,host-path-only:non-consultation,low,,2,unknown external-authority or tribunal candidate,pending-independent-review,,,,,,
2cf4ce3aa773545378b7dd9ae685e4cf59cd0c9f557ab506001595ce3f80feb1,uAuditor Protocol/u,https://www.centralbank.ie/docs/default-source/publications/consultation-papers/cp56/covestone-asset-management.pdf?sfvrsn=7eeed51d_0,https://www.centralbank.ie/publication/consultation-papers/cp56-protocol-between-the-central-bank-of-ireland-and-the-auditors-of-regulated-financial-service-providers,pdf,stakeholder-consultation-submission,consultation-submission,cp56,cp56,stakeholder,stakeholder,stakeholder,rule-classified,content-stakeholder(3v0):the following comments,content-stakeholder(3v0):the following comments,medium,,1,content-scored consultation edge case,pending-independent-review,,,,,,
2d070605f32e06c6d75bf43ca08691ec735d81ef141c59b3412bfe52113d0ce6,Rsik Appetite Irish Banking Federation,https://www.centralbank.ie/docs/default-source/publications/discussion-papers/discussion-paper-4/irish-banking-federation---response-to-risk-appetite-discussion-paper.pdf?sfvrsn=b516d81d_2,https://www.centralbank.ie/publication/discussion-papers/discussion-paper-4---risk-appetite-discussion-paper,pdf,stakeholder-discussion-submission,consultation-submission,,dp4,stakeholder,stakeholder,stakeholder,rule-classified,filename-attribution:response,filename-attribution:response,high,,8,discussion-paper population,pending-independent-review,,,,,,
304a07298d7f4ecbcd1c3c3de42c28cf0d9f4c6c85a22d7296b8a2568567199c,"Dear Sirs,",https://www.centralbank.ie/docs/default-source/publications/consultation-papers/cp86/carl-o-sullivan.pdf?sfvrsn=91cade1d_6,https://www.centralbank.ie/publication/consultation-papers/cp86-consultation-on-fund-management-company-effectiveness-delegate-oversight,pdf,stakeholder-consultation-submission,consultation-submission,cp86,cp86,stakeholder,stakeholder,stakeholder,rule-classified,content-stakeholder(8v1):thank you for the opportunity;dear sir;the following comments,content-stakeholder(8v1):thank you for the opportunity;dear sir;the following comments,medium,,3,content-scored consultation edge case,pending-independent-review,,,,,,
30bde1c3260447ffb9e1e6fc7a3603c400719dc8544c3ce7524538a04d7b320a,APTI,https://www.centralbank.ie/docs/default-source/publications/consultation-papers/cp60/the-association-of-pension-trustees-of-ireland-limited.pdf?sfvrsn=ae86d51d_0,https://www.centralbank.ie/publication/consultation-papers/cp60-consultation-on-implementation-of-alternative-investment-fund-manager-directive,pdf,stakeholder-consultation-submission,consultation-submission,cp60,cp60,stakeholder,stakeholder,stakeholder,rule-classified,content-stakeholder(4v1):dear sir;yours sincerely,content-stakeholder(4v1):dear sir;yours sincerely,medium,,2,content-scored consultation edge case,pending-independent-review,,,,,,
30e9d191a23753180ad14035a5fea64e4e857e731b4ddf720beac85197e0c90f,mental health commission response to dp10,https://www.centralbank.ie/docs/default-source/publications/discussion-papers/discussion-paper-10/mental-health-commission---response-to-dp10.pdf?sfvrsn=77329f1d_2,https://www.centralbank.ie/publication/discussion-papers/discussion-paper-10-consumer-protection-code-review,pdf,stakeholder-discussion-submission,consultation-submission,,dp10,stakeholder,stakeholder,stakeholder,rule-classified,filename-attribution:response,filename-attribution:response,high,,9,discussion-paper population,pending-independent-review,,,,,,
317a28b6826a1cbd1dd4cbfe0aba8fe1a9288929e382f1e2916ff77b05d3315d,EBA BS xx Draft Annex IV (Draft CP on Amending ITS on Supervisory Disclosure).xlsx,https://www.centralbank.ie/docs/default-source/regulation/how-we-regulate/supervision/statistical-data/market-risk-data-2019.pdf?sfvrsn=9d5a8a1d_2,https://www.centralbank.ie/regulation/how-we-regulate/supervision/supervisory-disclosures/statistical-data,pdf,cbi-regulatory-material,regulatory-material,,,unresolved,central-bank,unknown,unreviewed,centralbank.ie host path is not authorship evidence,host-path-only:non-consultation,low,,1,unknown external-authority or tribunal candidate,pending-independent-review,,,,,,
3200d797d9fc906d72548ae25692dc0f578b690794058b7223c56ff9d1411461,waterford credit union 1,https://www.centralbank.ie/docs/default-source/publications/consultation-papers/cp32/waterford-credit-union-1.pdf?sfvrsn=d7ced51d_4,https://www.centralbank.ie/publication/consultation-papers/cp32-voluntary-consumer-protection-code-for-credit-unions,pdf,stakeholder-consultation-submission,consultation-submission,cp32,cp32,stakeholder,stakeholder,stakeholder,rule-classified,content-stakeholder(3v0):i attended the session,content-stakeholder(3v0):i attended the session,medium,,1,content-scored consultation edge case,pending-independent-review,,,,,,
32ae599b261a1cf5b50eb37505051eb40efdfa5d9e30beaa52c0a3866a599358,Microsoft Word - CBI consultation on fund management company effectiveness - Response to Consultation,https://www.centralbank.ie/docs/default-source/publications/consultation-papers/cp86/aima.pdf?sfvrsn=1fc9de1d_4,https://www.centralbank.ie/publication/consultation-papers/cp86-consultation-on-fund-management-company-effectiveness-delegate-oversight,pdf,stakeholder-consultation-submission,consultation-submission,cp86,cp86,stakeholder,stakeholder,stakeholder,rule-classified,content-stakeholder(9v0):dear sir;yours sincerely;our response to,content-stakeholder(9v0):dear sir;yours sincerely;our response to,medium,,4,content-scored consultation edge case,pending-independent-review,,,,,,
33a1c67729c7ad316033ab70317c4967b333e3f3ac9e66e0e2b367ba50a76184,Information,https://www.centralbank.ie/docs/default-source/publications/discussion-papers/discussion-paper-7/irish-life-group-response-to-dp7.pdf?sfvrsn=214b21d_2,https://www.centralbank.ie/publication/discussion-papers/discussion-paper-7---digitalisation-and-consumer-protection-code,pdf,stakeholder-discussion-submission,consultation-submission,,dp7,stakeholder,stakeholder,stakeholder,rule-classified,filename-attribution:response,filename-attribution:response,high,,7,discussion-paper population,pending-independent-review,,,,,,
34439b48b01e2fd0085b781a80a14efef683faeefaf833fcbefcc439f30c5dd4,markCP63.C1 Submission/mark,https://www.centralbank.ie/docs/default-source/publications/consultation-papers/cp63/consumer-submissions-v3.pdf?sfvrsn=4e81d51d_0,https://www.centralbank.ie/publication/consultation-papers/cp63-review-of-the-code-of-conduct-on-mortgage-arrears,pdf,stakeholder-consultation-submission,consultation-submission,cp63,cp63,stakeholder,stakeholder,stakeholder,rule-classified,content-stakeholder(3v0):our submission,content-stakeholder(3v0):our submission,medium,,39,content-scored consultation edge case,pending-independent-review,,,,,,
34857e7e6022fcab77fa26696dcd3b8483902dffe2e09b1a8c9800d5218ddd2f,EBA IF NCA disclosure ITS - Annex IV.xlsx,https://www.centralbank.ie/docs/default-source/regulation/industry-market-sectors/investment-firms/supervisory-disclosures/aggregate-statistical-data/statistical-data-part-2-2023.pdf?sfvrsn=e59a601a_4,https://www.centralbank.ie/regulation/industry-market-sectors/investment-firms/supervisory-disclosures/aggregate-statistical-data,pdf,cbi-regulatory-material,regulatory-material,,,unresolved,central-bank,unknown,unreviewed,centralbank.ie host path is not authorship evidence,host-path-only:non-consultation,low,,1,unknown external-authority or tribunal candidate,pending-independent-review,,,,,,
34a0d790528ba348b5a0970f77c746341a5e5284691255386de32d71dd98a411,Re: Response to CBI Discussion Paper on Exchange Traded Funds,https://www.centralbank.ie/docs/default-source/publications/discussion-papers/discussion-paper-6/deutsche-am-response-etf-discussion-paper.pdf?sfvrsn=15baaa1d_0,https://www.centralbank.ie/publication/discussion-papers/discussion-paper-6---exchange-traded-funds,pdf,stakeholder-discussion-submission,consultation-submission,,dp6,stakeholder,stakeholder,stakeholder,rule-classified,filename-attribution:response,filename-attribution:response,high,,5,discussion-paper population,pending-independent-review,,,,,,
36135d29f1c505e18368d1f2522004dc6456062b4fe5fa469c0365686657a266,II,https://www.centralbank.ie/docs/default-source/statistics/statistical-reporting-requirements/payment-services-providers/ecb-payment-statistics-regulation-update/regulations.pdf?sfvrsn=8ba0891d_6,https://www.centralbank.ie/statistics/statistical-publications/behind-the-data/monthly-credit-and-debit-card-spending-data,pdf,cbi-statistical-material,statistical-material,,,unresolved,central-bank,unknown,unreviewed,centralbank.ie host path is not authorship evidence,host-path-only:non-consultation,low,,78,unknown external-authority or tribunal candidate,pending-independent-review,,,,,,
373fd1b39d014d8781bc7d7cde5170930a515469f294c03105f089edeb5472c6,Ulster Bank,https://www.centralbank.ie/docs/default-source/publications/discussion-papers/discussion-paper-7/ulster-bank-response-to-dp7.pdf?sfvrsn=f215b21d_2,https://www.centralbank.ie/publication/discussion-papers/discussion-paper-7---digitalisation-and-consumer-protection-code,pdf,stakeholder-discussion-submission,consultation-submission,,dp7,stakeholder,stakeholder,stakeholder,rule-classified,filename-attribution:response,filename-attribution:response,high,,7,discussion-paper population,pending-independent-review,,,,,,
3831ac4da9d173575bcf3721792e4b1923347cfffa22a34f45ca811e45e07b68,AnaCredit Reporting Manual – Part III – Case studies,https://www.centralbank.ie/docs/default-source/statistics/statistical-reporting-requirements/anacredit-in-ireland/ecb-anacredit-reporting-manual-part-iii---case-studies.pdf?sfvrsn=1713a71d_2,https://www.centralbank.ie/statistics/statistical-reporting-requirements/anacredit-in-ireland,pdf,cbi-statistical-material,statistical-material,,,unresolved,central-bank,unknown,unreviewed,centralbank.ie host path is not authorship evidence,host-path-only:non-consultation,low,,124,unknown external-authority or tribunal candidate,pending-independent-review,,,,,,
388aafc1b09cb8e1cbffd2506452a8925244df57979dfc170dab5312fa535384,DP 11 - An approach to macroprudential policy for investment funds,https://www.centralbank.ie/docs/default-source/publications/discussion-papers/discussion-paper-11/dp-11-an-approach-to-macroprudential-policy-for-investment-funds.pdf?sfvrsn=23059f1d_3,https://www.centralbank.ie/events/2024/05/20/default-calendar/conference-on-macroprudential-policy-for-investment-funds,pdf,cbi-discussion-material,consultation-or-discussion-material,,dp11,central-bank,central-bank,cbi-institutional,rule-classified,filename-cp-prefix-without-attribution,filename-cp-prefix-without-attribution,medium,Central Bank of Ireland,65,discussion-paper population,pending-independent-review,,,,,,
39151d9d4daa835f53515f05de681691bb4434509983c971da202fcf567615c6,Re: Consultation on Outsourcing: Findings & Issues for Discussion November 2018,https://www.centralbank.ie/docs/default-source/publications/discussion-papers/discussion-paper-8/iaim-response-to-dp8.pdf?sfvrsn=c396b91d_2,https://www.centralbank.ie/publication/discussion-papers/discussion-paper-8---outsourcing---findings-and-issues-for-discussion,pdf,stakeholder-discussion-submission,consultation-submission,,dp8,stakeholder,stakeholder,stakeholder,rule-classified,filename-attribution:response,filename-attribution:response,high,,4,discussion-paper population,pending-independent-review,,,,,,
396e744f809e689831bc8ed178ebf1260827eb080c6fc37167270f76dd4ed8d5,Re:  Consultation Paper 60 – Consultation on implementation of Alternative Investment Fund Managers Directive (“AIFMD”) (“CP 60”),https://www.centralbank.ie/docs/default-source/publications/consultation-papers/cp60/irish-funds-industry-association.pdf?sfvrsn=5684d51d_0,https://www.centralbank.ie/publication/consultation-papers/cp60-consultation-on-implementation-of-alternative-investment-fund-manager-directive,pdf,stakeholder-consultation-submission,consultation-submission,cp60,cp60,stakeholder,stakeholder,stakeholder,rule-classified,content-stakeholder(7v0):we welcome the opportunity;dear sir;yours sincerely,content-stakeholder(7v0):we welcome the opportunity;dear sir;yours sincerely,medium,,87,content-scored consultation edge case,pending-independent-review,,,,,,
3b64f892e21c6c62614d14b8e6ddcdadf6eb97bb399519c050a785b2e8b4e9e7,Alliance for Insurance Reform - response to DP10,https://www.centralbank.ie/docs/default-source/publications/discussion-papers/discussion-paper-10/alliance-for-insurance-reform---response-to-dp10.pdf?sfvrsn=7d319f1d_2,https://www.centralbank.ie/publication/discussion-papers/discussion-paper-10-consumer-protection-code-review,pdf,stakeholder-discussion-submission,consultation-submission,,dp10,stakeholder,stakeholder,stakeholder,rule-classified,filename-attribution:response,filename-attribution:response,high,,3,discussion-paper population,pending-independent-review,,,,,,
3d8091c12ff80cd5f4ab698998a4175f6c32d40ef3b5ba55f59b34c1c09eba94,BLACKROCK,https://www.centralbank.ie/docs/default-source/publications/consultation-papers/cp86/blackrock.pdf?sfvrsn=a7cade1d_4,https://www.centralbank.ie/publication/consultation-papers/cp86-consultation-on-fund-management-company-effectiveness-delegate-oversight,pdf,stakeholder-consultation-submission,consultation-submission,cp86,cp86,stakeholder,stakeholder,stakeholder,rule-classified,content-stakeholder(5v1):we welcome the opportunity;dear sir,content-stakeholder(5v1):we welcome the opportunity;dear sir,medium,,4,content-scored consultation edge case,pending-independent-review,,,,,,
3e95576ddb09d89ef6b47923b9d42abcf25f6f8bb1ce25ba09a89e7fda7500f2,07RT17 - The Portfolio Rebalancing Effects of the ECB Asset Purchase Programme (Bua and Dunne),https://www.centralbank.ie/docs/default-source/publications/research-technical-papers/07rt17---the-portfolio-rebalancing-effects-of-the-ecb-asset-purchase-programme.pdf?sfvrsn=2,https://www.centralbank.ie/news/article/rtp-examines-ecb-public-sector-asset-purchase-programme,pdf,cbi-research,research-paper,,,unresolved,central-bank,unknown,unreviewed,centralbank.ie host path is not authorship evidence,host-path-only:non-consultation,low,,38,unknown external-authority or tribunal candidate,pending-independent-review,,,,,,
3eaebf21af75bb5805b49f4cc104c6574f7eee509fec065b45eeba63da0017e2,ici global response to dp11,https://www.centralbank.ie/docs/default-source/publications/discussion-papers/discussion-paper-11/ici-global-response-to-dp11.pdf?sfvrsn=6325611a_8,https://www.centralbank.ie/publication/discussion-papers/discussion-paper-11-an-approach-to-macroprudential-policy-for-investment-funds,pdf,stakeholder-discussion-submission,consultation-submission,,dp11,stakeholder,stakeholder,stakeholder,rule-classified,filename-attribution:response,filename-attribution:response,high,,13,discussion-paper population,pending-independent-review,,,,,,
3f57e291cb7f6fcccf3b45465c1302903d5a09cdd21f546a5e08aec9f484bae5,Submission to Consumer Protection Code Review,https://www.centralbank.ie/docs/default-source/publications/discussion-papers/discussion-paper-10/national-adult-literacy-agency---response-to-dp10.pdf?sfvrsn=32339f1d_2,https://www.centralbank.ie/publication/discussion-papers/discussion-paper-10-consumer-protection-code-review,pdf,stakeholder-discussion-submission,consultation-submission,,dp10,stakeholder,stakeholder,stakeholder,rule-classified,filename-attribution:response,filename-attribution:response,high,,22,discussion-paper population,pending-independent-review,,,,,,
3fb5a3187d00da320bbf7aead0ccdd097b711d1e303074bb3da83f89907d3bb3,Signed Article - Long-Term Growth Prospects for the Irish Economy,https://www.centralbank.ie/docs/default-source/publications/quarterly-bulletins/quarterly-bulletin-signed-articles/long-term-growth-prospects-for-the-irish-economy.pdf?sfvrsn=653f641a_6,https://www.centralbank.ie/news/article/speech-by-gabriel-makhlouf-oecd-22-September-2025,pdf,cbi-policy-analysis,policy-analysis,,,unresolved,central-bank,unknown,unreviewed,centralbank.ie host path is not authorship evidence,host-path-only:non-consultation,low,,35,unknown external-authority or tribunal candidate,pending-independent-review,,,,,,
407a0589a2c76bfa8ab7b1f8c462bb4a8591dab95436a0f97cb7e0df501b19b3,10RT20 The ins and outs of the gender unemployment gap in the OECD (Lydon and Simmons),https://www.centralbank.ie/docs/default-source/publications/research-technical-papers/10rt20-the-ins-and-outs-of-the-gender-unemployment-gap-in-the-oecd.pdf?sfvrsn=6,https://www.centralbank.ie/news/article/speech-deputy-governor-sharon-donnery-NUI-30-Mar-2021,pdf,cbi-research,research-paper,,,unresolved,central-bank,unknown,unreviewed,centralbank.ie host path is not authorship evidence,host-path-only:non-consultation,low,,55,unknown external-authority or tribunal candidate,pending-independent-review,,,,,,
416d40da646fb7570570901c3fc049ef010eb6e17ba4329c10c662bde4a61612,1 September 2014,https://www.centralbank.ie/docs/default-source/publications/discussion-papers/discussion-paper-4/ifia---response-to-risk-appetite-discussion-paper.pdf?sfvrsn=8016d81d_2,https://www.centralbank.ie/publication/discussion-papers/discussion-paper-4---risk-appetite-discussion-paper,pdf,stakeholder-discussion-submission,consultation-submission,,dp4,stakeholder,stakeholder,stakeholder,rule-classified,filename-attribution:response,filename-attribution:response,high,,1,discussion-paper population,pending-independent-review,,,,,,
4247d9562faf69d3f442790e32e8acf9663487014bbf9059f58c75201777fba1,Payment Statistics,https://www.centralbank.ie/docs/default-source/statistics/statistical-reporting-requirements/payment-services-providers/ecb-payment-statistics-regulation-update/ecb-regulation-on-payments-statistics-update---5th-industry-engagement-event.pdf?sfvrsn=867d631a_0,https://www.centralbank.ie/statistics/statistical-reporting-requirements/payment-service-providers/ecb-payment-statistics-regulation-update,pdf,cbi-statistical-material,statistical-material,,,unresolved,central-bank,unknown,unreviewed,centralbank.ie host path is not authorship evidence,host-path-only:non-consultation,low,,12,unknown external-authority or tribunal candidate,pending-independent-review,,,,,,
4249ddf049d046ad3ab084334f2a39f016a2c13d50871c4935e14233b66fdac2,Response to Discussion Paper on Exchange Traded Funds,https://www.centralbank.ie/docs/default-source/publications/discussion-papers/discussion-paper-6/pwc-response-etf-discussion-paper.pdf?sfvrsn=e744ab1d_0,https://www.centralbank.ie/publication/discussion-papers/discussion-paper-6---exchange-traded-funds,pdf,stakeholder-discussion-submission,consultation-submission,,dp6,stakeholder,stakeholder,stakeholder,rule-classified,filename-attribution:response,filename-attribution:response,high,,3,discussion-paper population,pending-independent-review,,,,,,
44da14e4626def102b7e8f694b0ce3b284b066f6b34c4a72a6030e4d5db9faa3,insurance ireland response to dp8,https://www.centralbank.ie/docs/default-source/publications/discussion-papers/discussion-paper-8/insurance-ireland-response-to-dp8.pdf?sfvrsn=4595b91d_2,https://www.centralbank.ie/publication/discussion-papers/discussion-paper-8---outsourcing---findings-and-issues-for-discussion,pdf,stakeholder-discussion-submission,consultation-submission,,dp8,stakeholder,stakeholder,stakeholder,rule-classified,filename-attribution:response,filename-attribution:response,high,,5,discussion-paper population,pending-independent-review,,,,,,
454e5d0c2b98140ea6314223fb82cb88811dac062b5a7a325b04e746b9021886,Date: 3 November 2016,https://www.centralbank.ie/docs/default-source/publications/discussion-papers/discussion-paper-5/vanguard---discussion-paper-on-payment-of-commission-to-intermediaries.pdf?sfvrsn=f70d91d_2,https://www.centralbank.ie/publication/discussion-papers/discussion-paper-5-on-payment-of-commission-to-intermediaries,pdf,stakeholder-discussion-submission,consultation-submission,,dp5,stakeholder,stakeholder,stakeholder,manual-reviewed,opening-page issuer and response voice,adjudicated:adversarial-source-review-2026-08-31,high,Vanguard,11,discussion-paper population,pending-independent-review,,,,,,
45fe768ac93d8a4f44bd23257a7e482f00b9332bbdc46c1bdbdf5c10681c7d60,EBA BS xx Draft Annex IV (Draft CP on Amending ITS on Supervisory Disclosure).xlsx,https://www.centralbank.ie/docs/default-source/regulation/how-we-regulate/supervision/statistical-data/data-on-waivers-2019.pdf?sfvrsn=7b598a1d_2,https://www.centralbank.ie/regulation/how-we-regulate/supervision/supervisory-disclosures/statistical-data,pdf,cbi-regulatory-material,regulatory-material,,,unresolved,central-bank,unknown,unreviewed,centralbank.ie host path is not authorship evidence,host-path-only:non-consultation,low,,1,unknown external-authority or tribunal candidate,pending-independent-review,,,,,,
477b02c9188450643e1027003d0a760aaf05da7418143da035780564b62f669e,Auditor Protocol consultation,https://www.centralbank.ie/docs/default-source/publications/consultation-papers/cp56/axa.pdf?sfvrsn=47efd51d_0,https://www.centralbank.ie/publication/consultation-papers/cp56-protocol-between-the-central-bank-of-ireland-and-the-auditors-of-regulated-financial-service-providers,pdf,stakeholder-consultation-submission,consultation-submission,cp56,cp56,stakeholder,stakeholder,stakeholder,rule-classified,content-stakeholder(5v0):yours sincerely;this submission,content-stakeholder(5v0):yours sincerely;this submission,medium,,1,content-scored consultation edge case,pending-independent-review,,,,,,
4bb487f35ea5c7d310bfec82ddd656f9f4ab8f4942cb34ab00ec2e637f0abbed,Public Statement relating to Enforcement Action between the Central Bank of Ireland and Waystone Fund Management (IE) Limited (WFM),https://www.centralbank.ie/docs/default-source/news-and-media/legal-notices/settlement-agreements/settlement-notice-enforcement-action-against-waystone-fund-management-(ie)-limited-(sanctions-confirmed-by-the-high-court).pdf?sfvrsn=9ea671a_13,https://www.centralbank.ie/news/article/press-release-central-bank-takes-enforcement-action-against-waystone-fund-management-08-november-2024,pdf,cbi-speech-or-news-material,speech-or-news,,,unresolved,central-bank,unknown,unreviewed,centralbank.ie host path is not authorship evidence,host-path-only:non-consultation,low,,37,unknown external-authority or tribunal candidate,pending-independent-review,,,,,,
4bdbd92e133ada3910536c7f46cfac0a9cb95d50f4aba99f677d85ae5465fa66,"Fitness and Probity Investigations, Suspensions and Prohibitions: Guidance",https://www.centralbank.ie/docs/default-source/regulation/how-we-regulate/fitness-probity/enforcement/fitness-and-probity-investigations-suspensions-and-prohibitions-guidance-(april-2023).pdf,https://www.centralbank.ie/news/article/press-release-central-bank-statement-on-high-court-judgment-17-april-2026,pdf,cbi-regulatory-material,regulatory-material,,,unresolved,central-bank,unknown,unreviewed,centralbank.ie host path is not authorship evidence,host-path-only:non-consultation,low,,39,unknown external-authority or tribunal candidate,pending-independent-review,,,,,,
4bef9df3010fcf48cc991e0e7d5041cb78de47e1c764bbf41b2865f04fcefc9a,Response Information,https://www.centralbank.ie/docs/default-source/publications/discussion-papers/discussion-paper-10/irish-mifid-industry-association---response-to-dp10.pdf?sfvrsn=193e9f1d_2,https://www.centralbank.ie/publication/discussion-papers/discussion-paper-10-consumer-protection-code-review,pdf,stakeholder-discussion-submission,consultation-submission,,dp10,stakeholder,stakeholder,stakeholder,rule-classified,filename-attribution:response,filename-attribution:response,high,,14,discussion-paper population,pending-independent-review,,,,,,
4d4c272bf43a20f207202389472f3f000489ae3a8234de40ffa488017e307800,Wupsil Response to,https://www.centralbank.ie/docs/default-source/publications/discussion-papers/discussion-paper-8/wupsil-response-to-dp8.pdf?sfvrsn=8b96b91d_2,https://www.centralbank.ie/publication/discussion-papers/discussion-paper-8---outsourcing---findings-and-issues-for-discussion,pdf,stakeholder-discussion-submission,consultation-submission,,dp8,stakeholder,stakeholder,stakeholder,rule-classified,filename-attribution:response,filename-attribution:response,high,,7,discussion-paper population,pending-independent-review,,,,,,
4dc3ebc539093853ec39ae47a0ca6e8653772a9f64df0264f360a52c4a45ff1a,Microsoft Word - 6542956_3.DOC,https://www.centralbank.ie/docs/default-source/publications/consultation-papers/cp60/mccann-fitzgerald.pdf?sfvrsn=1185d51d_0,https://www.centralbank.ie/publication/consultation-papers/cp60-consultation-on-implementation-of-alternative-investment-fund-manager-directive,pdf,stakeholder-consultation-submission,consultation-submission,cp60,cp60,stakeholder,stakeholder,stakeholder,rule-classified,content-stakeholder(5v1):dear sir;response to consultation paper,content-stakeholder(5v1):dear sir;response to consultation paper,medium,,3,content-scored consultation edge case,pending-independent-review,,,,,,
4e4abb17110feb81b620802f15c6bbd6f397c9fa5d2105f3138cb9faf41626ad,CP 86 Central Bank Fund Management Company Effectiveness Delegate Oversight Consultation,https://www.centralbank.ie/docs/default-source/publications/consultation-papers/cp86/matheson.pdf?sfvrsn=64c9de1d_4,https://www.centralbank.ie/publication/consultation-papers/cp86-consultation-on-fund-management-company-effectiveness-delegate-oversight,pdf,stakeholder-consultation-submission,consultation-submission,cp86,cp86,stakeholder,stakeholder,stakeholder,rule-classified,content-stakeholder(5v0):we welcome the opportunity;dear sir,content-stakeholder(5v0):we welcome the opportunity;dear sir,medium,,4,content-scored consultation edge case,pending-independent-review,,,,,,
4e857613e8515248533d837f957ca1cd65f9d2738ee6d15fdb7da45a18a460be,Response of the Pensions Council to the Discussion Paper published by the Central Bank on the Payment of Commission to Intermediaries,https://www.centralbank.ie/docs/default-source/publications/discussion-papers/discussion-paper-5/pensions-council---discussion-paper-on-payment-of-commission-to-intermediaries.pdf?sfvrsn=1570d91d_2,https://www.centralbank.ie/publication/discussion-papers/discussion-paper-5-on-payment-of-commission-to-intermediaries,pdf,stakeholder-discussion-submission,consultation-submission,,dp5,stakeholder,stakeholder,stakeholder,manual-reviewed,opening-page issuer and response voice,adjudicated:adversarial-source-review-2026-08-31,high,The Pensions Council,4,discussion-paper population,pending-independent-review,,,,,,
4f080a64523db7be18a740a3807dc309159cd8f558fa3b2e41ea2e50ed76a6ae,ECB Listens Event Report - Business and Civil Society,https://www.centralbank.ie/docs/default-source/monetary-policy/european-central-bank-strategy-review/ecb-listens-event-report---business-and-civil-society.pdf?sfvrsn=a19f8e1d_6,https://www.centralbank.ie/monetary-policy/european-central-bank-strategy-review,pdf,other-cbi-material,other,,,unresolved,central-bank,unknown,unreviewed,centralbank.ie host path is not authorship evidence,host-path-only:non-consultation,low,,6,unknown external-authority or tribunal candidate,pending-independent-review,,,,,,
4f641edd03266585a809045fa67de9c19644cae42dafd2ecfee524960a7aa109,EBA IF NCA disclosure ITS - Annex II 2026.xlsx,https://www.centralbank.ie/docs/default-source/regulation/industry-market-sectors/investment-firms/supervisory-disclosures/options-and-national-discretions/options-and-national-discretions-part-1.pdf?sfvrsn=e922971d_16,https://www.centralbank.ie/regulation/industry-market-sectors/investment-firms/supervisory-disclosures/options-and-national-discretions,pdf,cbi-regulatory-material,regulatory-material,,,unresolved,central-bank,unknown,unreviewed,centralbank.ie host path is not authorship evidence,host-path-only:non-consultation,low,,7,unknown external-authority or tribunal candidate,pending-independent-review,,,,,,
500a67e1fb37b0e120561ebd3de6b5f86952e2a33b880600b0e5fd77bd0c4c4b,EBA BS xx Draft Annex III (Draft CP on Amending ITS on Supervisory Disclosure).xlsx,https://www.centralbank.ie/docs/default-source/regulation/how-we-regulate/supervision/rules-and-guidance/gns-4-1-2-2-1-specific-disclosure-requirements.pdf?sfvrsn=d87ed61d_23,https://www.centralbank.ie/regulation/how-we-regulate/supervision/supervisory-disclosures/rules-and-guidance,pdf,cbi-regulatory-material,regulatory-material,,,unresolved,central-bank,unknown,unreviewed,centralbank.ie host path is not authorship evidence,host-path-only:non-consultation,low,,1,unknown external-authority or tribunal candidate,pending-independent-review,,,,,,
50d69f116d3b0205731ad02df82ee15e8247b709dbda448438114f6a5e3a54a6,By Email: AIFMDconsultation@centralbank.ie,https://www.centralbank.ie/docs/default-source/publications/consultation-papers/cp60/matheson.pdf?sfvrsn=3a85d51d_0,https://www.centralbank.ie/publication/consultation-papers/cp60-consultation-on-implementation-of-alternative-investment-fund-manager-directive,pdf,stakeholder-consultation-submission,consultation-submission,cp60,cp60,stakeholder,stakeholder,stakeholder,rule-classified,content-stakeholder(13v1):we welcome the opportunity;dear sir;yours faithfully,content-stakeholder(13v1):we welcome the opportunity;dear sir;yours faithfully,medium,,14,content-scored consultation edge case,pending-independent-review,,,,,,
514111c181a2ac825ec55af7f2ad48bad88087598f9a53b8028d5b215113df39,Response Information,https://www.centralbank.ie/docs/default-source/publications/discussion-papers/discussion-paper-10/irish-national-organisation-of-the-unemployed---response-to-dp10.pdf?sfvrsn=2b3e9f1d_5,https://www.centralbank.ie/publication/discussion-papers/discussion-paper-10-consumer-protection-code-review,pdf,stakeholder-discussion-submission,consultation-submission,,dp10,stakeholder,stakeholder,stakeholder,rule-classified,filename-attribution:response,filename-attribution:response,high,,10,discussion-paper population,pending-independent-review,,,,,,
51c24ef5b6283b97337ece8ccb713a353430840f75fab5f678ceeb63d3c2000e,EBA BS xx Draft Annex IV (Draft CP on Amending ITS on Supervisory Disclosure).xlsx,https://www.centralbank.ie/docs/default-source/regulation/how-we-regulate/supervision/statistical-data/operational-risk-data-2019.pdf?sfvrsn=d55a8a1d_2,https://www.centralbank.ie/regulation/how-we-regulate/supervision/supervisory-disclosures/statistical-data,pdf,cbi-regulatory-material,regulatory-material,,,unresolved,central-bank,unknown,unreviewed,centralbank.ie host path is not authorship evidence,host-path-only:non-consultation,low,,1,unknown external-authority or tribunal candidate,pending-independent-review,,,,,,
52016b350234c5060a299c795a8746751d036aa10261fe2decd216f0729b4ada,feedback cp78 final version for 28 july,https://www.centralbank.ie/docs/default-source/publications/consultation-papers/cp78/feedback-cp78-final-version-for-28-july.pdf?sfvrsn=46a2de1d_4,https://www.centralbank.ie/publication/consultation-papers/cp78-carrying-out-depositary-duties-in-accordance-with-article-36-of-aifmd,pdf,cbi-consultation-material,consultation-or-discussion-material,cp78,cp78,central-bank,central-bank,cbi-institutional,rule-classified,content-cbi(3v0):feedback statement,content-cbi(3v0):feedback statement,medium,Central Bank of Ireland,7,content-scored consultation edge case,pending-independent-review,,,,,,
53cafda3c4c85c8d6e4ef4ce498126a394e83ab554cdc5744783030f88ed8ba0,Review of the Requirements for the management of Liquidity Risk,https://www.centralbank.ie/docs/default-source/publications/discussion-papers/discussion-paper-1/review-of-the-requirements-for-the-management-of-liquidity-risk.pdf?sfvrsn=6440d81d_8,https://www.centralbank.ie/publication/discussion-papers/discussion-on-review-of-the-requirements-for-the-management-of-liquidity-risk,pdf,cbi-discussion-material,consultation-or-discussion-material,,dp1,central-bank,central-bank,cbi-institutional,rule-classified,filename-cbi-doctype:requirements,filename-cbi-doctype:requirements,high,Central Bank of Ireland,36,discussion-paper population,pending-independent-review,,,,,,
542deb9e1ef17514a83c06b355a0bd48f73751f39b64795f5382e335f2bd9b77,Questions and Answers On the Market Abuse Regulation,https://www.centralbank.ie/docs/default-source/regulation/industry-market-sectors/securities-markets/market-abuse-regulation/esma-guidelines-and-recommendations/market-abuse-regulation.pdf?sfvrsn=72f9dc1d_2,https://www.centralbank.ie/regulation/markets-update/esma-guidelines-and-recommendations/markets-update-issue-7-2016/esma-(european-securities-and-markets-authority)/esma-issues-q-as-on-the-implementation-of-mar,pdf,cbi-regulatory-material,regulatory-material,,,unresolved,central-bank,unknown,unreviewed,centralbank.ie host path is not authorship evidence,host-path-only:non-consultation,low,,11,unknown external-authority or tribunal candidate,pending-independent-review,,,,,,
549fc397e9a8e296f12772b5144b6f0df5855566348c5e400bab32bfe5d567ef,Northern Trust,https://www.centralbank.ie/docs/default-source/publications/consultation-papers/cp60/northern-trust-(ireland)-limited.pdf?sfvrsn=7485d51d_0,https://www.centralbank.ie/publication/consultation-papers/cp60-consultation-on-implementation-of-alternative-investment-fund-manager-directive,pdf,stakeholder-consultation-submission,consultation-submission,cp60,cp60,stakeholder,stakeholder,stakeholder,rule-classified,content-stakeholder(7v0):we welcome the opportunity;dear sir;yours sincerely,content-stakeholder(7v0):we welcome the opportunity;dear sir;yours sincerely,medium,,1,content-scored consultation edge case,pending-independent-review,,,,,,
5567dd6ddff4d756cc77596e84af3e8a03df53047bdb3d08e39b7fc5c4a11259,Archive profile,https://www.centralbank.ie/docs/default-source/statistics/statistical-reporting-requirements/payment-services-providers/ecb-payment-statistics-regulation-update/reporting-instructions-v9.zip?sfvrsn=55a3691a_1,https://www.centralbank.ie/statistics/statistical-reporting-requirements/payment-service-providers/ecb-payment-statistics-regulation-update,ZIP,cbi-statistical-material,statistical-material,,,unresolved,central-bank,unknown,unreviewed,centralbank.ie host path is not authorship evidence,host-path-only:non-consultation,low,,11,unknown external-authority or tribunal candidate,pending-independent-review,,,,,,
55aa24840f43906b4926bb3dedd39f4b1777e2b006bde47a749b5e179cc5f046,Consumer Protection Code Review,https://www.centralbank.ie/docs/default-source/publications/discussion-papers/discussion-paper-10/competition-and-consumer-protection-commission---response-to-dp10.pdf?sfvrsn=3b329f1d_2,https://www.centralbank.ie/publication/discussion-papers/discussion-paper-10-consumer-protection-code-review,pdf,stakeholder-discussion-submission,consultation-submission,,dp10,stakeholder,stakeholder,stakeholder,rule-classified,filename-attribution:response,filename-attribution:response,high,,41,discussion-paper population,pending-independent-review,,,,,,
55f4eb8e6d5bbf022e136a5ed4b6dcbfcbd4b20c427a5c60f9f4a6ba667f1aaa,THE HIGH COURT,https://www.centralbank.ie/docs/default-source/regulation/industry-market-sectors/investment-firms/custom-house-capital/high-court-order-219-custom-house-capital-21october-2011.pdf?sfvrsn=2a5aa21d_4,https://www.centralbank.ie/news/article/update-on-custom-house-capital,pdf,cbi-regulatory-material,regulatory-material,,,unresolved,central-bank,unknown,unreviewed,centralbank.ie host path is not authorship evidence,host-path-only:non-consultation,low,,8,unknown external-authority or tribunal candidate,pending-independent-review,,,,,,
5654fd8057498e143dc80e4bbf4482217703974f111f764e3613335fe66e83bc,EBA IF NCA disclosure ITS - Annex IV 2026.xlsx,https://www.centralbank.ie/docs/default-source/regulation/industry-market-sectors/investment-firms/supervisory-disclosures/aggregate-statistical-data/part-2-data-on-market-risk-2025.pdf?sfvrsn=fe02711a_3,https://www.centralbank.ie/regulation/industry-market-sectors/investment-firms/supervisory-disclosures/aggregate-statistical-data,pdf,cbi-regulatory-material,regulatory-material,,,unresolved,central-bank,unknown,unreviewed,centralbank.ie host path is not authorship evidence,host-path-only:non-consultation,low,,1,unknown external-authority or tribunal candidate,pending-independent-review,,,,,,
56db1582990e3bac96bafc8f244ccc7eb5496f25a085b20d9822dcf51a13c44d,uIrish Brokers submission to the Financial Regulator on minimum competency requirements for Private Medical Insurance/u,https://www.centralbank.ie/docs/default-source/publications/consultation-papers/cp37/irish-brokers-association.pdf?sfvrsn=49aad51d_0,https://www.centralbank.ie/publication/consultation-papers/cp37-limited-consultation-on-minimum-competency-requirements-for-private-medical-insurance,pdf,stakeholder-consultation-submission,consultation-submission,cp37,cp37,stakeholder,stakeholder,stakeholder,rule-classified,content-stakeholder(3v0):submission to the financial regulator,content-stakeholder(3v0):submission to the financial regulator,medium,,3,content-scored consultation edge case,pending-independent-review,,,,,,
56eb40d753973cfc366869e56e4da5406c3c4ea2f07ce3d43e52c6910bb166da,"Taking into consideration the Heads of Bill, the Joint Committee Report on",https://www.centralbank.ie/docs/default-source/publications/discussion-papers/discussion-paper-4/credit-union-development-association-(cuda)---response-to-risk-appetite-discussion-paper.pdf?sfvrsn=9316d81d_2,https://www.centralbank.ie/publication/discussion-papers/discussion-paper-4---risk-appetite-discussion-paper,pdf,stakeholder-discussion-submission,consultation-submission,,dp4,stakeholder,stakeholder,stakeholder,rule-classified,filename-attribution:response,filename-attribution:response,high,,15,discussion-paper population,pending-independent-review,,,,,,
577f54ad8c86f2984a6cef900f6a8f271e7a0f65de2b7ac6d211d19466fa2372,Discussion Paper 6 Exchange Traded Funds,https://www.centralbank.ie/docs/default-source/publications/discussion-papers/discussion-paper-6/discussion-paper-6---exchange-traded-funds.pdf?sfvrsn=4d1ba61d_8,https://www.centralbank.ie/news/article/feedback-statement-exchange-traded-funds-14-septermber-2018,pdf,cbi-discussion-material,consultation-or-discussion-material,,dp6,central-bank,central-bank,cbi-institutional,rule-classified,filename-cbi-doctype:discussion-paper,filename-cbi-doctype:discussion-paper,high,Central Bank of Ireland,100,discussion-paper population,pending-independent-review,,,,,,
582790f2d6e1381262d8764934c83cc030a591bc15ccf6da75098ec9a019c56c,Regulation (EC) No 25/2009 of the European Central Bank of 19 December 2008 concerning the balance sheet of the monetary financial institutions sector (Recast) (ECB/2008/32),https://www.centralbank.ie/docs/default-source/statistics/statistical-reporting-requirements/credit-institutions/reporting-requirements-(june-2010---november-2014)/final-bsi-regulation.pdf?sfvrsn=1e8d61d_4,https://www.centralbank.ie/statistics/statistical-reporting-requirements/credit-institutions/reporting-requirements-june-2010---november-2014,pdf,cbi-statistical-material,statistical-material,,,unresolved,central-bank,unknown,unreviewed,centralbank.ie host path is not authorship evidence,host-path-only:non-consultation,low,,49,unknown external-authority or tribunal candidate,pending-independent-review,,,,,,
5957b8510ab291a2b463b9fd5d29c04c7d5bdb707779622d10104d32e74d3ae1,HSBC,https://www.centralbank.ie/docs/default-source/publications/discussion-papers/discussion-paper-6/hsbc-response-etf-discussion-paper.pdf?sfvrsn=81bbaa1d_0,https://www.centralbank.ie/publication/discussion-papers/discussion-paper-6---exchange-traded-funds,pdf,stakeholder-discussion-submission,consultation-submission,,dp6,stakeholder,stakeholder,stakeholder,rule-classified,filename-attribution:response,filename-attribution:response,high,,7,discussion-paper population,pending-independent-review,,,,,,
5aa4c2225eb9e566325f4551e199d0413d1ca60fdc4cca6270dffbab37e036ff,ISE Memo,https://www.centralbank.ie/docs/default-source/publications/consultation-papers/cp60/irish-stock-exchange.pdf?sfvrsn=ad85d51d_0,https://www.centralbank.ie/publication/consultation-papers/cp60-consultation-on-implementation-of-alternative-investment-fund-manager-directive,pdf,stakeholder-consultation-submission,consultation-submission,cp60,cp60,stakeholder,stakeholder,stakeholder,rule-classified,content-stakeholder(6v0):welcomes the opportunity to comment;response to the consultation,content-stakeholder(6v0):welcomes the opportunity to comment;response to the consultation,medium,,5,content-scored consultation edge case,pending-independent-review,,,,,,
5b0773ffc31a3b2feaf439d05a722401e13f2d589e8d2b72c3c467cc232b4da4,Notice of Intention in relation to ESMA Guidelines on stress testing scenarios under the MMF Regulations - 2026,https://www.centralbank.ie/docs/default-source/regulation/industry-market-sectors/funds/industry-communications/notice-of-intention-esma-guidelines-on-stress-testing-scenarios-under-the-mmf-regulations.pdf?sfvrsn=9477701a_5,https://www.centralbank.ie/regulation/industry-market-sectors/funds/industry-communications,pdf,cbi-regulatory-material,regulatory-material,,,unresolved,central-bank,unknown,unreviewed,centralbank.ie host path is not authorship evidence,host-path-only:non-consultation,low,,3,unknown external-authority or tribunal candidate,pending-independent-review,,,,,,
5b8b4eba34c61a3c8f076a912ef295db05033d84dddc244926843bd6d08a408e,Response Information,https://www.centralbank.ie/docs/default-source/publications/discussion-papers/discussion-paper-10/fpai---response-to-dp10.pdf?sfvrsn=883f9f1d_2,https://www.centralbank.ie/publication/discussion-papers/discussion-paper-10-consumer-protection-code-review,pdf,stakeholder-discussion-submission,consultation-submission,,dp10,stakeholder,stakeholder,stakeholder,rule-classified,filename-attribution:response,filename-attribution:response,high,,13,discussion-paper population,pending-independent-review,,,,,,
5baf2b8bdfae870923d4fa3bf369867a875f37e3e5f9c023e507ae063cc01d1b,Voluntary Consumer protection Code for Credit Unions,https://www.centralbank.ie/docs/default-source/publications/consultation-papers/cp32/money-advice-and-budgeting-services.pdf?sfvrsn=ecced51d_4,https://www.centralbank.ie/publication/consultation-papers/cp32-voluntary-consumer-protection-code-for-credit-unions,pdf,stakeholder-consultation-submission,consultation-submission,cp32,cp32,stakeholder,stakeholder,stakeholder,rule-classified,content-stakeholder(5v1):our response to;mabs submission,content-stakeholder(5v1):our response to;mabs submission,medium,,2,content-scored consultation edge case,pending-independent-review,,,,,,
5c6f67a4390a998cc0fb005ff339afb1c7ed757744e4d3aad0b359edeca090cc,Ask About Money - response to DP10,https://www.centralbank.ie/docs/default-source/publications/discussion-papers/discussion-paper-10/ask-about-money---response-to-dp10.pdf?sfvrsn=e5329f1d_2,https://www.centralbank.ie/publication/discussion-papers/discussion-paper-10-consumer-protection-code-review,pdf,stakeholder-discussion-submission,consultation-submission,,dp10,stakeholder,stakeholder,stakeholder,rule-classified,filename-attribution:response,filename-attribution:response,high,,9,discussion-paper population,pending-independent-review,,,,,,
5c88675998e941e3c7e4146196e1bbae37ce39c558ba9955e45ef3fa4de08e54,RE: Discussion Paper: An Approach to Macroprudential Policy for Investment Funds,https://www.centralbank.ie/docs/default-source/publications/discussion-papers/discussion-paper-11/blackrock-response-to-dp11.pdf?sfvrsn=d62f611a_1,https://www.centralbank.ie/publication/discussion-papers/discussion-paper-11-an-approach-to-macroprudential-policy-for-investment-funds,pdf,stakeholder-discussion-submission,consultation-submission,,dp11,stakeholder,stakeholder,stakeholder,rule-classified,filename-attribution:response,filename-attribution:response,high,,22,discussion-paper population,pending-independent-review,,,,,,
5c8e48437146a7770aaa6256ac759132a2446a774b0a51b5bbfdedd38f88909d,feedback paper on requirements for the management of liquidity risk,https://www.centralbank.ie/docs/default-source/publications/discussion-papers/discussion-paper-1/feedback-paper-on-requirements-for-the-management-of-liquidity-risk.pdf?sfvrsn=9c41d81d_2,https://www.centralbank.ie/publication/discussion-papers/discussion-on-review-of-the-requirements-for-the-management-of-liquidity-risk,pdf,cbi-discussion-material,consultation-or-discussion-material,,dp1,central-bank,central-bank,cbi-institutional,rule-classified,filename-cbi-doctype:requirements,filename-cbi-doctype:requirements,high,Central Bank of Ireland,26,discussion-paper population,pending-independent-review,,,,,,
5c94dd9c95467a6a0f7dde76c17aadbc37c5b86f0c105bfd353f936b9f89dc51,ESRB ESMA liquidity risk project - letter to Fund Management Companies,https://www.centralbank.ie/docs/default-source/regulation/industry-market-sectors/funds/industry-communications/esrb-esma-liquidity-risk-project---letter-to-fund-management-companies-10-march-2021.pdf?sfvrsn=73238e1d_10,https://www.centralbank.ie/regulation/industry-market-sectors/funds/industry-communications,pdf,cbi-regulatory-material,regulatory-material,,,unresolved,central-bank,unknown,unreviewed,centralbank.ie host path is not authorship evidence,host-path-only:non-consultation,low,,5,unknown external-authority or tribunal candidate,pending-independent-review,,,,,,
5caf781c618e1b248ba0d0b053f1e02a281b18e136fa424b2840aa5a31aa307f,Discussion Paper 7 Digitalisation and Consumer Protection Code,https://www.centralbank.ie/docs/default-source/publications/discussion-papers/discussion-paper-7/discussion-paper-7-digitalisation-and-consumer-protection-code.pdf?sfvrsn=e13aa41d_2,https://www.centralbank.ie/news/article/DervilleRowlandEIFSPeechOct2018,pdf,cbi-discussion-material,consultation-or-discussion-material,,dp7,central-bank,central-bank,cbi-institutional,rule-classified,filename-cbi-doctype:discussion-paper,filename-cbi-doctype:discussion-paper,high,Central Bank of Ireland,66,discussion-paper population,pending-independent-review,,,,,,
5cef261421ce54586912cd18da0d6938d728210c7a7cf42f740e95f2e6ab52d5,EBA BS xx Draft Annex III (Draft CP on Amending ITS on Supervisory Disclosure).xlsx,https://www.centralbank.ie/docs/default-source/regulation/how-we-regulate/supervision/rules-and-guidance/gns-4-1-2-2-1-regulatory-and-financial-reporting.pdf?sfvrsn=eb7ed61d_23,https://www.centralbank.ie/regulation/how-we-regulate/supervision/supervisory-disclosures/rules-and-guidance,pdf,cbi-regulatory-material,regulatory-material,,,unresolved,central-bank,unknown,unreviewed,centralbank.ie host path is not authorship evidence,host-path-only:non-consultation,low,,1,unknown external-authority or tribunal candidate,pending-independent-review,,,,,,
5d41f543414b09df7dc6b496157402b951df41ec8978b404aed2d2f9d678d64a,Annex I,https://www.centralbank.ie/docs/default-source/publications/discussion-papers/discussion-paper-6/afg-response-etf-discussion-paper.pdf?sfvrsn=a3baaa1d_0,https://www.centralbank.ie/publication/discussion-papers/discussion-paper-6---exchange-traded-funds,pdf,stakeholder-discussion-submission,consultation-submission,,dp6,stakeholder,stakeholder,stakeholder,rule-classified,filename-attribution:response,filename-attribution:response,high,,11,discussion-paper population,pending-independent-review,,,,,,
5e327d000c62a5b4c3f41dfe11ee715095f01d5d848da5c5fef18c732f157c88,Central Bank of Ireland,https://www.centralbank.ie/docs/default-source/publications/discussion-papers/discussion-paper-10/sage-advocacy---response-to-dp10.pdf?sfvrsn=a3339f1d_2,https://www.centralbank.ie/publication/discussion-papers/discussion-paper-10-consumer-protection-code-review,pdf,stakeholder-discussion-submission,consultation-submission,,dp10,stakeholder,stakeholder,stakeholder,rule-classified,filename-attribution:response,filename-attribution:response,high,,15,discussion-paper population,pending-independent-review,,,,,,
5f0debbe8760f3be89f0f8bf56affc7c4b42b76fb698439bd0595b1789d5bca1,"Guideline of the European Central Bank of 4 December 2009 amending Guideline ECB/2007/9 on monetary, financial institutions and markets statistics (ECB/2009/23)",https://www.centralbank.ie/docs/default-source/statistics/statistical-reporting-requirements/credit-institutions/reporting-requirements-(june-2010---november-2014)/guideline_2009_23.pdf?sfvrsn=ae8d61d_4,https://www.centralbank.ie/statistics/statistical-reporting-requirements/credit-institutions/reporting-requirements-june-2010---november-2014,pdf,cbi-statistical-material,statistical-material,,,unresolved,central-bank,unknown,unreviewed,centralbank.ie host path is not authorship evidence,host-path-only:non-consultation,low,,42,unknown external-authority or tribunal candidate,pending-independent-review,,,,,,
60286d6e1bbd76771fe4cf82e8c46de9bdd87c4c091719cd5c59d9dc6b84bce1,Dundrum Credit Union limited,https://www.centralbank.ie/docs/default-source/publications/consultation-papers/cp32/dundrum-credit-union-limited.pdf?sfvrsn=86dfd51d_4,https://www.centralbank.ie/publication/consultation-papers/cp32-voluntary-consumer-protection-code-for-credit-unions,pdf,stakeholder-consultation-submission,consultation-submission,cp32,cp32,stakeholder,stakeholder,stakeholder,rule-classified,content-stakeholder(3v0):response to consultation paper,content-stakeholder(3v0):response to consultation paper,medium,,11,content-scored consultation edge case,pending-independent-review,,,,,,
611b197b1381d258b71b7aa1fa850e20faa192a9f51c9dbf6ba78fe4ebda0572,Insurance Ireland comments on the CBI Discussion Paper on Review of the Consumer Protection Code,https://www.centralbank.ie/docs/default-source/publications/discussion-papers/discussion-paper-10/insurance-ireland---response-to-dp10.pdf?sfvrsn=d339f1d_2,https://www.centralbank.ie/publication/discussion-papers/discussion-paper-10-consumer-protection-code-review,pdf,stakeholder-discussion-submission,consultation-submission,,dp10,stakeholder,stakeholder,stakeholder,rule-classified,filename-attribution:response,filename-attribution:response,high,,27,discussion-paper population,pending-independent-review,,,,,,
614120d324f6d90e0c8d0d6f362627d50a9fd71c231f81cdb15c722df9689298,Microsoft Word - 20141212 CB CP86,https://www.centralbank.ie/docs/default-source/publications/consultation-papers/cp86/a-r-c-directors-(-ireland)-ltd.pdf?sfvrsn=8bcade1d_4,https://www.centralbank.ie/publication/consultation-papers/cp86-consultation-on-fund-management-company-effectiveness-delegate-oversight,pdf,stakeholder-consultation-submission,consultation-submission,cp86,cp86,stakeholder,stakeholder,stakeholder,rule-classified,content-stakeholder(4v1):dear sir;yours sincerely,content-stakeholder(4v1):dear sir;yours sincerely,medium,,4,content-scored consultation edge case,pending-independent-review,,,,,,
61719cceff05fedf044e4111d6d9b66f5e9d3f4e274870c1cd2799503fcc565d,1supst/sup September 2014,https://www.centralbank.ie/docs/default-source/publications/discussion-papers/discussion-paper-4/aon-insurance-managers-(dublin)-limited---response-to-risk-appetite-discussion-paper.pdf?sfvrsn=5015d81d_2,https://www.centralbank.ie/publication/discussion-papers/discussion-paper-4---risk-appetite-discussion-paper,pdf,stakeholder-discussion-submission,consultation-submission,,dp4,stakeholder,stakeholder,stakeholder,rule-classified,filename-attribution:response,filename-attribution:response,high,,2,discussion-paper population,pending-independent-review,,,,,,
61f5d112f2bf2099c24f77273da6d4db7958fa5fb03e70eb4ab5dcb26da02966,Alternative Investment Management Association,https://www.centralbank.ie/docs/default-source/publications/consultation-papers/cp60/alternative-investment-management-association.pdf?sfvrsn=8f84d51d_0,https://www.centralbank.ie/publication/consultation-papers/cp60-consultation-on-implementation-of-alternative-investment-fund-manager-directive,pdf,stakeholder-consultation-submission,consultation-submission,cp60,cp60,stakeholder,stakeholder,stakeholder,rule-classified,content-stakeholder(5v1):dear sir;appreciates the opportunity,content-stakeholder(5v1):dear sir;appreciates the opportunity,medium,,3,content-scored consultation edge case,pending-independent-review,,,,,,
62abfc5e5f8f4b4dfa3bba81207926ecf77cb0487b1eb7683eac20d46b1de0b3,"Vol 2020, No.8, Monetary Policy in Times of Crisis (Holton, Parle, Phelan and Stuart)",https://www.centralbank.ie/docs/default-source/publications/economic-letters/vol-2020-no-8-monetary-policy-in-times-of-crisis-(holton-parle-phelan-and-stuart).pdf?sfvrsn=4,https://www.centralbank.ie/news/article/blog-euro-area-outlook-fiscal-policy-ECB-review,pdf,cbi-research,research-paper,,,unresolved,central-bank,unknown,unreviewed,centralbank.ie host path is not authorship evidence,host-path-only:non-consultation,low,,12,unknown external-authority or tribunal candidate,pending-independent-review,,,,,,
632b45316fc1f91cc1586679c9be81596c439a03c0ee5a59ea2ca37813ffad53,uIntroduction/u,https://www.centralbank.ie/docs/default-source/publications/discussion-papers/discussion-paper-7/post-insurance-response-to-dp7.pdf?sfvrsn=ba15b21d_2,https://www.centralbank.ie/publication/discussion-papers/discussion-paper-7---digitalisation-and-consumer-protection-code,pdf,stakeholder-discussion-submission,consultation-submission,,dp7,stakeholder,stakeholder,stakeholder,rule-classified,filename-attribution:response,filename-attribution:response,high,,3,discussion-paper population,pending-independent-review,,,,,,
647110bb5761c87933ac934917b885ea34ac5ba9562ce665cdbbc990416908b0,EBA BS xx Draft Annex IV (Draft CP on Amending ITS on Supervisory Disclosure).xlsx,https://www.centralbank.ie/docs/default-source/regulation/industry-market-sectors/investment-firms/supervisory-disclosures/aggregate-statistical-data/statistical-data-part-4-2022.pdf?sfvrsn=27959e1d_3,https://www.centralbank.ie/regulation/industry-market-sectors/investment-firms/supervisory-disclosures/aggregate-statistical-data,pdf,cbi-regulatory-material,regulatory-material,,,unresolved,central-bank,unknown,unreviewed,centralbank.ie host path is not authorship evidence,host-path-only:non-consultation,low,,1,unknown external-authority or tribunal candidate,pending-independent-review,,,,,,
649605eae63e415a98aa59d6e2d772bac1da6c03867c11f282aebd6a5fcce9f3,Notice of Intention in relation to ESMA Guidelines on stress test scenarios under MMFR Regulation,https://www.centralbank.ie/docs/default-source/regulation/industry-market-sectors/funds/industry-communications/notice-of-intention-in-relation-to-esma-guidelines.pdf?sfvrsn=2bd1991d_3,https://www.centralbank.ie/regulation/industry-market-sectors/funds/industry-communications,pdf,cbi-regulatory-material,regulatory-material,,,unresolved,central-bank,unknown,unreviewed,centralbank.ie host path is not authorship evidence,host-path-only:non-consultation,low,,3,unknown external-authority or tribunal candidate,pending-independent-review,,,,,,
64a3a4bdac0100d599ab9030efc514da4abfb291d6a140acbe96ce2404395c92,THE HIGH COURT,https://www.centralbank.ie/docs/default-source/regulation/industry-market-sectors/investment-firms/custom-house-capital/judgment-8july2011.pdf?sfvrsn=215aa21d_4,https://www.centralbank.ie/news/article/update-on-custom-house-capital,pdf,cbi-regulatory-material,regulatory-material,,,unresolved,central-bank,unknown,unreviewed,centralbank.ie host path is not authorship evidence,host-path-only:non-consultation,low,,12,unknown external-authority or tribunal candidate,pending-independent-review,,,,,,
64c4e638c85b1a8caaf9dfba822e905a4cfb91f0b51f8a04f7bc6697b9ffe6f9,Update of the ECB Regulation on payments statistics,https://www.centralbank.ie/docs/default-source/regulation/industry-market-sectors/credit-unions/communications/presentations/update-of-the-ecb-regulation-on-payments-statistics.pdf?sfvrsn=5859921d_2,https://www.centralbank.ie/regulation/industry-market-sectors/credit-unions/communications,pdf,cbi-regulatory-material,regulatory-material,,,unresolved,central-bank,unknown,unreviewed,centralbank.ie host path is not authorship evidence,host-path-only:non-consultation,low,,8,unknown external-authority or tribunal candidate,pending-independent-review,,,,,,
672fd9ffa97a0e575b15839a85d9d5966f322a4ae47b38c71f43da4a658df644,markCBI Consumer Protection Code Review 2022/mark,https://www.centralbank.ie/docs/default-source/publications/discussion-papers/discussion-paper-10/dorothea-dowling---response-to-dp10.pdf?sfvrsn=58329f1d_2,https://www.centralbank.ie/publication/discussion-papers/discussion-paper-10-consumer-protection-code-review,pdf,stakeholder-discussion-submission,consultation-submission,,dp10,stakeholder,stakeholder,stakeholder,rule-classified,filename-attribution:response,filename-attribution:response,high,,12,discussion-paper population,pending-independent-review,,,,,,
67ff84f2ef17a29d738d31ab4cf156df6ebd511dbfb9fcda097913b43900b7f0,Competition Authority Submission - Discussion Paper on Switching Code,https://www.centralbank.ie/docs/default-source/publications/discussion-papers/disucssion-paper-2/dis-2-discussion-paper-on-switching.pdf?sfvrsn=d042d81d_12,https://www.centralbank.ie/publication/discussion-papers/discussion-paper-on-the-code-of-conduct-on-the-switching-of-current-accounts-with-credit-institutions,pdf,cbi-discussion-material,consultation-or-discussion-material,,dp2,central-bank,central-bank,cbi-institutional,rule-classified,filename-cbi-doctype:discussion-paper,filename-cbi-doctype:discussion-paper,high,Central Bank of Ireland,12,discussion-paper population,pending-independent-review,,,,,,
6840f7bd71a236acbf79767cba8e536e6ee3e5d1ccce89d7f5943c079e1af490,REGULATION  (EU)  2016/  867  OF  THE  EUROPEAN  CENTRAL  BANK  -  of  18  May  2016  -  on  the  collection  of  granular  credit  and  credit  risk  data  (ECB/  2016/  13),https://www.centralbank.ie/docs/default-source/statistics/statistical-reporting-requirements/anacredit-in-ireland/celex_32016r0867_en_txt.pdf?sfvrsn=24dadc1d_4,https://www.centralbank.ie/statistics/statistical-reporting-requirements/anacredit-in-ireland,pdf,cbi-statistical-material,statistical-material,,,unresolved,central-bank,unknown,unreviewed,centralbank.ie host path is not authorship evidence,host-path-only:non-consultation,low,,55,unknown external-authority or tribunal candidate,pending-independent-review,,,,,,
6881e0b8a81b78e3258e5515679f5eb87193cafde3dbaeb45053d66f03104c08,EBA BS xx Draft Annex IV (Draft CP on Amending ITS on Supervisory Disclosure).xlsx,https://www.centralbank.ie/docs/default-source/regulation/industry-market-sectors/investment-firms/supervisory-disclosures/aggregate-statistical-data/statistical-data-part-3-2022.pdf?sfvrsn=19959e1d_3,https://www.centralbank.ie/regulation/industry-market-sectors/investment-firms/supervisory-disclosures/aggregate-statistical-data,pdf,cbi-regulatory-material,regulatory-material,,,unresolved,central-bank,unknown,unreviewed,centralbank.ie host path is not authorship evidence,host-path-only:non-consultation,low,,1,unknown external-authority or tribunal candidate,pending-independent-review,,,,,,
69195223e6538f63be13d8dac374b907c45dc2574cf44f825bbb29ca2af3712d,THE HIGH COURT,https://www.centralbank.ie/docs/default-source/regulation/industry-market-sectors/investment-firms/custom-house-capital/2nd-affidavit-noel-thompson.pdf?sfvrsn=245aa21d_4,https://www.centralbank.ie/news/article/update-on-custom-house-capital,pdf,cbi-regulatory-material,regulatory-material,,,unresolved,central-bank,unknown,unreviewed,centralbank.ie host path is not authorship evidence,host-path-only:non-consultation,low,,4,unknown external-authority or tribunal candidate,pending-independent-review,,,,,,
69faa8c0095eadfd39820fa81566f436664cc4e6d5624b7c3ad477616df68aa2,Submission to Central Bank of Ireland on Risk Appetite Discussion Paper (2014),https://www.centralbank.ie/docs/default-source/publications/discussion-papers/discussion-paper-4/colm-fagan---response-to-risk-appetite-discussion-paper.pdf?sfvrsn=9c16d81d_2,https://www.centralbank.ie/publication/discussion-papers/discussion-paper-4---risk-appetite-discussion-paper,pdf,stakeholder-discussion-submission,consultation-submission,,dp4,stakeholder,stakeholder,stakeholder,rule-classified,filename-attribution:response,filename-attribution:response,high,,3,discussion-paper population,pending-independent-review,,,,,,
6ab55b79b709552e24f6c108cb0d0fc9ae488700e87d9d240234eac43d6ba30e,Microsoft Word - IFIDN Response to CP86,https://www.centralbank.ie/docs/default-source/publications/consultation-papers/cp86/pwc.pdf?sfvrsn=48c9de1d_6,https://www.centralbank.ie/publication/consultation-papers/cp86-consultation-on-fund-management-company-effectiveness-delegate-oversight,pdf,stakeholder-consultation-submission,consultation-submission,cp86,cp86,stakeholder,stakeholder,stakeholder,rule-classified,content-stakeholder(7v1):dear sir;yours faithfully;in response to the central bank,content-stakeholder(7v1):dear sir;yours faithfully;in response to the central bank,medium,,46,content-scored consultation edge case,pending-independent-review,,,,,,
6afbc9f25de8976b22a7af7afeed0fd25bde01319adf7fb28bc982393038d70c,AVIVA,https://www.centralbank.ie/docs/default-source/publications/discussion-papers/discussion-paper-7/aviva-response-to-dp7.pdf?sfvrsn=dd14b21d_2,https://www.centralbank.ie/publication/discussion-papers/discussion-paper-7---digitalisation-and-consumer-protection-code,pdf,stakeholder-discussion-submission,consultation-submission,,dp7,stakeholder,stakeholder,stakeholder,rule-classified,filename-attribution:response,filename-attribution:response,high,,4,discussion-paper population,pending-independent-review,,,,,,
6b5784c623d76ae9d5efe33c5eda0abbb75fd3e1c6706acff61c68af7f048003,Mr,https://www.centralbank.ie/docs/default-source/publications/consultation-papers/cp37/financial-services-consultative-consumer-panel.pdf?sfvrsn=1faad51d_0,https://www.centralbank.ie/publication/consultation-papers/cp37-limited-consultation-on-minimum-competency-requirements-for-private-medical-insurance,pdf,stakeholder-consultation-submission,consultation-submission,cp37,cp37,stakeholder,stakeholder,stakeholder,rule-classified,content-stakeholder(5v0):yours sincerely;this submission,content-stakeholder(5v0):yours sincerely;this submission,medium,,2,content-scored consultation edge case,pending-independent-review,,,,,,
6beb649e6f50ae02328523c8e0580fec1558a6470f082ecbc871a7b1d5d989b0,"Re: Outsourcing - Findings and Issues for Discussion (the ""Discussion Paper""/""DP8"")",https://www.centralbank.ie/docs/default-source/publications/discussion-papers/discussion-paper-8/irish-funds-response-to-dp8.pdf?sfvrsn=3094b91d_2,https://www.centralbank.ie/publication/discussion-papers/discussion-paper-8---outsourcing---findings-and-issues-for-discussion,pdf,stakeholder-discussion-submission,consultation-submission,,dp8,stakeholder,stakeholder,stakeholder,rule-classified,filename-attribution:response,filename-attribution:response,high,,12,discussion-paper population,pending-independent-review,,,,,,
6d467701569379214d4b1c1d8cf98bb873dcce5244d9f672d89e85d142027a10,EBA BS xx Draft Annex IV (Draft CP on Amending ITS on Supervisory Disclosure).xlsx,https://www.centralbank.ie/docs/default-source/regulation/industry-market-sectors/investment-firms/supervisory-disclosures/aggregate-statistical-data/part-2-data-on-market-risk-(2024).pdf?sfvrsn=5038681a_4,https://www.centralbank.ie/regulation/industry-market-sectors/investment-firms/supervisory-disclosures/aggregate-statistical-data,pdf,cbi-regulatory-material,regulatory-material,,,unresolved,central-bank,unknown,unreviewed,centralbank.ie host path is not authorship evidence,host-path-only:non-consultation,low,,1,unknown external-authority or tribunal candidate,pending-independent-review,,,,,,
6e5cc6064696cb0f0c728e566c29e9522a42c6d5cd12ad227c4e8bca4a24b597,N07R2499-20150123150456,https://www.centralbank.ie/docs/default-source/publications/consultation-papers/cp89/allianz-re-dublin-cp89.pdf?sfvrsn=58a6d81d_4,https://www.centralbank.ie/publication/consultation-papers/cp89-consultation-on-national-specific-templates-for-insurers-and-reinsurers-under-solvency-ii,pdf,stakeholder-consultation-submission,consultation-submission,cp89,cp89,stakeholder,stakeholder,stakeholder,rule-classified,content-stakeholder(5v0):dear sir;in response to the central bank,content-stakeholder(5v0):dear sir;in response to the central bank,medium,,4,content-scored consultation edge case,pending-independent-review,,,,,,
6e7ca6b397440afecab73c03cc511bc6f2a2bfd8b66e3d20de3533511d51eb18,EBA BS xx Draft Annex IV (Draft CP on Amending ITS on Supervisory Disclosure).xlsx,https://www.centralbank.ie/docs/default-source/regulation/how-we-regulate/supervision/statistical-data/credit-risk-data-2019.pdf?sfvrsn=63598a1d_2,https://www.centralbank.ie/regulation/how-we-regulate/supervision/supervisory-disclosures/statistical-data,pdf,cbi-regulatory-material,regulatory-material,,,unresolved,central-bank,unknown,unreviewed,centralbank.ie host path is not authorship evidence,host-path-only:non-consultation,low,,1,unknown external-authority or tribunal candidate,pending-independent-review,,,,,,
6eac64054ef24175b43b334a7cbde84c956dec9c29a2f75ab0dffea25355c251,irish life group response to dp8,https://www.centralbank.ie/docs/default-source/publications/discussion-papers/discussion-paper-8/irish-life-group-response-to-dp8.pdf?sfvrsn=2294b91d_2,https://www.centralbank.ie/publication/discussion-papers/discussion-paper-8---outsourcing---findings-and-issues-for-discussion,pdf,stakeholder-discussion-submission,consultation-submission,,dp8,stakeholder,stakeholder,stakeholder,rule-classified,filename-attribution:response,filename-attribution:response,high,,11,discussion-paper population,pending-independent-review,,,,,,
6eb2e174ab8d7d15c203f554c28488a4a63af7f12f169b26941dbabeb5ea2b35,uEmailed Submission/u,https://www.centralbank.ie/docs/default-source/publications/consultation-papers/cp56/iaim.pdf?sfvrsn=fdefd51d_0,https://www.centralbank.ie/publication/consultation-papers/cp56-protocol-between-the-central-bank-of-ireland-and-the-auditors-of-regulated-financial-service-providers,pdf,stakeholder-consultation-submission,consultation-submission,cp56,cp56,stakeholder,stakeholder,stakeholder,rule-classified,content-stakeholder(4v0):dear sir;yours faithfully,content-stakeholder(4v0):dear sir;yours faithfully,medium,,2,content-scored consultation edge case,pending-independent-review,,,,,,
7098440018f6991344e3613078ebc515ed33b1714927c7e1596b5376325d144a,EBA BS xx Draft Annex IV (Draft CP on Amending ITS on Supervisory Disclosure).xlsx,https://www.centralbank.ie/docs/default-source/regulation/how-we-regulate/supervision/statistical-data/national-data-2019.pdf?sfvrsn=855a8a1d_2,https://www.centralbank.ie/regulation/how-we-regulate/supervision/supervisory-disclosures/statistical-data,pdf,cbi-regulatory-material,regulatory-material,,,unresolved,central-bank,unknown,unreviewed,centralbank.ie host path is not authorship evidence,host-path-only:non-consultation,low,,1,unknown external-authority or tribunal candidate,pending-independent-review,,,,,,
71bb6906c4a860fcce309b864c83fd98899f88158c793f8373cb58457370010e,Response to Deputy Doherty Technical note on the transmission of ECB interest rate policy published 11 September 2023,https://www.centralbank.ie/docs/default-source/publications/correspondence/oireachtas-correspondence/response-to-deputy-doherty-technical-note-transmission-of-ecb-interest-rate-policy.pdf?sfvrsn=4e149c1d_5,https://www.centralbank.ie/publication/correspondence/oireachtas-correspondence/elected-representatives,pdf,cbi-correspondence,correspondence,,,unresolved,central-bank,unknown,unreviewed,centralbank.ie host path is not authorship evidence,host-path-only:non-consultation,low,,5,unknown external-authority or tribunal candidate,pending-independent-review,,,,,,
7246f241747293db4242a99275134080e128603ee4ed3d243e907ce9929861d5,Title of Document replace Consumer with Member,https://www.centralbank.ie/docs/default-source/publications/consultation-papers/cp32/larkhil-and-district-credit-union.pdf?sfvrsn=ffced51d_4,https://www.centralbank.ie/publication/consultation-papers/cp32-voluntary-consumer-protection-code-for-credit-unions,pdf,stakeholder-consultation-submission,consultation-submission,cp32,cp32,stakeholder,stakeholder,stakeholder,rule-classified,content-stakeholder(3v0):response to consultation paper,content-stakeholder(3v0):response to consultation paper,medium,,3,content-scored consultation edge case,pending-independent-review,,,,,,
726c85e2c8473f86be599cd6ba26ca855271c177a0d9e79d905c2afdddf874be,Response Information,https://www.centralbank.ie/docs/default-source/publications/discussion-papers/discussion-paper-10/electronic-money-association---response-to-dp10.pdf?sfvrsn=c4389f1d_2,https://www.centralbank.ie/publication/discussion-papers/discussion-paper-10-consumer-protection-code-review,pdf,stakeholder-discussion-submission,consultation-submission,,dp10,stakeholder,stakeholder,stakeholder,rule-classified,filename-attribution:response,filename-attribution:response,high,,18,discussion-paper population,pending-independent-review,,,,,,
72a389c17c1f96935eb529f61481097014fe2795fc40a3d339804db1551a2f8d,En-Tete-LIAM-EN.indd,https://www.centralbank.ie/docs/default-source/publications/discussion-papers/discussion-paper-6/lyxor-response-etf-discussion-paper.pdf?sfvrsn=49bbaa1d_0,https://www.centralbank.ie/publication/discussion-papers/discussion-paper-6---exchange-traded-funds,pdf,stakeholder-discussion-submission,consultation-submission,,dp6,stakeholder,stakeholder,stakeholder,rule-classified,filename-attribution:response,filename-attribution:response,high,,11,discussion-paper population,pending-independent-review,,,,,,
733a2dccedf879e886c32e9bf16f52919a40e1f8a707ab85958825696746330e,Yours faithfully,https://www.centralbank.ie/docs/default-source/publications/discussion-papers/discussion-paper-8/bny-mellon-response-to-dp8.pdf?sfvrsn=fd96b91d_2,https://www.centralbank.ie/publication/discussion-papers/discussion-paper-8---outsourcing---findings-and-issues-for-discussion,pdf,stakeholder-discussion-submission,consultation-submission,,dp8,stakeholder,stakeholder,stakeholder,rule-classified,filename-attribution:response,filename-attribution:response,high,,1,discussion-paper population,pending-independent-review,,,,,,
735bd6bfb9370ab92f1729c663f5f623988205c1f0e9a1d8cff56d7c51580e4b,Insurance Ireland Response to CP89 - Consultation on National Specific Templates for Insurers and Reinsurers under Solvency II,https://www.centralbank.ie/docs/default-source/publications/consultation-papers/cp89/insurance-ireland-cp89.pdf?sfvrsn=7aa6d81d_4,https://www.centralbank.ie/publication/consultation-papers/cp89-consultation-on-national-specific-templates-for-insurers-and-reinsurers-under-solvency-ii,pdf,stakeholder-consultation-submission,consultation-submission,cp89,cp89,stakeholder,stakeholder,stakeholder,rule-classified,content-stakeholder(9v0):welcomes the opportunity to respond;our submission;response to cp,content-stakeholder(9v0):welcomes the opportunity to respond;our submission;response to cp,medium,,7,content-scored consultation edge case,pending-independent-review,,,,,,
7383972d57432fb1ba2157a7b7ebca32aa56c1afbc75984e6c85dceee46ff5fa,STRONGER CONSUMER PROTECTION,https://www.centralbank.ie/docs/default-source/publications/discussion-papers/discussion-paper-10/financial-services-union---response-to-dp10.pdf?sfvrsn=9a329f1d_2,https://www.centralbank.ie/publication/discussion-papers/discussion-paper-10-consumer-protection-code-review,pdf,stakeholder-discussion-submission,consultation-submission,,dp10,stakeholder,stakeholder,stakeholder,rule-classified,filename-attribution:response,filename-attribution:response,high,,16,discussion-paper population,pending-independent-review,,,,,,
73e4b0275021490c06c689956c26f22b20f4c9b4f6ac97b77434061b66097cca,EBA Consumer Infographic on key tips to protect yourself when choosing online or mobile banking services,https://www.centralbank.ie/docs/default-source/consumer-hub-library/eba-consumer-infographic-on-key-tips-to-protect-yourself-when-choosing-online-or-mobile-banking-services.pdf?sfvrsn=4420801d_4,https://www.centralbank.ie/consumer-hub/consumer-notices,pdf,cbi-consumer-material,consumer-information,,,unresolved,central-bank,unknown,unreviewed,centralbank.ie host path is not authorship evidence,host-path-only:non-consultation,low,,1,unknown external-authority or tribunal candidate,pending-independent-review,,,,,,
754468ee8df06a66424ae6677902594dcf89b51a24333468746fb88fac628e89,EBA IF NCA disclosure ITS - Annex IV 2026.xlsx,https://www.centralbank.ie/docs/default-source/regulation/industry-market-sectors/investment-firms/supervisory-disclosures/aggregate-statistical-data/part-4-data-on-exemptions-2025.pdf?sfvrsn=2202711a_4,https://www.centralbank.ie/regulation/industry-market-sectors/investment-firms/supervisory-disclosures/aggregate-statistical-data,pdf,cbi-regulatory-material,regulatory-material,,,unresolved,central-bank,unknown,unreviewed,centralbank.ie host path is not authorship evidence,host-path-only:non-consultation,low,,4,unknown external-authority or tribunal candidate,pending-independent-review,,,,,,
7561e7b4023e5e277664956ac92013664654a589cdd706cdc403fe9fb87116d3,31 May 2004,https://www.centralbank.ie/docs/default-source/publications/consultation-papers/cp33/maddens-finance-limited.pdf?sfvrsn=343bd51d_2,https://www.centralbank.ie/publication/consultation-papers/cp33-consumer-protection-code-for-licensed-moneylenders,pdf,stakeholder-consultation-submission,consultation-submission,cp33,cp33,stakeholder,stakeholder,stakeholder,rule-classified,content-stakeholder(4v0):dear sir;yours sincerely,content-stakeholder(4v0):dear sir;yours sincerely,medium,,2,content-scored consultation edge case,pending-independent-review,,,,,,
756d0d4c7abc84ba84f7a39dc4644e48ffe40a857308581d78ef980563e7ad3f,Grant Thornton response to CP56,https://www.centralbank.ie/docs/default-source/publications/consultation-papers/cp56/grant-thornton.pdf?sfvrsn=a8efd51d_0,https://www.centralbank.ie/publication/consultation-papers/cp56-protocol-between-the-central-bank-of-ireland-and-the-auditors-of-regulated-financial-service-providers,pdf,stakeholder-consultation-submission,consultation-submission,cp56,cp56,stakeholder,stakeholder,stakeholder,rule-classified,content-stakeholder(7v0):thank you for the opportunity;dear sir;yours sincerely,content-stakeholder(7v0):thank you for the opportunity;dear sir;yours sincerely,medium,,5,content-scored consultation edge case,pending-independent-review,,,,,,
7615de9ab7cd3b831ec9f2c2501cdd026bddb672dba9a4f75524600f79cb9f5c,12 October 2017,https://www.centralbank.ie/docs/default-source/publications/discussion-papers/discussion-paper-6/jp-morgan-response-to-etf-discussion-paper.pdf?sfvrsn=de67a81d_2,https://www.centralbank.ie/publication/discussion-papers/discussion-paper-6---exchange-traded-funds,pdf,stakeholder-discussion-submission,consultation-submission,,dp6,stakeholder,stakeholder,stakeholder,rule-classified,filename-attribution:response,filename-attribution:response,high,,5,discussion-paper population,pending-independent-review,,,,,,
77e82e0944ddfc194ba560a267738db6c36ee7938e0b69a92c0021d6ebc3d7bc,Justin Egan,https://www.centralbank.ie/docs/default-source/publications/discussion-papers/discussion-paper-8/carne-global-fund-managers-(ireland)-limited-response-to-dp8.pdf?sfvrsn=8994b91d_2,https://www.centralbank.ie/publication/discussion-papers/discussion-paper-8---outsourcing---findings-and-issues-for-discussion,pdf,stakeholder-discussion-submission,consultation-submission,,dp8,stakeholder,stakeholder,stakeholder,rule-classified,filename-attribution:response,filename-attribution:response,high,,2,discussion-paper population,pending-independent-review,,,,,,
784115f104cf44214f4d7d165bfead65794599e148c0ca8886a4f448f6e8730a,Response Information,https://www.centralbank.ie/docs/default-source/publications/discussion-papers/discussion-paper-10/owens-mccarthy-limited---response-to-dp10.pdf?sfvrsn=673e9f1d_2,https://www.centralbank.ie/publication/discussion-papers/discussion-paper-10-consumer-protection-code-review,pdf,stakeholder-discussion-submission,consultation-submission,,dp10,stakeholder,stakeholder,stakeholder,rule-classified,filename-attribution:response,filename-attribution:response,high,,9,discussion-paper population,pending-independent-review,,,,,,
7b226e0eec88b470ec5a4397c641b4580e33f7eb3d0da71d6dcd05d05d1db471,"Response to Discussion Paper on Exchange Traded Funds (""ETFs"") (the ""Discussion Paper"")",https://www.centralbank.ie/docs/default-source/publications/discussion-papers/discussion-paper-6/maples-response-etf-discussion-paper.pdf?sfvrsn=b744ab1d_0,https://www.centralbank.ie/publication/discussion-papers/discussion-paper-6---exchange-traded-funds,pdf,stakeholder-discussion-submission,consultation-submission,,dp6,stakeholder,stakeholder,stakeholder,rule-classified,filename-attribution:response,filename-attribution:response,high,,7,discussion-paper population,pending-independent-review,,,,,,
7b2d02f71d82c41894b7874b3dbd2f9dea78731efb706f8163855873c802dfc2,Association of Expert Mortgage Advisors,https://www.centralbank.ie/docs/default-source/publications/discussion-papers/discussion-paper-5/aema---discussion-paper-on-payment-of-commission-to-intermediaries.pdf?sfvrsn=4e77d91d_2,https://www.centralbank.ie/publication/discussion-papers/discussion-paper-5-on-payment-of-commission-to-intermediaries,pdf,stakeholder-discussion-submission,consultation-submission,,dp5,stakeholder,stakeholder,stakeholder,manual-reviewed,opening-page issuer and response voice,adjudicated:adversarial-source-review-2026-08-31,high,AEMA,9,discussion-paper population,pending-independent-review,,,,,,
7bcc094e74db5176e341b4724522642d2d68b588f0db5c0de2cab2e30513af43,Notice of Intention in Relation to ESMA Guidelines on Stress Test Scenarios Under MMF Regulation,https://www.centralbank.ie/docs/default-source/regulation/industry-market-sectors/funds/industry-communications/notice-of-intention-in-relation-to-esma-guidelines-on-stress-test-scenarios-under-mmf-regulation.pdf?sfvrsn=6e998c1d_4,https://www.centralbank.ie/regulation/industry-market-sectors/funds/industry-communications,pdf,cbi-regulatory-material,regulatory-material,,,unresolved,central-bank,unknown,unreviewed,centralbank.ie host path is not authorship evidence,host-path-only:non-consultation,low,,3,unknown external-authority or tribunal candidate,pending-independent-review,,,,,,
7c7bcdae87c02e5a6d4735219f8c75ac51c3efb8e5f3099ac922effc10416aec,The Effect of ECB Policy Announcements on Sovereign Yields: A Return to Normal Transmission?,https://www.centralbank.ie/docs/default-source/publications/economic-letters/vol-2018-no-4-the-effects-of-ecb-policy-announcements-on-sovereign-yields---a-return-to-normal-transmission-(goodhead).pdf?sfvrsn=2,https://www.centralbank.ie/news/article/economic-letter-effect-ecb-policy-announcements-sovereign-yields-transmission-14-May-2018,pdf,cbi-research,research-paper,,,unresolved,central-bank,unknown,unreviewed,centralbank.ie host path is not authorship evidence,host-path-only:non-consultation,low,,15,unknown external-authority or tribunal candidate,pending-independent-review,,,,,,
7cfdc17032b0982f3210b3c7290b73a67ade0e9ac5f71e3d8d704a38ee4d6385,BPFI Response to the European Banking Authority Consultation Paper on Outsourcing Guidelines,https://www.centralbank.ie/docs/default-source/publications/discussion-papers/discussion-paper-8/bpfi-response-to-dp8.pdf?sfvrsn=ed94b91d_2,https://www.centralbank.ie/publication/discussion-papers/discussion-paper-8---outsourcing---findings-and-issues-for-discussion,pdf,stakeholder-discussion-submission,consultation-submission,,dp8,stakeholder,stakeholder,stakeholder,rule-classified,filename-attribution:response,filename-attribution:response,high,,13,discussion-paper population,pending-independent-review,,,,,,
7d328c7f2f6d6c265f769f94269bd30c034f4bd5a4a5785db0e0608359828b86,Questions and Answers Application of the AIFMD,https://www.centralbank.ie/docs/default-source/regulation/industry-market-sectors/funds-service-providers/aifm/qa_aifmd.pdf?sfvrsn=d1fadc1d_2,https://www.centralbank.ie/regulation/markets-update/esma-guidelines-and-recommendations/markets-update-issue-7-2016/esma-(european-securities-and-markets-authority)/esma-publishes-updated-aifmd-q-a-2,pdf,cbi-regulatory-material,regulatory-material,,,unresolved,central-bank,unknown,unreviewed,centralbank.ie host path is not authorship evidence,host-path-only:non-consultation,low,,38,unknown external-authority or tribunal candidate,pending-independent-review,,,,,,
7e21993e0e3211795ece9dcc6fed49f0d9f0b33afb6b7b6b49900dd554cdcba0,Submission in Response to Consultation Paper 86 – Consultation on Fund Management Company Effectiveness – Delegate Oversight. (Sept 2014),https://www.centralbank.ie/docs/default-source/publications/consultation-papers/cp86/noel-ford.pdf?sfvrsn=5bc9de1d_4,https://www.centralbank.ie/publication/consultation-papers/cp86-consultation-on-fund-management-company-effectiveness-delegate-oversight,pdf,stakeholder-consultation-submission,consultation-submission,cp86,cp86,stakeholder,stakeholder,stakeholder,rule-classified,content-stakeholder(3v0):response to consultation paper,content-stakeholder(3v0):response to consultation paper,medium,,6,content-scored consultation edge case,pending-independent-review,,,,,,
7f7b29939d18de697187602ede0e53f17945530ccd4f42052517f841893b9ba6,"Vol 2022, No.1 Household characteristics, Irish inflation and the cost of living (Lydon)",https://www.centralbank.ie/docs/default-source/publications/economic-letters/household-characteristics-irish-inflation-and-the-cost-of-living.pdf,https://www.centralbank.ie/news/article/blog-ecb-interest-rates,pdf,cbi-research,research-paper,,,unresolved,central-bank,unknown,unreviewed,centralbank.ie host path is not authorship evidence,host-path-only:non-consultation,low,,8,unknown external-authority or tribunal candidate,pending-independent-review,,,,,,
7fc64bdeb1c3284c4524e0b2d886b5ebf2e5cfa40f09abe08fa6cb42a383e734,Discussion Paper on the Payment of Commision to Intermediaries,https://www.centralbank.ie/docs/default-source/publications/discussion-papers/discussion-paper-5/discussion-paper-on-payment-of-commission-to-intermediaries.pdf?sfvrsn=a910d81d_4,https://www.centralbank.ie/publication/discussion-papers/discussion-paper-5-on-payment-of-commission-to-intermediaries,pdf,cbi-discussion-material,consultation-or-discussion-material,,dp5,central-bank,central-bank,cbi-institutional,rule-classified,filename-cbi-doctype:discussion-paper,filename-cbi-doctype:discussion-paper,high,Central Bank of Ireland,41,discussion-paper population,pending-independent-review,,,,,,
80f2df63c19f63666dcca4fd02025f75be1b4c7da6b6e90fcd5fe1681f7d543b,Hi Friends,https://www.centralbank.ie/docs/default-source/publications/consultation-papers/cp86/three-rock-capital-management.pdf?sfvrsn=b9cade1d_4,https://www.centralbank.ie/publication/consultation-papers/cp86-consultation-on-fund-management-company-effectiveness-delegate-oversight,pdf,stakeholder-consultation-submission,consultation-submission,cp86,cp86,stakeholder,stakeholder,stakeholder,rule-classified,content-stakeholder(3v0):response to cp,content-stakeholder(3v0):response to cp,medium,,1,content-scored consultation edge case,pending-independent-review,,,,,,
8114f859bfb4fecc51599f178370650d2c6736e062e40adc44c6039916cd16f4,National Consumer Agency Submission - Discussion Paper on Switching Code,https://www.centralbank.ie/docs/default-source/publications/discussion-papers/disucssion-paper-2/dis-2national-consumer-agency-submission---discussion-paper-on-switching-code.pdf?sfvrsn=d742d81d_8,https://www.centralbank.ie/publication/discussion-papers/discussion-on-review-of-the-requirements-for-the-management-of-liquidity-risk,pdf,stakeholder-discussion-submission,consultation-submission,,dp2,stakeholder,stakeholder,stakeholder,rule-classified,filename-attribution:submission,filename-attribution:submission,high,,10,discussion-paper population,pending-independent-review,,,,,,
81cae3e8fc99ec773713505b76475b633c46aef579333e6ab01f5b6f6b3e8be4,EBA BS xx Draft Annex III (Draft CP on Amending ITS on Supervisory Disclosure).xlsx,https://www.centralbank.ie/docs/default-source/regulation/how-we-regulate/supervision/rules-and-guidance/gns-4-1-2-2-1-transposition-of-directive.pdf?sfvrsn=f17ed61d_31,https://www.centralbank.ie/regulation/how-we-regulate/supervision/supervisory-disclosures/rules-and-guidance,pdf,cbi-regulatory-material,regulatory-material,,,unresolved,central-bank,unknown,unreviewed,centralbank.ie host path is not authorship evidence,host-path-only:non-consultation,low,,1,unknown external-authority or tribunal candidate,pending-independent-review,,,,,,
82924a0a87ef07d3ce0aef11d73d1b083a17a5d3f6a6b36d120330bc12b149e0,BNY MELLON,https://www.centralbank.ie/docs/default-source/publications/discussion-papers/discussion-paper-4/bny-mellon---response-to-risk-appetite-discussion-paper.pdf?sfvrsn=be16d81d_2,https://www.centralbank.ie/publication/discussion-papers/discussion-paper-4---risk-appetite-discussion-paper,pdf,stakeholder-discussion-submission,consultation-submission,,dp4,stakeholder,stakeholder,stakeholder,rule-classified,filename-attribution:response,filename-attribution:response,high,,4,discussion-paper population,pending-independent-review,,,,,,
82ba6b214532f603cefb835d39ee3948cf09ff7f347a86abe9da693d46a532f8,Submission to the Central Bank of Ireland Consumer Protection Code (CPC) Review - Discussion Paper,https://www.centralbank.ie/docs/default-source/publications/discussion-papers/discussion-paper-10/irish-banking-culture-board---response-to-dp10.pdf?sfvrsn=11329f1d_2,https://www.centralbank.ie/publication/discussion-papers/discussion-paper-10-consumer-protection-code-review,pdf,stakeholder-discussion-submission,consultation-submission,,dp10,stakeholder,stakeholder,stakeholder,rule-classified,filename-attribution:response,filename-attribution:response,high,,20,discussion-paper population,pending-independent-review,,,,,,
839b56461e82de57d1af7a6c5119b88d01ee058adffc9e803f3256d1e26b22f7,ETF Securities (UK) Limited Lhead,https://www.centralbank.ie/docs/default-source/publications/consultation-papers/cp77/etf-securities-(uk)-limited-ucits-rulebook.pdf?sfvrsn=73a0de1d_4,https://www.centralbank.ie/publication/consultation-papers/cp77-consultation-on-publication-of-ucits-rulebook,pdf,stakeholder-consultation-submission,consultation-submission,cp77,cp77,stakeholder,stakeholder,stakeholder,rule-classified,content-overrides-generic-doctype(4v0):dear sir;yours faithfully,content-overrides-generic-doctype(4v0):dear sir;yours faithfully,medium,,2,content-scored consultation edge case,pending-independent-review,,,,,,
83e445068cd961809776dd3288a9139cfa593c6c20f1f32310000118b6caa66f,Visa’s Comments on the Central Bank of Ireland’s Discussion Paper: Consumer Protection Code and the Digitalisation of Financial Services,https://www.centralbank.ie/docs/default-source/publications/discussion-papers/discussion-paper-7/visa-response-to-dp7.pdf?sfvrsn=e415b21d_2,https://www.centralbank.ie/publication/discussion-papers/discussion-paper-7---digitalisation-and-consumer-protection-code,pdf,stakeholder-discussion-submission,consultation-submission,,dp7,stakeholder,stakeholder,stakeholder,rule-classified,filename-attribution:response,filename-attribution:response,high,,2,discussion-paper population,pending-independent-review,,,,,,
8407fa3e06b1970edb8312fbca8b894f78f65edcadf8ab0b964d1d4929eb3fd4,EBA BS xx Draft Annex IV (Draft CP on Amending ITS on Supervisory Disclosure).xlsx,https://www.centralbank.ie/docs/default-source/regulation/industry-market-sectors/investment-firms/supervisory-disclosures/aggregate-statistical-data/statistical-data-part-2.pdf?sfvrsn=7721971d_3,https://www.centralbank.ie/regulation/industry-market-sectors/investment-firms/supervisory-disclosures/aggregate-statistical-data,pdf,cbi-regulatory-material,regulatory-material,,,unresolved,central-bank,unknown,unreviewed,centralbank.ie host path is not authorship evidence,host-path-only:non-consultation,low,,1,unknown external-authority or tribunal candidate,pending-independent-review,,,,,,
84b05c26f6136c7f99ed5d9afbf425f5ee27e67856e1e409578977ec75bf6506,Morgan Stanley Fund Services,https://www.centralbank.ie/docs/default-source/publications/discussion-papers/discussion-paper-8/morgan-stanley-fund-services-response-to-dp8.pdf?sfvrsn=1494b91d_2,https://www.centralbank.ie/publication/discussion-papers/discussion-paper-8---outsourcing---findings-and-issues-for-discussion,pdf,stakeholder-discussion-submission,consultation-submission,,dp8,stakeholder,stakeholder,stakeholder,rule-classified,filename-attribution:response,filename-attribution:response,high,,1,discussion-paper population,pending-independent-review,,,,,,
8562e8b7d13f61ba164a1d748b4929d8bf0a26b1353398bb9d6b2c827210f248,Dear Sirs,https://www.centralbank.ie/docs/default-source/publications/consultation-papers/cp86/david-hammond.pdf?sfvrsn=adcade1d_4,https://www.centralbank.ie/publication/consultation-papers/cp86-consultation-on-fund-management-company-effectiveness-delegate-oversight,pdf,stakeholder-consultation-submission,consultation-submission,cp86,cp86,stakeholder,stakeholder,stakeholder,rule-classified,content-stakeholder(5v0):thank you for the opportunity;dear sir,content-stakeholder(5v0):thank you for the opportunity;dear sir,medium,,4,content-scored consultation edge case,pending-independent-review,,,,,,
861a5986e7da4e88064f5d291c65fe7c94d74a7c02886120db63f6a63b05b9dc,Irish Fund’s Draft Response to: Central Bank of Ireland Discussion Paper 11,https://www.centralbank.ie/docs/default-source/publications/discussion-papers/discussion-paper-11/irish-funds-response-to-dp11.pdf?sfvrsn=8a26611a_5,https://www.centralbank.ie/publication/discussion-papers/discussion-paper-11-an-approach-to-macroprudential-policy-for-investment-funds,pdf,stakeholder-discussion-submission,consultation-submission,,dp11,stakeholder,stakeholder,stakeholder,rule-classified,filename-attribution:response,filename-attribution:response,high,,15,discussion-paper population,pending-independent-review,,,,,,
862af5b45bc593966c0794b200e11a75df0ae3cc8191dbfedc1394593a3a8cc9,"SUBMISSION TO THE FINANCIAL REGULATOR BY C.U.M.A., THE CREDIT UNION MANAGERS ASSOCIATION.",https://www.centralbank.ie/docs/default-source/publications/consultation-papers/cp32/credit-union-managers-association.pdf?sfvrsn=91ced51d_4,https://www.centralbank.ie/publication/consultation-papers/cp32-voluntary-consumer-protection-code-for-credit-unions,pdf,stakeholder-consultation-submission,consultation-submission,cp32,cp32,stakeholder,stakeholder,stakeholder,rule-classified,content-stakeholder(6v0):response to consultation paper;submission to the financial regulator,content-stakeholder(6v0):response to consultation paper;submission to the financial regulator,medium,,15,content-scored consultation edge case,pending-independent-review,,,,,,
86e4323f85828e53115a9c8ee0cd15648cf5d96a1b072c8c472d08918a79e861,Notice of Intention in relation to the application of the ESMA Guidelines on Liquidity Management Tools of UCITS and open-ended AIFs - 07052026,https://www.centralbank.ie/docs/default-source/regulation/industry-market-sectors/funds/industry-communications/notice-of-intention-application-of-the-esma-guidelines-on-liquidity-management-tools-of-ucits-and-open-ended-aifs-07052026.pdf?sfvrsn=9b9e731a_6,https://www.centralbank.ie/regulation/industry-market-sectors/funds/industry-communications,pdf,cbi-regulatory-material,regulatory-material,,,unresolved,central-bank,unknown,unreviewed,centralbank.ie host path is not authorship evidence,host-path-only:non-consultation,low,,4,unknown external-authority or tribunal candidate,pending-independent-review,,,,,,
87b88fd743c99551bafe8f29b635b4bf4c1a2c3387213e33b7c5150c3eb71741,Dear Sir/Madam,https://www.centralbank.ie/docs/default-source/publications/consultation-papers/cp60/trinity-fund-administration-limited.pdf?sfvrsn=8586d51d_0,https://www.centralbank.ie/publication/consultation-papers/cp60-consultation-on-implementation-of-alternative-investment-fund-manager-directive,pdf,stakeholder-consultation-submission,consultation-submission,cp60,cp60,stakeholder,stakeholder,stakeholder,rule-classified,content-stakeholder(5v0):we welcome the opportunity;dear sir,content-stakeholder(5v0):we welcome the opportunity;dear sir,medium,,3,content-scored consultation edge case,pending-independent-review,,,,,,
880bfccbc76730a5a40da6b9438cf183297fb62d4833444547afe8f22d22d3e0,EBA BS xx Draft Annex III (Draft CP on Amending ITS on Supervisory Disclosure).xlsx,https://www.centralbank.ie/docs/default-source/regulation/how-we-regulate/supervision/rules-and-guidance/gns-4-1-2-2-1-model-approval.pdf?sfvrsn=e57ed61d_23,https://www.centralbank.ie/regulation/how-we-regulate/supervision/supervisory-disclosures/rules-and-guidance,pdf,cbi-regulatory-material,regulatory-material,,,unresolved,central-bank,unknown,unreviewed,centralbank.ie host path is not authorship evidence,host-path-only:non-consultation,low,,1,unknown external-authority or tribunal candidate,pending-independent-review,,,,,,
8ab2564a227169645051e159b635b9c4a3f5c6fcc73b4927cd1ee92018b9c1ca,Corrib Finance,https://www.centralbank.ie/docs/default-source/publications/consultation-papers/cp33/corrib-finance-limited.pdf?sfvrsn=62c4d51d_2,https://www.centralbank.ie/publication/consultation-papers/cp33-consumer-protection-code-for-licensed-moneylenders,pdf,cbi-consultation-material,consultation-or-discussion-material,cp33,cp33,central-bank,central-bank,cbi-institutional,rule-classified,content-cbi(3v0):this consultation paper,content-cbi(3v0):this consultation paper,medium,Central Bank of Ireland,3,content-scored consultation edge case,pending-independent-review,,,,,,
8ab3354be041e4ead801d6b49d905004a984900b373de8d8a0013a7f1a55994f,The cost of housing and indebtedness across European and OECD households,https://www.centralbank.ie/docs/default-source/publications/financial-stability-notes/no-10-the-cost-of-housing-and-indebtedness.pdf,https://www.centralbank.ie/financial-system/financial-stability/macro-prudential-policy/mortgage-measures/mortgage-measures-framework-review-public-engagement,pdf,cbi-research,research-paper,,,unresolved,central-bank,unknown,unreviewed,centralbank.ie host path is not authorship evidence,host-path-only:non-consultation,low,,19,unknown external-authority or tribunal candidate,pending-independent-review,,,,,,
8c4056117cb9d247223f34ef7bfe0190e7a41c1609109a97cd6077bf32de88ec,Notice of intention ESMA Guidelines on Stress Test Scenarios,https://centralbank.ie/docs/default-source/regulation/industry-market-sectors/funds/industry-communications/notice-of-intention-esma-guidelines-on-stress-test-scenarios-30-april-2020.pdf?sfvrsn=2,https://www.centralbank.ie/regulation/industry-market-sectors/funds/industry-communications,pdf,cbi-regulatory-material,regulatory-material,,,unresolved,central-bank,unknown,unreviewed,centralbank.ie host path is not authorship evidence,host-path-only:non-consultation,low,,3,unknown external-authority or tribunal candidate,pending-independent-review,,,,,,
8d7e5e13ddd58b546b2e0c7e0106fe72a7c3b2f5dd05237fe82e1020f251ff8c,Microsoft Word - PwC Response to Central Bank Digitalisation Consultation Paper 27 October 2017.docx,https://www.centralbank.ie/docs/default-source/publications/discussion-papers/discussion-paper-7/pwc-response-to-dp7.pdf?sfvrsn=9e15b21d_2,https://www.centralbank.ie/publication/discussion-papers/discussion-paper-7---digitalisation-and-consumer-protection-code,pdf,stakeholder-discussion-submission,consultation-submission,,dp7,stakeholder,stakeholder,stakeholder,rule-classified,filename-attribution:response,filename-attribution:response,high,,12,discussion-paper population,pending-independent-review,,,,,,
8e2be2dfe2e0515f322412d0389cd9a221eeeaca0c213ea5571f67bdc8cfaf9c,EBA BS xx Draft Annex IV (Draft CP on Amending ITS on Supervisory Disclosure).xlsx,https://www.centralbank.ie/docs/default-source/regulation/industry-market-sectors/investment-firms/supervisory-disclosures/aggregate-statistical-data/part-4-data-on-exemptions-(2024).pdf?sfvrsn=f739681a_3,https://www.centralbank.ie/regulation/industry-market-sectors/investment-firms/supervisory-disclosures/aggregate-statistical-data,pdf,cbi-regulatory-material,regulatory-material,,,unresolved,central-bank,unknown,unreviewed,centralbank.ie host path is not authorship evidence,host-path-only:non-consultation,low,,1,unknown external-authority or tribunal candidate,pending-independent-review,,,,,,
8e37a6ca5e28b0ecc3ec2583fac60d7918583b03d24166902f1b03198186e1f4,FOREWORD,https://www.centralbank.ie/docs/default-source/tns/events/ecb-art-exhibition-catalogue.pdf?sfvrsn=9496711a_5,https://www.centralbank.ie/events/ireland-s-presidency-of-the-council-of-the-european-union/art-exhibition,pdf,other-cbi-material,other,,,unresolved,central-bank,unknown,unreviewed,centralbank.ie host path is not authorship evidence,host-path-only:non-consultation,low,,54,unknown external-authority or tribunal candidate,pending-independent-review,,,,,,
8ebdc59ae6ee8c02fdd60ab0b8c9370363e9ed3764284181c7124fb5d7027a15,Draft,https://www.centralbank.ie/docs/default-source/publications/consultation-papers/cp63/professional-insurance-brokers-associationsubmission.pdf?sfvrsn=528fd51d_0,https://www.centralbank.ie/publication/consultation-papers/cp63-review-of-the-code-of-conduct-on-mortgage-arrears,pdf,stakeholder-consultation-submission,consultation-submission,cp63,cp63,stakeholder,stakeholder,stakeholder,rule-classified,content-stakeholder(6v1):on behalf of our members;this submission,content-stakeholder(6v1):on behalf of our members;this submission,medium,,5,content-scored consultation edge case,pending-independent-review,,,,,,
8f087e27cea1b957edbc14ba246ab6dd17c76c025c91b4afa5ed202548f48b24,Consumer Protection Code Review,https://www.centralbank.ie/docs/default-source/publications/discussion-papers/discussion-paper-10/association-of-irish-mortgage-advisors---response-to-dp10.pdf?sfvrsn=6e319f1d_2,https://www.centralbank.ie/publication/discussion-papers/discussion-paper-10-consumer-protection-code-review,pdf,stakeholder-discussion-submission,consultation-submission,,dp10,stakeholder,stakeholder,stakeholder,rule-classified,filename-attribution:response,filename-attribution:response,high,,14,discussion-paper population,pending-independent-review,,,,,,
8f5c678609d114cc22abb72b1ed84b0e0fb6ec48cc5c5bc5bdb0d5738ce82702,Settlement Notice - Coinbase Europe Limited,https://www.centralbank.ie/docs/default-source/news-and-media/legal-notices/settlement-agreements/settlement-notice-coinbase-europe-limited-(sanctions-confirmed-by-the-high-court).pdf?sfvrsn=ac2e6f1a_8,https://www.centralbank.ie/news/article/press-release-enforcement-action-against-coinbase-europe-limited-6-November-2025,pdf,cbi-speech-or-news-material,speech-or-news,,,unresolved,central-bank,unknown,unreviewed,centralbank.ie host path is not authorship evidence,host-path-only:non-consultation,low,,36,unknown external-authority or tribunal candidate,pending-independent-review,,,,,,
8f734d55e43cb51955b0a9d2f2af08379e1046d43167c80dd51aa0d476e57005,Process clarification for UCITS and AIFs in respect of ESMA’s guidelines on funds’ names using ESG or sustainability-related terms,https://www.centralbank.ie/docs/default-source/regulation/industry-market-sectors/funds/industry-communications/process-clarification-ucits-and-aifs-respect-of-esma-s-guidelines-funds-names-using-esg-or-sustainability-related-terms.pdf?sfvrsn=ae33661a_7,https://www.centralbank.ie/regulation/industry-market-sectors/funds/industry-communications,pdf,cbi-regulatory-material,regulatory-material,,,unresolved,central-bank,unknown,unreviewed,centralbank.ie host path is not authorship evidence,host-path-only:non-consultation,low,,7,unknown external-authority or tribunal candidate,pending-independent-review,,,,,,
8f8d804107251a0f30ef99c9b4c71a4f9ce61c2ea17a0f0bba692a568e10c3b6,The ECB Reviw of its Monetary Policy Strategy (Corbisiero Lawton),https://www.centralbank.ie/docs/default-source/publications/quarterly-bulletins/quarterly-bulletin-signed-articles/the-ecb-review-of-its-monetary-policy-strategy-(corbisiero-and-lawton).pdf,https://www.centralbank.ie/news/article/blog-measuring-economic-welfare,pdf,cbi-policy-analysis,policy-analysis,,,unresolved,central-bank,unknown,unreviewed,centralbank.ie host path is not authorship evidence,host-path-only:non-consultation,low,,38,unknown external-authority or tribunal candidate,pending-independent-review,,,,,,
8fdb947fcdc66d9960be1d9abe5961f89ce22432881bb1bbb0ef91df702d0938,Date: 29 March 2023,https://www.centralbank.ie/docs/default-source/publications/discussion-papers/discussion-paper-10/aspire-wealth-management---response-to-dp10.pdf?sfvrsn=67319f1d_2,https://www.centralbank.ie/publication/discussion-papers/discussion-paper-10-consumer-protection-code-review,pdf,stakeholder-discussion-submission,consultation-submission,,dp10,stakeholder,stakeholder,stakeholder,rule-classified,filename-attribution:response,filename-attribution:response,high,,6,discussion-paper population,pending-independent-review,,,,,,
8fdf8df65848129a3ae0fd88db225185ac6b0f5ee3d55118d33c630a85f6b727,STATE STREET.,https://www.centralbank.ie/docs/default-source/publications/consultation-papers/cp60/state-street.pdf?sfvrsn=4b85d51d_0,https://www.centralbank.ie/publication/consultation-papers/cp60-consultation-on-implementation-of-alternative-investment-fund-manager-directive,pdf,stakeholder-consultation-submission,consultation-submission,cp60,cp60,stakeholder,stakeholder,stakeholder,rule-classified,content-stakeholder(5v1):dear sir;appreciates the opportunity,content-stakeholder(5v1):dear sir;appreciates the opportunity,medium,,22,content-scored consultation edge case,pending-independent-review,,,,,,
901091c9f93e1c7c0d3b7c28a7315eb9047ad7c020371b0bcd9946788309374d,AMUNDI,https://www.centralbank.ie/docs/default-source/publications/discussion-papers/discussion-paper-6/amundi-response-etf-discussion-paper.pdf?sfvrsn=8bbaaa1d_0,https://www.centralbank.ie/publication/discussion-papers/discussion-paper-6---exchange-traded-funds,pdf,stakeholder-discussion-submission,consultation-submission,,dp6,stakeholder,stakeholder,stakeholder,rule-classified,filename-attribution:response,filename-attribution:response,high,,11,discussion-paper population,pending-independent-review,,,,,,
9089b7aac08c6635f864e8907da4f325d7e7df60af84185ea3d8cc109506a0c4,aref response to dp11,https://www.centralbank.ie/docs/default-source/publications/discussion-papers/discussion-paper-11/aref-response-to-dp11.pdf?sfvrsn=2f25611a_7,https://www.centralbank.ie/publication/discussion-papers/discussion-paper-11-an-approach-to-macroprudential-policy-for-investment-funds,pdf,stakeholder-discussion-submission,consultation-submission,,dp11,stakeholder,stakeholder,stakeholder,rule-classified,filename-attribution:response,filename-attribution:response,high,,5,discussion-paper population,pending-independent-review,,,,,,
90ddfba76fbe082d21ff5a573a17fa8f16df5a20763272479a1dfdc7135677c2,Feedback Statement on Exchange Traded Funds,http://www.centralbank.ie/docs/default-source/publications/discussion-papers/discussion-paper-6/feedback-statement-on-exchange-traded-funds---discussion-paper-6.pdf?sfvrsn=2,https://www.centralbank.ie/news/article/feedback-statement-exchange-traded-funds-14-septermber-2018,pdf,cbi-consultation-feedback,feedback-statement,,dp6,central-bank,central-bank,cbi-institutional,rule-classified,filename-strong-cbi-doctype:feedback-statement,filename-strong-cbi-doctype:feedback-statement,high,Central Bank of Ireland,63,discussion-paper population,pending-independent-review,,,,,,
932869c81a8d3d6d44618a245273ba4d2b069090b783d1c253bfa2c9ea5fd0c8,Withdrawal of Policy Statement EBA Remuneration Guidelines Proportionality 17 January 2022,https://www.centralbank.ie/docs/default-source/regulation/industry-market-sectors/credit-institutions/regulatory-requirements/withdrawal-policy-statement-eba-remuneration-guidelines-proportionality-17-january-2022.pdf?sfvrsn=f768931d_6,https://www.centralbank.ie/regulation/industry-market-sectors/credit-institutions/regulatory-requirements,pdf,cbi-regulatory-material,regulatory-material,,,unresolved,central-bank,unknown,unreviewed,centralbank.ie host path is not authorship evidence,host-path-only:non-consultation,low,,2,unknown external-authority or tribunal candidate,pending-independent-review,,,,,,
933d3b5f36cc11f972203ba1198f5774cb35b2ab40538721bb6cdd089e9ad53f,bny mellon response etf discussion paper,https://www.centralbank.ie/docs/default-source/publications/discussion-papers/discussion-paper-6/bny-mellon-response-etf-discussion-paper.pdf?sfvrsn=dbbaaa1d_0,https://www.centralbank.ie/publication/discussion-papers/discussion-paper-6---exchange-traded-funds,pdf,stakeholder-discussion-submission,consultation-submission,,dp6,stakeholder,stakeholder,stakeholder,rule-classified,filename-attribution:response,filename-attribution:response,high,,12,discussion-paper population,pending-independent-review,,,,,,
94005947e603745f8d140af94429082bc990390a03800850b4dafcc489ad5bd8,Response Information,https://www.centralbank.ie/docs/default-source/publications/discussion-papers/discussion-paper-10/social-justice-ireland---response-to-dp10.pdf?sfvrsn=933f9f1d_2,https://www.centralbank.ie/publication/discussion-papers/discussion-paper-10-consumer-protection-code-review,pdf,stakeholder-discussion-submission,consultation-submission,,dp10,stakeholder,stakeholder,stakeholder,rule-classified,filename-attribution:response,filename-attribution:response,high,,13,discussion-paper population,pending-independent-review,,,,,,
950631c6c7516ceef16b1d43637173a0e168a2139af9e5641fecb1cc2330407d,Response Information,https://www.centralbank.ie/docs/default-source/publications/discussion-papers/discussion-paper-10/chill-insurance-limited---response-to-dp10.pdf?sfvrsn=e6389f1d_2,https://www.centralbank.ie/publication/discussion-papers/discussion-paper-10-consumer-protection-code-review,pdf,stakeholder-discussion-submission,consultation-submission,,dp10,stakeholder,stakeholder,stakeholder,rule-classified,filename-attribution:response,filename-attribution:response,high,,9,discussion-paper population,pending-independent-review,,,,,,
9577cde36d595d275f3f6a8135b11480052765ce75df9aca6121320ac20a5670,SuMiTRUST SUMITOMO MITSUI TRUST GROUP GLOBAL ASSET SERVICES,https://www.centralbank.ie/docs/default-source/publications/discussion-papers/discussion-paper-8/smt-fund-services-(ireland)-response-to-dp8.pdf?sfvrsn=6894b91d_2,https://www.centralbank.ie/publication/discussion-papers/discussion-paper-8---outsourcing---findings-and-issues-for-discussion,pdf,stakeholder-discussion-submission,consultation-submission,,dp8,stakeholder,stakeholder,stakeholder,rule-classified,filename-attribution:response,filename-attribution:response,high,,1,discussion-paper population,pending-independent-review,,,,,,
95b0b12b43b64cef78bcfc98870a5c73ffe8aa6cec302df1502fd94dd875e809,"Month Day, Year",https://www.centralbank.ie/docs/default-source/publications/discussion-papers/discussion-paper-8/northern-trust-response-to-dp8.pdf?sfvrsn=694b91d_2,https://www.centralbank.ie/publication/discussion-papers/discussion-paper-8---outsourcing---findings-and-issues-for-discussion,pdf,stakeholder-discussion-submission,consultation-submission,,dp8,stakeholder,stakeholder,stakeholder,rule-classified,filename-attribution:response,filename-attribution:response,high,,2,discussion-paper population,pending-independent-review,,,,,,
95c933605b68f9713ce4df4c5c6039af2ec46cfb7de8abc72fc561f1988705f9,"Vol 2023, No.4, Supply and Demand Determinants of Inflation in Ireland (McLaughlin and Conefrey)",https://www.centralbank.ie/docs/default-source/publications/economic-letters/supply-and-demand-determinants-of-inflation-in-ireland.pdf?sfvrsn=6d729c1d_12,https://www.centralbank.ie/news/article/central-bank-research-finds-banks-slower-to-reflect-ecb-policy-rate-changes-to-new-mortgage-rates-and-household-deposits,pdf,cbi-research,research-paper,,,unresolved,central-bank,unknown,unreviewed,centralbank.ie host path is not authorship evidence,host-path-only:non-consultation,low,,15,unknown external-authority or tribunal candidate,pending-independent-review,,,,,,
9714fc94efd1e56bab65531f6d86f1156d2e819b6e6193390d8501575bb1cd81,EBA BS xx Draft Annex III (Draft CP on Amending ITS on Supervisory Disclosure).xlsx,https://www.centralbank.ie/docs/default-source/regulation/how-we-regulate/supervision/options-and-national-discretions/gns-4-1-2-2-4-options-and-national-discretions.pdf?sfvrsn=1105d61d_26,https://www.centralbank.ie/regulation/how-we-regulate/supervision/supervisory-disclosures/options-and-national-discretions,pdf,cbi-regulatory-material,regulatory-material,,,unresolved,central-bank,unknown,unreviewed,centralbank.ie host path is not authorship evidence,host-path-only:non-consultation,low,,18,unknown external-authority or tribunal candidate,pending-independent-review,,,,,,
97ccfba57f8799a2592d9292b3c7659055ce1ddd9c81317733cea43811298570,Figure 1,https://www.centralbank.ie/docs/default-source/publications/discussion-papers/discussion-paper-6/ici-global-response-etf-discussion-paper.pdf?sfvrsn=efbbaa1d_0,https://www.centralbank.ie/publication/discussion-papers/discussion-paper-6---exchange-traded-funds,pdf,stakeholder-discussion-submission,consultation-submission,,dp6,stakeholder,stakeholder,stakeholder,rule-classified,filename-attribution:response,filename-attribution:response,high,,12,discussion-paper population,pending-independent-review,,,,,,
98290b9ea665ea1be55a19e187e3d0ac58c30041bd9746a86c295de333ac99b7,Industry Letter - 2022 ESMA Common Supervisory Action on Asset Valuation,https://www.centralbank.ie/docs/default-source/regulation/industry-market-sectors/funds/industry-communications/industry-letter-2022-esma-common-supervisory-action-on-asset-valuation.pdf?sfvrsn=2b40621a_5,https://www.centralbank.ie/regulation/industry-market-sectors/funds/industry-communications,pdf,cbi-regulatory-material,regulatory-material,,,unresolved,central-bank,unknown,unreviewed,centralbank.ie host path is not authorship evidence,host-path-only:non-consultation,low,,7,unknown external-authority or tribunal candidate,pending-independent-review,,,,,,
98ac5f88f2bc14bea7de6153572ee792721afabde911862d95c5618ba5d72bf3,CP32 Voluntary Gonsumer Protection Code for Credit Unions Submission by the Credit Union Technology Suppliers Forum,https://www.centralbank.ie/docs/default-source/publications/consultation-papers/cp32/credit-union-technology-suppliers-forum.pdf?sfvrsn=94ced51d_4,https://www.centralbank.ie/publication/consultation-papers/cp32-voluntary-consumer-protection-code-for-credit-unions,pdf,stakeholder-consultation-submission,consultation-submission,cp32,cp32,stakeholder,stakeholder,stakeholder,rule-classified,content-stakeholder(3v0):this submission,content-stakeholder(3v0):this submission,medium,,4,content-scored consultation edge case,pending-independent-review,,,,,,
98cce86c61599f9c18cde3fc8641ffe10cf522efe1f93f45e56ed6f3f5f350bb,European Central Bank (ECB) Regulation on payments statistics – Frequently asked questions,https://www.centralbank.ie/docs/default-source/statistics/statistical-reporting-requirements/payment-services-providers/ecb-payment-statistics-regulation-update/faq's.pdf?sfvrsn=fda0891d_6,https://www.centralbank.ie/statistics/statistical-reporting-requirements/payment-service-providers/ecb-payment-statistics-regulation-update,pdf,cbi-statistical-material,statistical-material,,,unresolved,central-bank,unknown,unreviewed,centralbank.ie host path is not authorship evidence,host-path-only:non-consultation,low,,5,unknown external-authority or tribunal candidate,pending-independent-review,,,,,,
9907a3811a5cf0a8ff816534ca2c69abf3d25e5957ba2beaa3ee22b964691604,Industry Letter - EBA Survey on Initial Margin Model - 241120,https://www.centralbank.ie/docs/default-source/regulation/industry-market-sectors/funds/industry-communications/industry-letter---eba-survey-on-initial-margin-model---241120.pdf?sfvrsn=24a8671a_8,https://www.centralbank.ie/regulation/industry-market-sectors/funds/industry-communications,pdf,cbi-regulatory-material,regulatory-material,,,unresolved,central-bank,unknown,unreviewed,centralbank.ie host path is not authorship evidence,host-path-only:non-consultation,low,,2,unknown external-authority or tribunal candidate,pending-independent-review,,,,,,
998dac945338b9903180ac8dcef287714c0a57cff4d4f0380d7fed8b4aaff5e2,Notice of Intention ESMA Guidelines on Liquidity Stress Testing in UCITS and AIFs,https://www.centralbank.ie/docs/default-source/regulation/industry-market-sectors/funds/industry-communications/notice-of-intention-esma-guidelines-on-liquidity-stress-testing-in-ucits-and-aifs---13-july-2020.pdf?sfvrsn=1c83851d_6,https://www.centralbank.ie/regulation/industry-market-sectors/funds/industry-communications,pdf,cbi-regulatory-material,regulatory-material,,,unresolved,central-bank,unknown,unreviewed,centralbank.ie host path is not authorship evidence,host-path-only:non-consultation,low,,3,unknown external-authority or tribunal candidate,pending-independent-review,,,,,,
9a223a3ad084201f407737ffade2222da065fb05d54f2b524900e0a81e6f7bba,Notice of Intention in relation to ESMA Guidelines on stress testing scenarios under the MMF Regulations  - 030524,https://www.centralbank.ie/docs/default-source/regulation/industry-market-sectors/funds/industry-communications/esma-guidelines-on-stress-testing-scenarios-under-the-mmf-regulations.pdf,https://www.centralbank.ie/regulation/industry-market-sectors/funds/industry-communications,pdf,cbi-regulatory-material,regulatory-material,,,unresolved,central-bank,unknown,unreviewed,centralbank.ie host path is not authorship evidence,host-path-only:non-consultation,low,,3,unknown external-authority or tribunal candidate,pending-independent-review,,,,,,
9b3ffa87e3baf60e2ea3ff0e4256a3602594b4ef8b22f74e35e3bbcd138c4839,Submission on CP 86 by Gerry Moloney,https://www.centralbank.ie/docs/default-source/publications/consultation-papers/cp86/gerry-moloney.pdf?sfvrsn=6c9de1d_4,https://www.centralbank.ie/publication/consultation-papers/cp86-consultation-on-fund-management-company-effectiveness-delegate-oversight,pdf,stakeholder-consultation-submission,consultation-submission,cp86,cp86,stakeholder,stakeholder,stakeholder,rule-classified,content-stakeholder(3v0):this submission,content-stakeholder(3v0):this submission,medium,,3,content-scored consultation edge case,pending-independent-review,,,,,,
9cfc8dac66b8245ea2464c1487df15319d207cf44bd51b2c154062570eb1831b,Wef,https://www.centralbank.ie/docs/default-source/publications/discussion-papers/discussion-paper-6/etfs-response-etf-discussion-paper.pdf?sfvrsn=4fb9aa1d_0,https://www.centralbank.ie/publication/discussion-papers/discussion-paper-6---exchange-traded-funds,pdf,stakeholder-discussion-submission,consultation-submission,,dp6,stakeholder,stakeholder,stakeholder,rule-classified,filename-attribution:response,filename-attribution:response,high,,10,discussion-paper population,pending-independent-review,,,,,,
9ed95a4c49e7a3ed5fcac4a8bf8db3e75922c667c11acaff0eae1a89dcc25798,National Supervisors Forum Consumers Protection Submission 2023,https://www.centralbank.ie/docs/default-source/publications/discussion-papers/discussion-paper-10/national-supervisors-forum---response-to-dp10.pdf?sfvrsn=f9339f1d_2,https://www.centralbank.ie/publication/discussion-papers/discussion-paper-10-consumer-protection-code-review,pdf,stakeholder-discussion-submission,consultation-submission,,dp10,stakeholder,stakeholder,stakeholder,rule-classified,filename-attribution:response,filename-attribution:response,high,,6,discussion-paper population,pending-independent-review,,,,,,
9f03d9e05ef28586159240cf12a78f4d8ffe98770a96272bdee83e71820433cb,251024 Notice of intention - ESMA Guidelines on outsourcing to cloud service providers,https://www.centralbank.ie/docs/default-source/regulation/industry-market-sectors/funds/industry-communications/esma-guidelines-on-outsourcing-to-cloud-service-providers.pdf?sfvrsn=105a6f1a_8,https://www.centralbank.ie/regulation/industry-market-sectors/funds/industry-communications,pdf,cbi-regulatory-material,regulatory-material,,,unresolved,central-bank,unknown,unreviewed,centralbank.ie host path is not authorship evidence,host-path-only:non-consultation,low,,4,unknown external-authority or tribunal candidate,pending-independent-review,,,,,,
9ff7bcf714b43f17dd7503ee48f6dbbea421b03e2153c1d430de0114c303c9f0,Microsoft Word - CBI DP Commission Allianz reply 30 Sept 2016,https://www.centralbank.ie/docs/default-source/publications/discussion-papers/discussion-paper-5/allianz---discussion-paper-on-payment-of-commission-to-intermediaries.pdf?sfvrsn=5177d91d_2,https://www.centralbank.ie/publication/discussion-papers/discussion-paper-5-on-payment-of-commission-to-intermediaries,pdf,stakeholder-discussion-submission,consultation-submission,,dp5,stakeholder,stakeholder,stakeholder,manual-reviewed,opening-page issuer and reply heading,adjudicated:adversarial-source-review-2026-08-31,high,Allianz,4,discussion-paper population,pending-independent-review,,,,,,
a09380585a2ea603481cc12b213c817e4d2b5eb9da0fae299c19d85eb2dbba74,"Dear Sir/Madam,",https://www.centralbank.ie/docs/default-source/publications/consultation-papers/cp33/national-carways-(ireland)-limited.pdf?sfvrsn=a83bd51d_2,https://www.centralbank.ie/publication/consultation-papers/cp33-consumer-protection-code-for-licensed-moneylenders,pdf,stakeholder-consultation-submission,consultation-submission,cp33,cp33,stakeholder,stakeholder,stakeholder,rule-classified,content-stakeholder(4v0):dear sir;yours sincerely,content-stakeholder(4v0):dear sir;yours sincerely,medium,,1,content-scored consultation edge case,pending-independent-review,,,,,,
a09a5c5df40ef074a1b79bafeefd96df0dc4a34537386d626ade7bd2c48bab90,THE HIGH COURT,https://www.centralbank.ie/docs/default-source/regulation/industry-market-sectors/investment-firms/custom-house-capital/4th-affidavit-noel-thompson.pdf?sfvrsn=f5aa21d_4,https://www.centralbank.ie/news/article/update-on-custom-house-capital,pdf,cbi-regulatory-material,regulatory-material,,,unresolved,central-bank,unknown,unreviewed,centralbank.ie host path is not authorship evidence,host-path-only:non-consultation,low,,4,unknown external-authority or tribunal candidate,pending-independent-review,,,,,,
a1f7c09fef0617d9186d686449117147948a35127728f09b473ea9bd6c915dbc,PowerPoint Presentation,https://www.centralbank.ie/docs/default-source/statistics/statistical-reporting-requirements/payment-services-providers/ecb-payment-statistics-regulation-update/ecb-regulation-on-payments-statistics-update---2nd-industry-engagement-event.pdf?sfvrsn=fcda8c1d_2,https://www.centralbank.ie/statistics/statistical-reporting-requirements/payment-service-providers/ecb-payment-statistics-regulation-update,pdf,cbi-statistical-material,statistical-material,,,unresolved,central-bank,unknown,unreviewed,centralbank.ie host path is not authorship evidence,host-path-only:non-consultation,low,,17,unknown external-authority or tribunal candidate,pending-independent-review,,,,,,
a2934bcde405418beb862a094d7b3e0124d96e40a5fa222faeb44480aca3d0e7,"Consumer Protection Policy Division, Central Bank of Ireland, Dublin 2",https://www.centralbank.ie/docs/default-source/publications/discussion-papers/discussion-paper-5/harvest-financial-services-limited---discussion-paper-on-payment-of-commission-to-intermediaries.pdf?sfvrsn=2d72d91d_2,https://www.centralbank.ie/publication/discussion-papers/discussion-paper-5-on-payment-of-commission-to-intermediaries,pdf,stakeholder-discussion-submission,consultation-submission,,dp5,stakeholder,stakeholder,stakeholder,manual-reviewed,opening-page issuer and response voice,adjudicated:adversarial-source-review-2026-08-31,high,Harvest Financial Services Limited,2,discussion-paper population,pending-independent-review,,,,,,
a2a02a9c3fe5b98882d75f8039f24b9cb51a5966c1c3febd4ed73deb6524ab95,Questions on Risk Appetite Statement,https://www.centralbank.ie/docs/default-source/publications/discussion-papers/discussion-paper-4/three-rock-capital-management---response-to-risk-appetite-discussion-paper.pdf?sfvrsn=bb16d81d_2,https://www.centralbank.ie/publication/discussion-papers/discussion-paper-4---risk-appetite-discussion-paper,pdf,stakeholder-discussion-submission,consultation-submission,,dp4,stakeholder,stakeholder,stakeholder,rule-classified,filename-attribution:response,filename-attribution:response,high,,3,discussion-paper population,pending-independent-review,,,,,,
a3890b7ae1c3320cfc33ca7fe8b403e4196cf22da1ec0e4dc8f8590c2a3b0bff,Our Ref,https://www.centralbank.ie/docs/default-source/publications/consultation-papers/cp86/legal-general.pdf?sfvrsn=6ac9de1d_4,https://www.centralbank.ie/publication/consultation-papers/cp86-consultation-on-fund-management-company-effectiveness-delegate-oversight,pdf,stakeholder-consultation-submission,consultation-submission,cp86,cp86,stakeholder,stakeholder,stakeholder,rule-classified,content-stakeholder(7v0):we welcome the opportunity;dear sir;our response to,content-stakeholder(7v0):we welcome the opportunity;dear sir;our response to,medium,,3,content-scored consultation edge case,pending-independent-review,,,,,,
a4988a56224fd7ea891ea0896a7435981a701a1c22164fe57d2129d612c6b91b,risk appetite paper,https://www.centralbank.ie/docs/default-source/publications/discussion-papers/discussion-paper-4/risk-appetite-paper.pdf?sfvrsn=5715d81d_2,https://www.centralbank.ie/publication/discussion-papers/discussion-paper-4---risk-appetite-discussion-paper,pdf,cbi-discussion-material,consultation-or-discussion-material,,dp4,central-bank,unresolved,cbi-institutional,manual-reviewed,Authors and Policy and Risk Directorate are named; text speaks as the Central Bank.,adjudicated:opening-and-closing-page-adjudication-2026-08-30,high,Central Bank of Ireland,23,discussion-paper population,pending-independent-review,,,,,,
a5031472d6e5a1241edf6dcea6dcbc3d7be4597144f36ea904e6e5926bc06460,2. Digital Marketing,https://www.centralbank.ie/docs/default-source/publications/discussion-papers/discussion-paper-10/data-protection-commission---response-to-dp10.pdf?sfvrsn=be339f1d_2,https://www.centralbank.ie/publication/discussion-papers/discussion-paper-10-consumer-protection-code-review,pdf,stakeholder-discussion-submission,consultation-submission,,dp10,stakeholder,stakeholder,stakeholder,rule-classified,filename-attribution:response,filename-attribution:response,high,,12,discussion-paper population,pending-independent-review,,,,,,
a5dbc1c25c90f10f32355608ce7e7bbc3f467aa7499c31066f122c9b52403d13,Microsoft Word - MCR_PMI_ Submission HAH,https://www.centralbank.ie/docs/default-source/publications/consultation-papers/cp37/hibernian-aviva-health-insurance-limited.pdf?sfvrsn=72aad51d_0,https://www.centralbank.ie/publication/consultation-papers/cp37-limited-consultation-on-minimum-competency-requirements-for-private-medical-insurance,pdf,stakeholder-consultation-submission,consultation-submission,cp37,cp37,stakeholder,stakeholder,stakeholder,rule-classified,content-stakeholder(3v0):submission to the financial regulator,content-stakeholder(3v0):submission to the financial regulator,medium,,11,content-scored consultation edge case,pending-independent-review,,,,,,
a75cda018ed4f5da886ec36f66a3505ffd393f06f6a912330c5426688fb3e818,THE HIGH COURT,https://www.centralbank.ie/docs/default-source/regulation/industry-market-sectors/investment-firms/custom-house-capital/affidavit-george-treacy-20july2011.pdf?sfvrsn=85aa21d_4,https://www.centralbank.ie/news/article/update-on-custom-house-capital,pdf,cbi-regulatory-material,regulatory-material,,,unresolved,central-bank,unknown,unreviewed,centralbank.ie host path is not authorship evidence,host-path-only:non-consultation,low,,2,unknown external-authority or tribunal candidate,pending-independent-review,,,,,,
a8e6dd9591bf4d86d63933ac59f8c44eb794348a2d017d9b885a42d94fbdd345,Consumer Protection Code Review,https://www.centralbank.ie/docs/default-source/publications/discussion-papers/discussion-paper-10/fermat-point---response-to-dp10.pdf?sfvrsn=cf389f1d_2,https://www.centralbank.ie/publication/discussion-papers/discussion-paper-10-consumer-protection-code-review,pdf,stakeholder-discussion-submission,consultation-submission,,dp10,stakeholder,stakeholder,stakeholder,rule-classified,filename-attribution:response,filename-attribution:response,high,,11,discussion-paper population,pending-independent-review,,,,,,
a91b7348b1675d24285c135d4f5ea595d3845a8c160f3d5dd15d19be39d63cb6,Voluntary Consumer Protection Code for Credit Unions - Response to Consultation Paper 32,https://www.centralbank.ie/docs/default-source/publications/consultation-papers/cp32/leixlip-and-district-credit-union.pdf?sfvrsn=f2ced51d_4,https://www.centralbank.ie/publication/consultation-papers/cp32-voluntary-consumer-protection-code-for-credit-unions,pdf,stakeholder-consultation-submission,consultation-submission,cp32,cp32,stakeholder,stakeholder,stakeholder,rule-classified,content-stakeholder(3v0):response to consultation paper,content-stakeholder(3v0):response to consultation paper,medium,,4,content-scored consultation edge case,pending-independent-review,,,,,,
aa57f0b8146ad66120431011a33283669dd41d8e239decfe98ee77b5f0022b01,European Central Bank Statistical Reporting Requirements for Pension Funds,https://www.centralbank.ie/docs/default-source/statistics/statistical-reporting-requirements/pension-funds/pension-funds/central-bank-of-ireland-pension-fund-workshop-23-may-2019.pdf?sfvrsn=f351be1d_6,https://www.centralbank.ie/statistics/statistical-reporting-requirements/pension-funds,pdf,cbi-statistical-material,statistical-material,,,unresolved,central-bank,unknown,unreviewed,centralbank.ie host path is not authorship evidence,host-path-only:non-consultation,low,,54,unknown external-authority or tribunal candidate,pending-independent-review,,,,,,
ab23fef96cd0439d9e5aaaca814be63f3f62a76e5441f72330522a2649e46cc6,DP12 - Distributed Ledger Technology & Tokenisation in Financial Services,https://www.centralbank.ie/docs/default-source/publications/discussion-papers/discussion-paper-12/dp12-dlt-tokenisation-in-financial-services.pdf?sfvrsn=a515721a_14,https://www.centralbank.ie/news/article/blog-future-proofing-europe-s-financial-system-2-April-26,pdf,cbi-discussion-material,consultation-or-discussion-material,,dp12,central-bank,central-bank,cbi-institutional,rule-classified,filename-cp-prefix-without-attribution,filename-cp-prefix-without-attribution,medium,Central Bank of Ireland,54,discussion-paper population,pending-independent-review,,,,,,
acc8f57fc114f4496d70326a66d4f855ac90006a4815665222d239307126e22b,markResponse to Central Bank Discussion Paper on the Payment of Commission to Intermediaries/mark,https://www.centralbank.ie/docs/default-source/publications/discussion-papers/discussion-paper-5/trustee-decisions-limited---discussion-paper-on-payment-of-commission-to-intermediaries.pdf?sfvrsn=db73d91d_2,https://www.centralbank.ie/publication/discussion-papers/discussion-paper-5-on-payment-of-commission-to-intermediaries,pdf,stakeholder-discussion-submission,consultation-submission,,dp5,stakeholder,stakeholder,stakeholder,manual-reviewed,opening-page issuer and response voice,adjudicated:adversarial-source-review-2026-08-31,high,Trustee Decisions Limited,8,discussion-paper population,pending-independent-review,,,,,,
adc2d8c5f0744756423290669f1a03c3782c2f186cd27f58475c23e56bee6f75,Competition and Consumer Protection Commission response to CP158,https://www.centralbank.ie/docs/default-source/publications/consultation-papers/cp158/competition-and-consumer-protection-commission.pdf?sfvrsn=b2416a1a_3,https://www.centralbank.ie/publication/consultation-papers/cp158---consultation-paper-on-the-consumer-protection-code,pdf,stakeholder-consultation-submission,consultation-submission,cp158,cp158,stakeholder,stakeholder,stakeholder,rule-classified,content-stakeholder(6v0):welcomes the opportunity to respond;submission to the central bank,content-stakeholder(6v0):welcomes the opportunity to respond;submission to the central bank,medium,,19,content-scored consultation edge case,pending-independent-review,,,,,,
aebfbc88aa15d9842450a93fc7bf90f453cee2c66dd767faadc0529a19564f82,uOffering Consumer Choice & Advice/u,https://www.centralbank.ie/docs/default-source/publications/discussion-papers/discussion-paper-5/mortgage-insight-dac---discussion-paper-on-payment-of-commission-to-intermediaries.pdf?sfvrsn=a773d91d_2,https://www.centralbank.ie/publication/discussion-papers/discussion-paper-5-on-payment-of-commission-to-intermediaries,pdf,stakeholder-discussion-submission,consultation-submission,,dp5,stakeholder,stakeholder,stakeholder,manual-reviewed,opening-page issuer and response voice,adjudicated:adversarial-source-review-2026-08-31,high,Mortgage Insight DAC,4,discussion-paper population,pending-independent-review,,,,,,
afc2ee63508d0d4b288cc8196bd68ff1e704a0e6fec164fa855858da480d143f,t,https://www.centralbank.ie/docs/default-source/publications/discussion-papers/disucssion-paper-2/dis-2-irish-banking-federation-submission---discussion-paper-on-switching-code.pdf?sfvrsn=c142d81d_4,https://www.centralbank.ie/publication/discussion-papers/discussion-paper-on-the-code-of-conduct-on-the-switching-of-current-accounts-with-credit-institutions,pdf,stakeholder-discussion-submission,consultation-submission,,dp2,stakeholder,stakeholder,stakeholder,rule-classified,filename-attribution:submission,filename-attribution:submission,high,,7,discussion-paper population,pending-independent-review,,,,,,
b048bcf75f2fd7e13d4023095a61af5e5ca9dd9ba692b33e1ef388e7d98a8797,EBA BS xx Draft Annex IV (Draft CP on Amending ITS on Supervisory Disclosure).xlsx,https://www.centralbank.ie/docs/default-source/regulation/industry-market-sectors/investment-firms/supervisory-disclosures/aggregate-statistical-data/statistical-data-part-1.pdf?sfvrsn=7521971d_3,https://www.centralbank.ie/regulation/industry-market-sectors/investment-firms/supervisory-disclosures/aggregate-statistical-data,pdf,cbi-regulatory-material,regulatory-material,,,unresolved,central-bank,unknown,unreviewed,centralbank.ie host path is not authorship evidence,host-path-only:non-consultation,low,,1,unknown external-authority or tribunal candidate,pending-independent-review,,,,,,
b09d7a1faf571072fafab76b482997a0b2e3247dac5e9564c77ffd4a278b4d1b,Re: Central Bank of Ireland Discussion Paper 6 on Exchange Traded Funds,https://www.centralbank.ie/docs/default-source/publications/discussion-papers/discussion-paper-6/blackrock-response-etf-discussion-paper.pdf?sfvrsn=f3baaa1d_0,https://www.centralbank.ie/publication/discussion-papers/discussion-paper-6---exchange-traded-funds,pdf,stakeholder-discussion-submission,consultation-submission,,dp6,stakeholder,stakeholder,stakeholder,rule-classified,filename-attribution:response,filename-attribution:response,high,,14,discussion-paper population,pending-independent-review,,,,,,
b10f5dd68c37ea2378edc507ca7b713fe6482a03e236b736dda8fb384b0b242a,Response Information,https://www.centralbank.ie/docs/default-source/publications/discussion-papers/discussion-paper-10/age-friendly-ireland---response-to-dp10.pdf?sfvrsn=85389f1d_2,https://www.centralbank.ie/publication/discussion-papers/discussion-paper-10-consumer-protection-code-review,pdf,stakeholder-discussion-submission,consultation-submission,,dp10,stakeholder,stakeholder,stakeholder,rule-classified,filename-attribution:response,filename-attribution:response,high,,8,discussion-paper population,pending-independent-review,,,,,,
b31f7bd2a809969e1abd464257e08e98723128c43efcd52fcfee07d4afc4d5eb,Availability and Choice- Effective Market Functioning,https://www.centralbank.ie/docs/default-source/publications/discussion-papers/discussion-paper-10/brokers-ireland---response-to-dp10.pdf?sfvrsn=b4329f1d_2,https://www.centralbank.ie/publication/discussion-papers/discussion-paper-10-consumer-protection-code-review,pdf,stakeholder-discussion-submission,consultation-submission,,dp10,stakeholder,stakeholder,stakeholder,rule-classified,filename-attribution:response,filename-attribution:response,high,,10,discussion-paper population,pending-independent-review,,,,,,
b3930c5bf85f48ea13f9664d3629341afabfbfed6006c4cec3439a7e845e7b5e,EBA BS xx Draft Annex IV (Draft CP on Amending ITS on Supervisory Disclosure).xlsx,https://www.centralbank.ie/docs/default-source/regulation/industry-market-sectors/investment-firms/supervisory-disclosures/aggregate-statistical-data/statistical-data-part-4.pdf?sfvrsn=7421971d_3,https://www.centralbank.ie/regulation/industry-market-sectors/investment-firms/supervisory-disclosures/aggregate-statistical-data,pdf,cbi-regulatory-material,regulatory-material,,,unresolved,central-bank,unknown,unreviewed,centralbank.ie host path is not authorship evidence,host-path-only:non-consultation,low,,1,unknown external-authority or tribunal candidate,pending-independent-review,,,,,,
b3d38d5e27a700a90169793fa5e7a223ceace1560e7d28e40952888f44b9edef,Feedback Statement to DP11 - An approach to macroprudential policy for investment funds,https://www.centralbank.ie/docs/default-source/publications/discussion-papers/discussion-paper-11/feedback-statement-to-dp11-an-approach-to-macroprudential-policy-for-investment-funds.pdf,https://www.centralbank.ie/financial-system/financial-stability/macro-prudential-policy/nbfi/macroprudential-policy-for-investment-funds,pdf,cbi-consultation-feedback,feedback-statement,,dp11,central-bank,central-bank,cbi-institutional,rule-classified,filename-strong-cbi-doctype:feedback-statement,filename-strong-cbi-doctype:feedback-statement,high,Central Bank of Ireland,28,discussion-paper population,pending-independent-review,,,,,,
b3e04374e06ab8f123946ca88cf467fd866010fe6e0ec968f33cc84ed81f610d,Response Information,https://www.centralbank.ie/docs/default-source/publications/discussion-papers/discussion-paper-10/compliance-institute-response---response-to-dp10.pdf?sfvrsn=833f9f1d_2,https://www.centralbank.ie/publication/discussion-papers/discussion-paper-10-consumer-protection-code-review,pdf,stakeholder-discussion-submission,consultation-submission,,dp10,stakeholder,stakeholder,stakeholder,rule-classified,filename-attribution:response,filename-attribution:response,high,,10,discussion-paper population,pending-independent-review,,,,,,
b41dfe8ab5851843d310e3f9817368f7f72a1228217d6c46d03f34e6f631eae7,(by email only),https://www.centralbank.ie/docs/default-source/publications/discussion-papers/discussion-paper-10/irish-league-of-credit-unions---response-to-dp10.pdf?sfvrsn=2c329f1d_2,https://www.centralbank.ie/publication/discussion-papers/discussion-paper-10-consumer-protection-code-review,pdf,stakeholder-discussion-submission,consultation-submission,,dp10,stakeholder,stakeholder,stakeholder,rule-classified,filename-attribution:response,filename-attribution:response,high,,8,discussion-paper population,pending-independent-review,,,,,,
b45dcf47cdd5db9c6b4073bf719f484cd4ddd374a4125a8ef13c618e569ae6c7,Central Bank Code review,https://www.centralbank.ie/docs/default-source/publications/discussion-papers/discussion-paper-10/national-disability-authority---response-to-dp10.pdf?sfvrsn=2329f1d_2,https://www.centralbank.ie/publication/discussion-papers/discussion-paper-10-consumer-protection-code-review,pdf,stakeholder-discussion-submission,consultation-submission,,dp10,stakeholder,stakeholder,stakeholder,rule-classified,filename-attribution:response,filename-attribution:response,high,,10,discussion-paper population,pending-independent-review,,,,,,
b4b4dd56c24da42261ec16fbc8c91d00763a241569c8b023acf53e74f58abe81,EBA IF NCA disclosure ITS - Annex I 2026.xlsx,https://www.centralbank.ie/docs/default-source/regulation/industry-market-sectors/investment-firms/supervisory-disclosures/rules-and-guidance/rules-and-guidance-part-4.pdf?sfvrsn=922971d_12,https://www.centralbank.ie/regulation/industry-market-sectors/investment-firms/supervisory-disclosures/rules-and-guidance,pdf,cbi-regulatory-material,regulatory-material,,,unresolved,central-bank,unknown,unreviewed,centralbank.ie host path is not authorship evidence,host-path-only:non-consultation,low,,1,unknown external-authority or tribunal candidate,pending-independent-review,,,,,,
b4cba8324bd51f02eed8710af335363790d814cf28fe047f31cf97abd0c43f61,The Fund Governance Boardroom Panel,https://www.centralbank.ie/docs/default-source/publications/consultation-papers/cp86/fgbp.pdf?sfvrsn=cc9de1d_4,https://www.centralbank.ie/publication/consultation-papers/cp86-consultation-on-fund-management-company-effectiveness-delegate-oversight,pdf,stakeholder-consultation-submission,consultation-submission,cp86,cp86,stakeholder,stakeholder,stakeholder,rule-classified,content-stakeholder(10v1):we welcome the opportunity;dear sir;yours faithfully,content-stakeholder(10v1):we welcome the opportunity;dear sir;yours faithfully,medium,,6,content-scored consultation edge case,pending-independent-review,,,,,,
b5f3602aa514fb763e691e0c2055e2d3cba23f909403abe5a5c058828d382d65,markIntroduction/mark,https://www.centralbank.ie/docs/default-source/publications/discussion-papers/discussion-paper-6/flow-traders-response-etf-discussion-paper.pdf?sfvrsn=a3bbaa1d_0,https://www.centralbank.ie/publication/discussion-papers/discussion-paper-6---exchange-traded-funds,pdf,stakeholder-discussion-submission,consultation-submission,,dp6,stakeholder,stakeholder,stakeholder,rule-classified,filename-attribution:response,filename-attribution:response,high,,6,discussion-paper population,pending-independent-review,,,,,,
b76a37525de9830ed9b9dc7919a4150135b4f62c355d83207ae0cbada47cb1bb,portlaoise credit union,https://www.centralbank.ie/docs/default-source/publications/consultation-papers/cp32/portlaoise-credit-union.pdf?sfvrsn=e3ced51d_4,https://www.centralbank.ie/publication/consultation-papers/cp32-voluntary-consumer-protection-code-for-credit-unions,pdf,stakeholder-consultation-submission,consultation-submission,cp32,cp32,stakeholder,stakeholder,stakeholder,rule-classified,content-stakeholder(5v0):dear sir;the following comments,content-stakeholder(5v0):dear sir;the following comments,medium,,3,content-scored consultation edge case,pending-independent-review,,,,,,
b7ecd86fd7e51cf9ac31d0e319d4bc8c7297847b0167708fec62a0efaa201b4e,Exchange Traded Funds Discussion Paper (the “Discussion Paper”),https://www.centralbank.ie/docs/default-source/publications/discussion-papers/discussion-paper-6/william-fry-response-etf-discussion-paper.pdf?sfvrsn=4d44ab1d_0,https://www.centralbank.ie/publication/discussion-papers/discussion-paper-6---exchange-traded-funds,pdf,stakeholder-discussion-submission,consultation-submission,,dp6,stakeholder,stakeholder,stakeholder,rule-classified,filename-attribution:response,filename-attribution:response,high,,4,discussion-paper population,pending-independent-review,,,,,,
b869b3b6d605c90c42629963d4cdc63aaac4d106f1eb71e849626fdccea92cfb,LSEG Response to Central Bank of Ireland Discussion Paper on Exchange Traded Funds (ETFs).,https://www.centralbank.ie/docs/default-source/publications/discussion-papers/discussion-paper-6/lseg-response-etf-discussion-paper.pdf?sfvrsn=6bbbaa1d_0,https://www.centralbank.ie/publication/discussion-papers/discussion-paper-6---exchange-traded-funds,pdf,stakeholder-discussion-submission,consultation-submission,,dp6,stakeholder,stakeholder,stakeholder,rule-classified,filename-attribution:response,filename-attribution:response,high,,9,discussion-paper population,pending-independent-review,,,,,,
b8d9a2e67b524a51460331727720c28b37a47d39fc47c19a949bbd64dd1547ac,Central Banks:,https://www.centralbank.ie/docs/default-source/tns/events/6-ecb-dublin-keynote-slides.pdf?sfvrsn=5b85811d_2,https://www.centralbank.ie/events/2019/12/16/default-calendar/sixth-conference-on-household-finance-and-consumption,pdf,other-cbi-material,other,,,unresolved,central-bank,unknown,unreviewed,centralbank.ie host path is not authorship evidence,host-path-only:non-consultation,low,,29,unknown external-authority or tribunal candidate,pending-independent-review,,,,,,
b9110268b850fe914e979e80f65e035293bbdfa3af6a79750303f099943671d1,EBA IF NCA disclosure ITS - Annex II 2026.xlsx,https://www.centralbank.ie/docs/default-source/regulation/industry-market-sectors/investment-firms/supervisory-disclosures/options-and-national-discretions/options-and-national-discretions-part-3.pdf?sfvrsn=d622971d_14,https://www.centralbank.ie/regulation/industry-market-sectors/investment-firms/supervisory-disclosures/options-and-national-discretions,pdf,cbi-regulatory-material,regulatory-material,,,unresolved,central-bank,unknown,unreviewed,centralbank.ie host path is not authorship evidence,host-path-only:non-consultation,low,,1,unknown external-authority or tribunal candidate,pending-independent-review,,,,,,
b93920e2edd82195abadf9feb0474bf1bc067481950117a3c5b289af68d5802c,feedback cp85,http://www.centralbank.ie/docs/default-source/publications/Consultation-Papers/cp85/feedback-cp85.pdf,https://www.centralbank.ie/news/article/oliver-gilvarry-oireachtas-committee-finance-public-expenditure-reform,pdf,cbi-consultation-material,consultation-or-discussion-material,cp85,cp85,central-bank,central-bank,cbi-institutional,rule-classified,content-cbi(3v0):feedback statement,content-cbi(3v0):feedback statement,medium,Central Bank of Ireland,16,content-scored consultation edge case,pending-independent-review,,,,,,
b99e8712007f83d6d151284850a5db8520aea859c81df5e32d4ef92f7dc39a64,Microsoft Word - FSI response on outsourcing final,https://www.centralbank.ie/docs/default-source/publications/discussion-papers/discussion-paper-8/fsi-response-to-dp8.pdf?sfvrsn=d196b91d_2,https://www.centralbank.ie/publication/discussion-papers/discussion-paper-8---outsourcing---findings-and-issues-for-discussion,pdf,stakeholder-discussion-submission,consultation-submission,,dp8,stakeholder,stakeholder,stakeholder,rule-classified,filename-attribution:response,filename-attribution:response,high,,4,discussion-paper population,pending-independent-review,,,,,,
b9b1372b055d3173e853441cbf213e724f4f16057001763dde1f4d561791a75f,STATE STREET.,https://www.centralbank.ie/docs/default-source/publications/discussion-papers/discussion-paper-4/state-street-corporation---response-to-risk-appetite-discussion-paper.pdf?sfvrsn=4415d81d_2,https://www.centralbank.ie/publication/discussion-papers/discussion-paper-4---risk-appetite-discussion-paper,pdf,stakeholder-discussion-submission,consultation-submission,,dp4,stakeholder,stakeholder,stakeholder,rule-classified,filename-attribution:response,filename-attribution:response,high,,2,discussion-paper population,pending-independent-review,,,,,,
b9c42f4aaa8602cbb1c777950868fb7cb85167c947e238a1baece4015ca9f52c,Submission to the Central Bank of Ireland Discussion Paper on a Review of the Consumer Protecton Code,https://www.centralbank.ie/docs/default-source/publications/discussion-papers/discussion-paper-10/financial-services-ireland-(ibec)---response-to-dp10.pdf?sfvrsn=44319f1d_2,https://www.centralbank.ie/publication/discussion-papers/discussion-paper-10-consumer-protection-code-review,pdf,stakeholder-discussion-submission,consultation-submission,,dp10,stakeholder,stakeholder,stakeholder,rule-classified,filename-attribution:response,filename-attribution:response,high,,4,discussion-paper population,pending-independent-review,,,,,,
ba2247f3b9013e5cfe8fcb1348e2c2579e3db8e7285e042d2943963ab4c90a1a,Discussion Paper 9 - Use of Services Companies in the Insurance Sector,https://www.centralbank.ie/docs/default-source/publications/discussion-papers/discussion-paper-9/discussion-paper-9---use-of-services-companies-in-the-insurance-sector.pdf?sfvrsn=9f14831d_5,https://www.centralbank.ie/publication/discussion-papers/discussion-paper-9---use-of-services-companies-in-the-insurance-sector,pdf,cbi-discussion-material,consultation-or-discussion-material,,dp9,central-bank,central-bank,cbi-institutional,rule-classified,filename-cbi-doctype:discussion-paper,filename-cbi-doctype:discussion-paper,high,Central Bank of Ireland,17,discussion-paper population,pending-independent-review,,,,,,
bcd5587a4cdd32fadb840e68581274613e1d628fa1fed2b18885584910e16d1e,tmp80E.DOC,https://www.centralbank.ie/docs/default-source/publications/consultation-papers/cp60/lk-shields.pdf?sfvrsn=e785d51d_0,https://www.centralbank.ie/publication/consultation-papers/cp60-consultation-on-implementation-of-alternative-investment-fund-manager-directive,pdf,stakeholder-consultation-submission,consultation-submission,cp60,cp60,stakeholder,stakeholder,stakeholder,rule-classified,content-stakeholder(4v0):dear sir;yours faithfully,content-stakeholder(4v0):dear sir;yours faithfully,medium,,3,content-scored consultation edge case,pending-independent-review,,,,,,
be98c8be60799af318dba01929d9b81c1e0be68171a2a174ed82f92fa1865e73,Response to your discussion paper on Consumer Protection Code and the Digitalisation of Financial Services,https://www.centralbank.ie/docs/default-source/publications/discussion-papers/discussion-paper-7/know-your-customer-response-to-dp7.pdf?sfvrsn=7414b21d_2,https://www.centralbank.ie/publication/discussion-papers/discussion-paper-7---digitalisation-and-consumer-protection-code,pdf,stakeholder-discussion-submission,consultation-submission,,dp7,stakeholder,stakeholder,stakeholder,rule-classified,filename-attribution:response,filename-attribution:response,high,,4,discussion-paper population,pending-independent-review,,,,,,
befc384381b84f34e7ab1f481e3aec13efb3a0e14214a7fe1ea01f981966681f,NALA’s response to discussion paper on digitalisation of financial services,https://www.centralbank.ie/docs/default-source/publications/discussion-papers/discussion-paper-7/nala-response-to-dp7.pdf?sfvrsn=4814b21d_2,https://www.centralbank.ie/publication/discussion-papers/discussion-paper-7---digitalisation-and-consumer-protection-code,pdf,stakeholder-discussion-submission,consultation-submission,,dp7,stakeholder,stakeholder,stakeholder,rule-classified,filename-attribution:response,filename-attribution:response,high,,12,discussion-paper population,pending-independent-review,,,,,,
bf1e86fb92b6f2879ac9ee089e52558393da61a653216066d605174a91682943,CP 86 - Consultation on Fund Management Company Effectiveness – Delegate Oversight,https://www.centralbank.ie/docs/default-source/publications/consultation-papers/cp86/ifia.pdf?sfvrsn=7dc9de1d_4,https://www.centralbank.ie/publication/consultation-papers/cp86-consultation-on-fund-management-company-effectiveness-delegate-oversight,pdf,stakeholder-consultation-submission,consultation-submission,cp86,cp86,stakeholder,stakeholder,stakeholder,rule-classified,content-stakeholder(5v0):dear sir;welcomes the opportunity to comment,content-stakeholder(5v0):dear sir;welcomes the opportunity to comment,medium,,8,content-scored consultation edge case,pending-independent-review,,,,,,
c06874454fc4f15da60a29895025bd17b1e21d112b768adb3f7ad19c621f6439,"MARLBORO TRUST LTD, MAYFIELD BUSINESS PARK, MAYFIELD, CORK",https://www.centralbank.ie/docs/default-source/publications/consultation-papers/cp33/marlboro-trust-limited.pdf?sfvrsn=5d3bd51d_2,https://www.centralbank.ie/publication/consultation-papers/cp33-consumer-protection-code-for-licensed-moneylenders,pdf,stakeholder-consultation-submission,consultation-submission,cp33,cp33,stakeholder,stakeholder,stakeholder,rule-classified,content-stakeholder(6v0):this submission;our submission,content-stakeholder(6v0):this submission;our submission,medium,,2,content-scored consultation edge case,pending-independent-review,,,,,,
c0b69b1f093c647fc567f099c06450176f1298838657a4f4cf974ae5974c50a1,AIMA Response to the Central Bank of Ireland’s discussion paper 8 entitled “Outsourcing – Findings and Issues for Discussion”,https://www.centralbank.ie/docs/default-source/publications/discussion-papers/discussion-paper-8/aima-response-to-dp8.pdf?sfvrsn=a794b91d_2,https://www.centralbank.ie/publication/discussion-papers/discussion-paper-8---outsourcing---findings-and-issues-for-discussion,pdf,stakeholder-discussion-submission,consultation-submission,,dp8,stakeholder,stakeholder,stakeholder,rule-classified,filename-attribution:response,filename-attribution:response,high,,5,discussion-paper population,pending-independent-review,,,,,,
c17e5ab3e2427a1fda68ed2ed6e4d59eccc30994eb813bc42267ec513a752211,"AnaCredit Reporting Manual Part II – Datasets and data attributes, second edition",https://www.centralbank.ie/docs/default-source/statistics/statistical-reporting-requirements/anacredit-in-ireland/ecb-anacredit-manual-part-ii--datasets-anddata-attributes.pdf?sfvrsn=cecea11d_2,https://www.centralbank.ie/statistics/statistical-reporting-requirements/anacredit-in-ireland,pdf,cbi-statistical-material,statistical-material,,,unresolved,central-bank,unknown,unreviewed,centralbank.ie host path is not authorship evidence,host-path-only:non-consultation,low,,315,unknown external-authority or tribunal candidate,pending-independent-review,,,,,,
c18b6362b4a67cdec4c66d43d823bfc2d590cb3b19bf7d06ede31edca9a2b936,GE Money,https://www.centralbank.ie/docs/default-source/publications/consultation-papers/cp32/ge-money.pdf?sfvrsn=c1ced51d_4,https://www.centralbank.ie/publication/consultation-papers/cp32-voluntary-consumer-protection-code-for-credit-unions,pdf,stakeholder-consultation-submission,consultation-submission,cp32,cp32,stakeholder,stakeholder,stakeholder,rule-classified,content-stakeholder(4v0):dear sir;yours sincerely,content-stakeholder(4v0):dear sir;yours sincerely,medium,,2,content-scored consultation edge case,pending-independent-review,,,,,,
c1d04c418a03088a05181cfd2a1c988db94cd614dc98e21357db91c32230e313,Notice of intention in relation to the application of the ESMA Guidelines on marketing communications under the Regulation on cross-border distribution of funds,https://www.centralbank.ie/docs/default-source/regulation/industry-market-sectors/funds/industry-communications/notice-of-intention-application-of-esma-guidelines-marketing-communications-under-the-regulation-on-cross-border-distribution-of-funds.pdf?sfvrsn=cd3f8d1d_4,https://www.centralbank.ie/regulation/industry-market-sectors/funds/industry-communications,pdf,cbi-regulatory-material,regulatory-material,,,unresolved,central-bank,unknown,unreviewed,centralbank.ie host path is not authorship evidence,host-path-only:non-consultation,low,,3,unknown external-authority or tribunal candidate,pending-independent-review,,,,,,
c4014a829b4105f2d0228a8119e6d617878a54e246431cd6fe492f15f34f0c2f,EBA IF NCA disclosure ITS - Annex I 2026.xlsx,https://www.centralbank.ie/docs/default-source/regulation/industry-market-sectors/investment-firms/supervisory-disclosures/rules-and-guidance/rules-and-guidance-part-3.pdf?sfvrsn=7c22971d_12,https://www.centralbank.ie/regulation/industry-market-sectors/investment-firms/supervisory-disclosures/rules-and-guidance,pdf,cbi-regulatory-material,regulatory-material,,,unresolved,central-bank,unknown,unreviewed,centralbank.ie host path is not authorship evidence,host-path-only:non-consultation,low,,1,unknown external-authority or tribunal candidate,pending-independent-review,,,,,,
c4219c1e2675314cd904168b2fa11c186f464d1c477193c7b2c38b04dc14207b,Banc Ceannais na hÉireann Central Bank of Ireland,https://www.centralbank.ie/docs/default-source/publications/consultation-papers/cp73/non-life-letter-issued-to-companies.pdf?sfvrsn=8f04d81d_4,https://www.centralbank.ie/publication/consultation-papers/cp73-consultation-on-requirements-for-reserving-and-pricing-for-non-life-insurers-and-reinsurers,pdf,cbi-consultation-material,consultation-or-discussion-material,cp73,cp73,central-bank,central-bank,cbi-institutional,rule-classified,content-cbi(5v0):feedback statement;cbi-name-in-title-block,content-cbi(5v0):feedback statement;cbi-name-in-title-block,medium,Central Bank of Ireland,3,content-scored consultation edge case,pending-independent-review,,,,,,
c62154a09169f91fea909e6077c37b5d95c4e34e9c51acb921f85f83d70f47f7,Re: Discussion Paper on the Payment of Commission to Intermediaries,https://www.centralbank.ie/docs/default-source/publications/discussion-papers/discussion-paper-5/aviva---discussion-paper-on-payment-of-commission-to-intermediaries.pdf?sfvrsn=4b77d91d_2,https://www.centralbank.ie/publication/discussion-papers/discussion-paper-5-on-payment-of-commission-to-intermediaries,pdf,stakeholder-discussion-submission,consultation-submission,,dp5,stakeholder,stakeholder,stakeholder,manual-reviewed,opening-page issuer and response voice,adjudicated:adversarial-source-review-2026-08-31,high,Aviva,4,discussion-paper population,pending-independent-review,,,,,,
c634ae8b613df660a7ef5a9680aa75fc3c47e70900768187266deb08cdf2f5ad,1. Introduction,https://www.centralbank.ie/docs/default-source/publications/discussion-papers/discussion-paper-4/society-of-actuaries-in-ireland---response-to-risk-appetite-discussion-paper.pdf?sfvrsn=4115d81d_2,https://www.centralbank.ie/publication/discussion-papers/discussion-paper-4---risk-appetite-discussion-paper,pdf,stakeholder-discussion-submission,consultation-submission,,dp4,stakeholder,stakeholder,stakeholder,rule-classified,filename-attribution:response,filename-attribution:response,high,,7,discussion-paper population,pending-independent-review,,,,,,
c70b1d779c0446c330f1576fffc843173ff498ee60e40548f82df1813a66c056,Re: Response to Central Bank of Ireland - Exchange Traded Funds Discussion Paper,https://www.centralbank.ie/docs/default-source/publications/discussion-papers/discussion-paper-6/fidelity-international-response-etf-discussion-paper.pdf?sfvrsn=45baaa1d_0,https://www.centralbank.ie/publication/discussion-papers/discussion-paper-6---exchange-traded-funds,pdf,stakeholder-discussion-submission,consultation-submission,,dp6,stakeholder,stakeholder,stakeholder,rule-classified,filename-attribution:response,filename-attribution:response,high,,6,discussion-paper population,pending-independent-review,,,,,,
c74e08708bb7d560b9296085decad294510d550bb2699578ba51882108485399,members of the public response to dp11,https://www.centralbank.ie/docs/default-source/publications/discussion-papers/discussion-paper-11/members-of-the-public-response-to-dp11.pdf?sfvrsn=e026611a_7,https://www.centralbank.ie/publication/discussion-papers/discussion-paper-11-an-approach-to-macroprudential-policy-for-investment-funds,pdf,stakeholder-discussion-submission,consultation-submission,,dp11,stakeholder,stakeholder,stakeholder,rule-classified,filename-attribution:response,filename-attribution:response,high,,5,discussion-paper population,pending-independent-review,,,,,,
c763c522ff4a13a0df2385c136702ae75bfc58755311a8a38e4ab67100c45967,Consumer Protection Code Response,https://www.centralbank.ie/docs/default-source/publications/discussion-papers/discussion-paper-10/age-action-ireland---response-to-dp10.pdf?sfvrsn=f13f9f1d_2,https://www.centralbank.ie/publication/discussion-papers/discussion-paper-10-consumer-protection-code-review,pdf,stakeholder-discussion-submission,consultation-submission,,dp10,stakeholder,stakeholder,stakeholder,rule-classified,filename-attribution:response,filename-attribution:response,high,,15,discussion-paper population,pending-independent-review,,,,,,
c7778eaa416965c926daa6bf54de82efd8ba8fe1c4ebc950a30a8912409d1a72,IN WALKERS,https://www.centralbank.ie/docs/default-source/publications/consultation-papers/cp60/walkers.pdf?sfvrsn=d886d51d_0,https://www.centralbank.ie/publication/consultation-papers/cp60-consultation-on-implementation-of-alternative-investment-fund-manager-directive,pdf,stakeholder-consultation-submission,consultation-submission,cp60,cp60,stakeholder,stakeholder,stakeholder,rule-classified,content-stakeholder(4v0):dear sir;yours faithfully,content-stakeholder(4v0):dear sir;yours faithfully,medium,,1,content-scored consultation edge case,pending-independent-review,,,,,,
c7eb2563891fca42ac2b154ae115dbf973e716d8e572eb25b3c86a25539d3cf6,This submission expands on these keys points.,https://www.centralbank.ie/docs/default-source/publications/discussion-papers/discussion-paper-5/brokers-ireland---discussion-paper-on-payment-of-commission-to-intermediaries.pdf?sfvrsn=5477d91d_2,https://www.centralbank.ie/publication/discussion-papers/discussion-paper-5-on-payment-of-commission-to-intermediaries,pdf,stakeholder-discussion-submission,consultation-submission,,dp5,stakeholder,stakeholder,stakeholder,manual-reviewed,opening-page issuer and response voice,adjudicated:adversarial-source-review-2026-08-31,high,Brokers Ireland,19,discussion-paper population,pending-independent-review,,,,,,
c84e6fd8db4bb0991e66b20ead7d58b736b0c992da09d2a7cb3ba0ea55cdf4d3,Insurance Ireland Response on CBI Discussion Paper on Consumer Protection Code and the Digitalisation of Financial Services,https://www.centralbank.ie/docs/default-source/publications/discussion-papers/discussion-paper-7/insurance-ireland-response-to-dp7.pdf?sfvrsn=1014b21d_2,https://www.centralbank.ie/publication/discussion-papers/discussion-paper-7---digitalisation-and-consumer-protection-code,pdf,stakeholder-discussion-submission,consultation-submission,,dp7,stakeholder,stakeholder,stakeholder,rule-classified,filename-attribution:response,filename-attribution:response,high,,9,discussion-paper population,pending-independent-review,,,,,,
ca0c411cd84f766acafe433a3b01afa8d48f0f4d2c6d717f1340d798d9fc257c,October 2016,https://www.centralbank.ie/docs/default-source/publications/discussion-papers/discussion-paper-5/aa---discussion-paper-on-payment-of-commission-to-intermediaries.pdf?sfvrsn=1577d91d_2,https://www.centralbank.ie/publication/discussion-papers/discussion-paper-5-on-payment-of-commission-to-intermediaries,pdf,stakeholder-discussion-submission,consultation-submission,,dp5,stakeholder,stakeholder,stakeholder,manual-reviewed,opening-page issuer and response voice,adjudicated:adversarial-source-review-2026-08-31,high,AA,10,discussion-paper population,pending-independent-review,,,,,,
caa422b87901202ccd9314fa1f6a8da5982657b8c46d19c40c72b260185226d6,STATE STREET.,https://www.centralbank.ie/docs/default-source/publications/discussion-papers/discussion-paper-8/state-street-response-to-dp8.pdf?sfvrsn=9996b91d_2,https://www.centralbank.ie/publication/discussion-papers/discussion-paper-8---outsourcing---findings-and-issues-for-discussion,pdf,stakeholder-discussion-submission,consultation-submission,,dp8,stakeholder,stakeholder,stakeholder,rule-classified,filename-attribution:response,filename-attribution:response,high,,14,discussion-paper population,pending-independent-review,,,,,,
cbf3ddeb704e1503bfc2099a3b7be3bef7a861b73102695363f60b8b2636b419,Revolut CBI CPC consultation response 31/03/23,https://www.centralbank.ie/docs/default-source/publications/discussion-papers/discussion-paper-10/revolut---response-to-dp10.pdf?sfvrsn=4d329f1d_2,https://www.centralbank.ie/publication/discussion-papers/discussion-paper-10-consumer-protection-code-review,pdf,stakeholder-discussion-submission,consultation-submission,,dp10,stakeholder,stakeholder,stakeholder,rule-classified,filename-attribution:response,filename-attribution:response,high,,36,discussion-paper population,pending-independent-review,,,,,,
cc7c7c00ea1d2d3cb46dcad2a8e17a74069a844ea69124bcee27ee336a78b541,Central Bank of Ireland - Consumer Protection Code Review,https://www.centralbank.ie/docs/default-source/publications/discussion-papers/discussion-paper-10/safeguarding-ireland---response-to-dp10.pdf?sfvrsn=d4339f1d_2,https://www.centralbank.ie/publication/discussion-papers/discussion-paper-10-consumer-protection-code-review,pdf,stakeholder-discussion-submission,consultation-submission,,dp10,stakeholder,stakeholder,stakeholder,rule-classified,filename-attribution:response,filename-attribution:response,high,,36,discussion-paper population,pending-independent-review,,,,,,
cca8848fd99ef33993f7fe7ee5707f57d68b25248127cb8c1df1ac4f12419b0f,"Submission from Bandon Credit Union Ltd, on the Voluntary Consumer Protection Code for Credit Unions (in respect of their Core",https://www.centralbank.ie/docs/default-source/publications/consultation-papers/cp32/bandon-credit-union-limited.pdf?sfvrsn=c4ced51d_4,https://www.centralbank.ie/publication/consultation-papers/cp32-voluntary-consumer-protection-code-for-credit-unions,pdf,stakeholder-consultation-submission,consultation-submission,cp32,cp32,stakeholder,stakeholder,stakeholder,rule-classified,content-stakeholder(8v0):yours sincerely;this submission;our submission,content-stakeholder(8v0):yours sincerely;this submission;our submission,medium,,4,content-scored consultation edge case,pending-independent-review,,,,,,
ccb4f8489d2ae47ca0928910d2007220738891e545b8015c6ae57e036479d321,Response Information,https://www.centralbank.ie/docs/default-source/publications/discussion-papers/discussion-paper-10/society-of-actuaries-in-ireland---response-to-dp10.pdf?sfvrsn=bd3f9f1d_2,https://www.centralbank.ie/publication/discussion-papers/discussion-paper-10-consumer-protection-code-review,pdf,stakeholder-discussion-submission,consultation-submission,,dp10,stakeholder,stakeholder,stakeholder,rule-classified,filename-attribution:response,filename-attribution:response,high,,17,discussion-paper population,pending-independent-review,,,,,,
cd3e6269c5e9a612a9666e1b0851b98731fb650e206bc91c0e47b706cd8a45d2,Date: 1 September 2018,https://www.centralbank.ie/docs/default-source/publications/discussion-papers/discussion-paper-6/the-investment-association-response-etf-discussion-paper.pdf?sfvrsn=144ab1d_0,https://www.centralbank.ie/publication/discussion-papers/discussion-paper-6---exchange-traded-funds,pdf,stakeholder-discussion-submission,consultation-submission,,dp6,stakeholder,stakeholder,stakeholder,rule-classified,filename-attribution:response,filename-attribution:response,high,,9,discussion-paper population,pending-independent-review,,,,,,
cdae3d8c6b97dc4c935c61aa6b30249cc133f79cbc1edf4b5e65ac456000b725,A&L Goodbody,https://www.centralbank.ie/docs/default-source/publications/consultation-papers/cp60/a-and-l-goodbody.pdf?sfvrsn=3f86d51d_0,https://www.centralbank.ie/publication/consultation-papers/cp60-consultation-on-implementation-of-alternative-investment-fund-manager-directive,pdf,stakeholder-consultation-submission,consultation-submission,cp60,cp60,stakeholder,stakeholder,stakeholder,rule-classified,content-stakeholder(5v0):we welcome the opportunity;dear sir,content-stakeholder(5v0):we welcome the opportunity;dear sir,medium,,10,content-scored consultation edge case,pending-independent-review,,,,,,
cea3598a41c2a091d1c318a0f1f1188d9bb6adad2b1abe5fb1f3a43bab472ebb,EBA BS xx Draft Annex III (Draft CP on Amending ITS on Supervisory Disclosure).xlsx,https://www.centralbank.ie/docs/default-source/regulation/how-we-regulate/supervision/supervisory-review-process/gns-4-1-2-2-2-srep.pdf?sfvrsn=3478d61d_27,https://www.centralbank.ie/regulation/how-we-regulate/supervision/supervisory-disclosures/supervisory-review-process,pdf,cbi-regulatory-material,regulatory-material,,,unresolved,central-bank,unknown,unreviewed,centralbank.ie host path is not authorship evidence,host-path-only:non-consultation,low,,1,unknown external-authority or tribunal candidate,pending-independent-review,,,,,,
d023219bb4cad17394bf8fb0679f9eb61dc5aae78798b581cfebe1a0d3c9c3e6,"Dear Governor,",https://www.centralbank.ie/docs/default-source/publications/discussion-papers/discussion-paper-10/minister-for-finance---response-to-dp10.pdf?sfvrsn=18339f1d_2,https://www.centralbank.ie/publication/discussion-papers/discussion-paper-10-consumer-protection-code-review,pdf,stakeholder-discussion-submission,consultation-submission,,dp10,stakeholder,stakeholder,stakeholder,rule-classified,filename-attribution:response,filename-attribution:response,high,,5,discussion-paper population,pending-independent-review,,,,,,
d09ecf3070b5236dcf8375b3ba55494538187a186203c2e6781a32a69c75fa25,Systematic Risk from Investment Funds,https://www.centralbank.ie/docs/default-source/publications/discussion-papers/discussion-paper-11/trade-winds-response-to-dp11.pdf?sfvrsn=6026611a_7,https://www.centralbank.ie/publication/discussion-papers/discussion-paper-11-an-approach-to-macroprudential-policy-for-investment-funds,pdf,stakeholder-discussion-submission,consultation-submission,,dp11,stakeholder,stakeholder,stakeholder,rule-classified,filename-attribution:response,filename-attribution:response,high,,8,discussion-paper population,pending-independent-review,,,,,,
d34ec36c2d3ef72ed8c55c00477a640035cc1974345798e0aff99a69e0dd8b90, Lack of clear evidence to justify further work,https://www.centralbank.ie/docs/default-source/publications/discussion-papers/discussion-paper-11/aima-response-to-dp11.pdf?sfvrsn=eb25611a_7,https://www.centralbank.ie/publication/discussion-papers/discussion-paper-11-an-approach-to-macroprudential-policy-for-investment-funds,pdf,stakeholder-discussion-submission,consultation-submission,,dp11,stakeholder,stakeholder,stakeholder,rule-classified,filename-attribution:response,filename-attribution:response,high,,15,discussion-paper population,pending-independent-review,,,,,,
d3f9c332ba7a88e72fbeec6ec56085bd011c7bea825114eb1f1d2a018fa3b3e5,A. Private Funds Manage Liquidity Risk Through Contractual Limitations,https://www.centralbank.ie/docs/default-source/publications/discussion-papers/discussion-paper-11/mfa-response-to-dp11.pdf?sfvrsn=d526611a_8,https://www.centralbank.ie/publication/discussion-papers/discussion-paper-11-an-approach-to-macroprudential-policy-for-investment-funds,pdf,stakeholder-discussion-submission,consultation-submission,,dp11,stakeholder,stakeholder,stakeholder,rule-classified,filename-attribution:response,filename-attribution:response,high,,17,discussion-paper population,pending-independent-review,,,,,,
d4c2b24d3828fbc271fdc704d7b02c126c193716164f1a17e886f01d3b8284dc,Voluntary Code of Consumer Protection,https://www.centralbank.ie/docs/default-source/publications/consultation-papers/cp32/chapter16.pdf?sfvrsn=8bced51d_4,https://www.centralbank.ie/publication/consultation-papers/cp32-voluntary-consumer-protection-code-for-credit-unions,pdf,cbi-consultation-material,consultation-or-discussion-material,cp32,cp32,central-bank,central-bank,cbi-institutional,rule-classified,content-cbi(3v0):this consultation paper,content-cbi(3v0):this consultation paper,medium,Central Bank of Ireland,5,content-scored consultation edge case,pending-independent-review,,,,,,
d536295f6583392d055dab249ffdf67356268dc8a4a4afd04dffe0d51cee4fc4,Consumer Protection Code Review,https://www.centralbank.ie/docs/default-source/publications/discussion-papers/discussion-paper-10/national-federation-of-voluntary-service-providers---response-to-dp10.pdf?sfvrsn=7b389f1d_2,https://www.centralbank.ie/publication/discussion-papers/discussion-paper-10-consumer-protection-code-review,pdf,stakeholder-discussion-submission,consultation-submission,,dp10,stakeholder,stakeholder,stakeholder,rule-classified,filename-attribution:response,filename-attribution:response,high,,19,discussion-paper population,pending-independent-review,,,,,,
d53bd0ca10b86ddf03a9af6d1cbd0213beff25700a4c07f45efe5ed554c59cc5,Microsoft Word - 171019 - CBI Digitalisation Consultation Response,https://www.centralbank.ie/docs/default-source/publications/discussion-papers/discussion-paper-7/premium-credit-(pcl)-response-to-dp7.pdf?sfvrsn=ac15b21d_2,https://www.centralbank.ie/publication/discussion-papers/discussion-paper-7---digitalisation-and-consumer-protection-code,pdf,stakeholder-discussion-submission,consultation-submission,,dp7,stakeholder,stakeholder,stakeholder,rule-classified,filename-attribution:response,filename-attribution:response,high,,2,discussion-paper population,pending-independent-review,,,,,,
d587e641bb510b3cdb52eb98324e5b7fb4cd2a12cd2831a44b64a34945375780,EBA BS xx Draft Annex IV (Draft CP on Amending ITS on Supervisory Disclosure).xlsx,https://www.centralbank.ie/docs/default-source/regulation/industry-market-sectors/investment-firms/supervisory-disclosures/aggregate-statistical-data/part-1-individual-data-per-competent-authority-(2024).pdf?sfvrsn=9739681a_4,https://www.centralbank.ie/regulation/industry-market-sectors/investment-firms/supervisory-disclosures/aggregate-statistical-data,pdf,cbi-regulatory-material,regulatory-material,,,unresolved,central-bank,unknown,unreviewed,centralbank.ie host path is not authorship evidence,host-path-only:non-consultation,low,,1,unknown external-authority or tribunal candidate,pending-independent-review,,,,,,
d590131d6a58147e7dcc229a5973e1bdfa6b481ce31d578189f7308348e0318f,state street global response to dp11,https://www.centralbank.ie/docs/default-source/publications/discussion-papers/discussion-paper-11/state-street-global-response-to-dp11.pdf?sfvrsn=2226611a_7,https://www.centralbank.ie/publication/discussion-papers/discussion-paper-11-an-approach-to-macroprudential-policy-for-investment-funds,pdf,stakeholder-discussion-submission,consultation-submission,,dp11,stakeholder,stakeholder,stakeholder,rule-classified,filename-attribution:response,filename-attribution:response,high,,12,discussion-paper population,pending-independent-review,,,,,,
d5b6abc06212a995936147a7188a408f8d1459e9d00a2b6e6804a2450182856b,Shop Direct Ireland Ltd,https://www.centralbank.ie/docs/default-source/publications/consultation-papers/cp33/shop-direct-ireland-limited.pdf?sfvrsn=90c6d51d_2,https://www.centralbank.ie/publication/consultation-papers/cp33-consumer-protection-code-for-licensed-moneylenders,pdf,stakeholder-consultation-submission,consultation-submission,cp33,cp33,stakeholder,stakeholder,stakeholder,rule-classified,content-stakeholder(6v0):response to consultation paper;welcomes the opportunity to comment,content-stakeholder(6v0):response to consultation paper;welcomes the opportunity to comment,medium,,5,content-scored consultation edge case,pending-independent-review,,,,,,
da237d97507c96cc6bef4375f198fb9a24cdd45d67fff2cd2332910d049ccebe,Notice of Intention in relation to ESMA Guidelines on stress testing scenarios under the MMF Regulations – 17042025,https://www.centralbank.ie/docs/default-source/regulation/industry-market-sectors/funds/industry-communications/notice-of-intention-in-relation-to-esma-guidelines-on-stress-testing-scenarios-under-the-mmf-regulations.pdf?sfvrsn=9a596b1a_4,https://www.centralbank.ie/regulation/industry-market-sectors/funds/industry-communications,pdf,cbi-regulatory-material,regulatory-material,,,unresolved,central-bank,unknown,unreviewed,centralbank.ie host path is not authorship evidence,host-path-only:non-consultation,low,,3,unknown external-authority or tribunal candidate,pending-independent-review,,,,,,
da23bb5a00da82bb8fa5193fc8a531582bd5100e2285f22ebe3a987fec2168bf,Submission is response to Central Bank of Ireland Exchange Traded Funds Discussion paper,https://www.centralbank.ie/docs/default-source/publications/discussion-papers/discussion-paper-6/rory-flynn-response-etf-discussion-paper.pdf?sfvrsn=c544ab1d_0,https://www.centralbank.ie/publication/discussion-papers/discussion-paper-6---exchange-traded-funds,pdf,stakeholder-discussion-submission,consultation-submission,,dp6,stakeholder,stakeholder,stakeholder,rule-classified,filename-attribution:response,filename-attribution:response,high,,8,discussion-paper population,pending-independent-review,,,,,,
da2740d1621c236e64909471f42afc21c126b7f81a6e770e51964386b6879438,EBA IF NCA disclosure ITS - Annex IV.xlsx,https://www.centralbank.ie/docs/default-source/regulation/industry-market-sectors/investment-firms/supervisory-disclosures/aggregate-statistical-data/statistical-data-part-1-2023.pdf?sfvrsn=ec9a601a_4,https://www.centralbank.ie/regulation/industry-market-sectors/investment-firms/supervisory-disclosures/aggregate-statistical-data,pdf,cbi-regulatory-material,regulatory-material,,,unresolved,central-bank,unknown,unreviewed,centralbank.ie host path is not authorship evidence,host-path-only:non-consultation,low,,1,unknown external-authority or tribunal candidate,pending-independent-review,,,,,,
dc028cf842fef8eb9a8427a5e467ffc8c012ea65cabef63df2e2638511686b80,EBA BS xx Draft Annex IV (Draft CP on Amending ITS on Supervisory Disclosure).xlsx,https://www.centralbank.ie/docs/default-source/regulation/industry-market-sectors/investment-firms/supervisory-disclosures/aggregate-statistical-data/statistical-data-part-1-2022.pdf?sfvrsn=2e959e1d_3,https://www.centralbank.ie/regulation/industry-market-sectors/investment-firms/supervisory-disclosures/aggregate-statistical-data,pdf,cbi-regulatory-material,regulatory-material,,,unresolved,central-bank,unknown,unreviewed,centralbank.ie host path is not authorship evidence,host-path-only:non-consultation,low,,1,unknown external-authority or tribunal candidate,pending-independent-review,,,,,,
dc95fd422375f6c13a8dd199d8eab4077c1573b5a7cabf967ca94014a6ae8eca,Response Information,https://www.centralbank.ie/docs/default-source/publications/discussion-papers/discussion-paper-10/irish-life---response-to-dp10.pdf?sfvrsn=25389f1d_2,https://www.centralbank.ie/publication/discussion-papers/discussion-paper-10-consumer-protection-code-review,pdf,stakeholder-discussion-submission,consultation-submission,,dp10,stakeholder,stakeholder,stakeholder,rule-classified,filename-attribution:response,filename-attribution:response,high,,22,discussion-paper population,pending-independent-review,,,,,,
dd22a98e8d340559f0ac80c48ea4b627c3bd6c7e0227f6655f123428ff09bd6b,Microsoft Word - ZurichCBICommissionsubmissionFinal,https://www.centralbank.ie/docs/default-source/publications/discussion-papers/discussion-paper-5/zurich---discussion-paper-on-payment-of-commission-to-intermediaries.pdf?sfvrsn=1b70d91d_2,https://www.centralbank.ie/publication/discussion-papers/discussion-paper-5-on-payment-of-commission-to-intermediaries,pdf,stakeholder-discussion-submission,consultation-submission,,dp5,stakeholder,stakeholder,stakeholder,manual-reviewed,title and opening-page issuer,adjudicated:adversarial-source-review-2026-08-31,high,Zurich Life Assurance plc,6,discussion-paper population,pending-independent-review,,,,,,
dd67dc6203ed34700049a9e8d1a83576cb2333c22a2537b1ad0f429c83b1b74f,CP60 Submission - December 2012 _DF_.doc,https://www.centralbank.ie/docs/default-source/publications/consultation-papers/cp60/dillon-eustace.pdf?sfvrsn=1c84d51d_0,https://www.centralbank.ie/publication/consultation-papers/cp60-consultation-on-implementation-of-alternative-investment-fund-manager-directive,pdf,stakeholder-consultation-submission,consultation-submission,cp60,cp60,stakeholder,stakeholder,stakeholder,rule-classified,content-stakeholder(3v0):response to cp,content-stakeholder(3v0):response to cp,medium,,17,content-scored consultation edge case,pending-independent-review,,,,,,
dffc7fe0718b84e1063cf2e5795c9ff45e2006a95700ea9d8f399f5779e0dd08,PowerPoint Presentation,https://www.centralbank.ie/docs/default-source/statistics/statistical-reporting-requirements/payment-services-providers/ecb-payment-statistics-regulation-update/ecb-regulation-on-payments-statistics-update---1st-industry-engagement-event-08022021.pdf?sfvrsn=83a2891d_4,https://www.centralbank.ie/statistics/statistical-reporting-requirements/payment-service-providers/ecb-payment-statistics-regulation-update,pdf,cbi-statistical-material,statistical-material,,,unresolved,central-bank,unknown,unreviewed,centralbank.ie host path is not authorship evidence,host-path-only:non-consultation,low,,22,unknown external-authority or tribunal candidate,pending-independent-review,,,,,,
e18a59267ae9e3a7d9ae41f57bea1e7344db9bdc21ec6fc0b9bb24f68e73708d,LAZARD,https://www.centralbank.ie/docs/default-source/publications/consultation-papers/cp86/lfmi.pdf?sfvrsn=a0cade1d_4,https://www.centralbank.ie/publication/consultation-papers/cp86-consultation-on-fund-management-company-effectiveness-delegate-oversight,pdf,stakeholder-consultation-submission,consultation-submission,cp86,cp86,stakeholder,stakeholder,stakeholder,rule-classified,content-stakeholder(8v0):dear sir;yours faithfully;our response to,content-stakeholder(8v0):dear sir;yours faithfully;our response to,medium,,2,content-scored consultation edge case,pending-independent-review,,,,,,
e19cdbdd6b80628ff6e18e3ffcc114189c4fc7e90db82eae18014442d43b9e4c,EBA BS xx Draft Annex III (Draft CP on Amending ITS on Supervisory Disclosure).xlsx,https://www.centralbank.ie/docs/default-source/regulation/how-we-regulate/supervision/rules-and-guidance/gns-4-1-2-2-1-credit-risk-mitigation.pdf?sfvrsn=fa7ed61d_24,https://www.centralbank.ie/regulation/how-we-regulate/supervision/supervisory-disclosures/rules-and-guidance,pdf,cbi-regulatory-material,regulatory-material,,,unresolved,central-bank,unknown,unreviewed,centralbank.ie host path is not authorship evidence,host-path-only:non-consultation,low,,2,unknown external-authority or tribunal candidate,pending-independent-review,,,,,,
e1a88fd21be6ce3daba63da42c0abc91e24e80355c103cec07bdb3ccedf3eac6,Response Information,https://www.centralbank.ie/docs/default-source/publications/discussion-papers/discussion-paper-10/irish-neonatal-health-alliance---response-to-dp10.pdf?sfvrsn=16389f1d_4,https://www.centralbank.ie/publication/discussion-papers/discussion-paper-10-consumer-protection-code-review,pdf,stakeholder-discussion-submission,consultation-submission,,dp10,stakeholder,stakeholder,stakeholder,rule-classified,filename-attribution:response,filename-attribution:response,high,,7,discussion-paper population,pending-independent-review,,,,,,
e301c71e8fbcbbb8412a708588819d6ad63ab5503b80568254d119396f6e64d1,Response for the Central Bank of Ireland (“CBI”),https://www.centralbank.ie/docs/default-source/publications/consultation-papers/cp89/axa-ireland-cp89.pdf?sfvrsn=6ea6d81d_4,https://www.centralbank.ie/publication/consultation-papers/cp89-consultation-on-national-specific-templates-for-insurers-and-reinsurers-under-solvency-ii,pdf,stakeholder-consultation-submission,consultation-submission,cp89,cp89,stakeholder,stakeholder,stakeholder,rule-classified,content-stakeholder(5v0):thank you for the opportunity;appreciate the opportunity,content-stakeholder(5v0):thank you for the opportunity;appreciate the opportunity,medium,,1,content-scored consultation edge case,pending-independent-review,,,,,,
e3127bc86d196fdb9727093d4a8dc30acc13027e6f061a65c46190bbbd728677,Governor’s message on…the ECB interest rate cut,https://www.centralbank.ie/docs/default-source/news-and-media/blog/transcript-of-the-video-governor-s-message-on-the-ecb-interest-rate-cut.pdf?sfvrsn=853e601a_2,https://www.centralbank.ie/news/article/blog-video-message-on-the-ecb-interest-rate-cut,pdf,cbi-speech-or-news-material,speech-or-news,,,unresolved,central-bank,unknown,unreviewed,centralbank.ie host path is not authorship evidence,host-path-only:non-consultation,low,,2,unknown external-authority or tribunal candidate,pending-independent-review,,,,,,
e31324f72703912dcc0b15ca2bbfe39c7f9f87d43944a9bc42a145a9365609cc,CCR Industry Consultation,https://www.centralbank.ie/docs/default-source/publications/consultation-papers/cp93/feedbackresponse_cp93.pdf?sfvrsn=a9dd81d_4,https://www.centralbank.ie/publication/consultation-papers/cp93-central-credit-register,pdf,cbi-consultation-material,consultation-or-discussion-material,cp93,cp93,central-bank,central-bank,cbi-institutional,rule-classified,content-cbi(8v3):feedback response;key decisions and next steps,content-cbi(8v3):feedback response;key decisions and next steps,medium,Central Bank of Ireland,37,content-scored consultation edge case,pending-independent-review,,,,,,
e378ae9e0945b7d8de27c4ddb60780b4342a90c26b229156ebeb5b161ecb6d3f,Limited Consultation on Minimum Competency Requirements for Private Medical Insurance,https://www.centralbank.ie/docs/default-source/publications/consultation-papers/cp37/citadel-financial-advice-limited.pdf?sfvrsn=38aad51d_0,https://www.centralbank.ie/publication/consultation-papers/cp37-limited-consultation-on-minimum-competency-requirements-for-private-medical-insurance,pdf,stakeholder-consultation-submission,consultation-submission,cp37,cp37,stakeholder,stakeholder,stakeholder,rule-classified,content-stakeholder(4v0):dear sir;yours sincerely,content-stakeholder(4v0):dear sir;yours sincerely,medium,,3,content-scored consultation edge case,pending-independent-review,,,,,,
e40dffda592b0b8629dafd2a18fb7a3c949828477bc8c240ff1ba650368ecc1f,EBA IF NCA disclosure ITS - Annex IV.xlsx,https://www.centralbank.ie/docs/default-source/regulation/industry-market-sectors/investment-firms/supervisory-disclosures/aggregate-statistical-data/statistical-data-part-4-2023.pdf?sfvrsn=779a601a_4,https://www.centralbank.ie/regulation/industry-market-sectors/investment-firms/supervisory-disclosures/aggregate-statistical-data,pdf,cbi-regulatory-material,regulatory-material,,,unresolved,central-bank,unknown,unreviewed,centralbank.ie host path is not authorship evidence,host-path-only:non-consultation,low,,1,unknown external-authority or tribunal candidate,pending-independent-review,,,,,,
e4144bd5ceab820c2d3d03a471cffe69ac712fbceae1584b173078fac13e7b69,Outsourcing - Findings and Issues for Discussion,https://www.centralbank.ie/docs/default-source/publications/discussion-papers/discussion-paper-8/discussion-paper-8---outsourcing-findings-and-issues-for-discussion.pdf?sfvrsn=8,https://www.centralbank.ie/events/2019/04/30/default-calendar/conference-on-outsourcing,pdf,cbi-discussion-material,consultation-or-discussion-material,,dp8,central-bank,central-bank,cbi-institutional,rule-classified,filename-cbi-doctype:discussion-paper,filename-cbi-doctype:discussion-paper,high,Central Bank of Ireland,62,discussion-paper population,pending-independent-review,,,,,,
e4c2f78531d06ce266abb0617d9d1836effae26e752faa552ef4be837d72dd72,A﻿n Intleacht Shaorga a úsáid chun Infheistíocht a dhéanamh: Cad ba cheart duit a mheas,https://www.centralbank.ie/docs/librariesprovider2/eolas-don-phobal/esma-warning-on-ai.pdf?sfvrsn=a0016b1a_2,https://www.centralbank.ie/consumer-hub/consumer-notices,pdf,other-cbi-material,other,,,unresolved,central-bank,unknown,unreviewed,centralbank.ie host path is not authorship evidence,host-path-only:non-consultation,low,,2,unknown external-authority or tribunal candidate,pending-independent-review,,,,,,
e55d10f95a5c486fc56f56b3c9c9357c9547ce519227c789ef45338a19bf788e,Central Bank of Ireland – Discussion Paper – Exchange Traded Fund,https://www.centralbank.ie/docs/default-source/publications/discussion-papers/discussion-paper-6/computershare-response-etf-discussion-paper.pdf?sfvrsn=2dbaaa1d_0,https://www.centralbank.ie/publication/discussion-papers/discussion-paper-6---exchange-traded-funds,pdf,stakeholder-discussion-submission,consultation-submission,,dp6,stakeholder,stakeholder,stakeholder,rule-classified,filename-attribution:response,filename-attribution:response,high,,5,discussion-paper population,pending-independent-review,,,,,,
e578862615c3a59ee1e986b68f1eaa7d4cbc971e9091f667645ffbce86a63e0c,Discussion Paper 2 on the Code of Conduct on the Switching of Current Accounts with Credit Institutions,https://www.centralbank.ie/docs/default-source/publications/discussion-papers/disucssion-paper-2/dis-2-discussion-paper-on-switchinga81fe1134644629bacc1ff0000269695.pdf?sfvrsn=c442d81d_8,https://www.centralbank.ie/publication/discussion-papers/discussion-paper-on-the-code-of-conduct-on-the-switching-of-current-accounts-with-credit-institutions,pdf,cbi-discussion-material,consultation-or-discussion-material,,dp2,central-bank,central-bank,cbi-institutional,rule-classified,filename-cbi-doctype:discussion-paper,filename-cbi-doctype:discussion-paper,high,Central Bank of Ireland,12,discussion-paper population,pending-independent-review,,,,,,
e5bfcae533f272905f10cb1dc2a218db69679cfa08643536ab8680767837b914,Payments Statistics,https://www.centralbank.ie/docs/default-source/statistics/statistical-reporting-requirements/payment-services-providers/ecb-payment-statistics-regulation-update/ecb-regulation-on-payments-statistics-update---4th-industry-engagement-event.pdf?sfvrsn=ee58901d_2,https://www.centralbank.ie/statistics/statistical-reporting-requirements/payment-service-providers/ecb-payment-statistics-regulation-update,pdf,cbi-statistical-material,statistical-material,,,unresolved,central-bank,unknown,unreviewed,centralbank.ie host path is not authorship evidence,host-path-only:non-consultation,low,,34,unknown external-authority or tribunal candidate,pending-independent-review,,,,,,
e689c73adc7bb1f2de58194af4ac24314ce1676cdd3adad69ca415fd6a0a2f33,Name,https://www.centralbank.ie/docs/default-source/publications/consultation-papers/cp56/dima.pdf?sfvrsn=55eed51d_0,https://www.centralbank.ie/publication/consultation-papers/cp56-protocol-between-the-central-bank-of-ireland-and-the-auditors-of-regulated-financial-service-providers,pdf,stakeholder-consultation-submission,consultation-submission,cp56,cp56,stakeholder,stakeholder,stakeholder,rule-classified,content-stakeholder(3v0):welcomes the opportunity to respond,content-stakeholder(3v0):welcomes the opportunity to respond,medium,,4,content-scored consultation edge case,pending-independent-review,,,,,,
e7ab7e20219c3201dc215a4f58506068fe2a2d3ff4e0ec0c6d10a797d7795fd6,Background and Operational Factors,https://www.centralbank.ie/docs/default-source/publications/discussion-papers/discussion-paper-6/central-bank-of-ireland-etf-discussion-opsrisk82fec8134644629bacc1ff0000269695.pdf?sfvrsn=c3baaa1d_0,https://www.centralbank.ie/publication/discussion-papers/discussion-paper-6---exchange-traded-funds,pdf,stakeholder-discussion-submission,consultation-submission,,dp6,stakeholder,unresolved,stakeholder,manual-reviewed,Closing page identifies OpsRisk Limited and Fred E. Sommers as the respondent.,adjudicated:opening-and-closing-page-adjudication-2026-08-30,high,,21,discussion-paper population,pending-independent-review,,,,,,
e7c6b3020835955a8af3f477d5530fcd024d9c632c55a9cadef5c51c985e6a43,banking payments federation ireland response to dp10,https://www.centralbank.ie/docs/default-source/publications/discussion-papers/discussion-paper-10/banking-payments-federation-ireland---response-to-dp10.pdf?sfvrsn=8f329f1d_2,https://www.centralbank.ie/publication/discussion-papers/discussion-paper-10-consumer-protection-code-review,pdf,stakeholder-discussion-submission,consultation-submission,,dp10,stakeholder,stakeholder,stakeholder,rule-classified,filename-attribution:response,filename-attribution:response,high,,31,discussion-paper population,pending-independent-review,,,,,,
e8194280f99f8549bbbe240442449b3d0929685ef0862a7174bd868b1a66f2c5,Confidential,https://www.centralbank.ie/docs/default-source/publications/consultation-papers/cp32/consultative-industry-panel.pdf?sfvrsn=adced51d_4,https://www.centralbank.ie/publication/consultation-papers/cp32-voluntary-consumer-protection-code-for-credit-unions,pdf,stakeholder-consultation-submission,consultation-submission,cp32,cp32,stakeholder,stakeholder,stakeholder,rule-classified,content-stakeholder(5v0):yours sincerely;welcomes the opportunity to comment,content-stakeholder(5v0):yours sincerely;welcomes the opportunity to comment,medium,,1,content-scored consultation edge case,pending-independent-review,,,,,,
e874e95dc1dcfc1f8cf702196d839b4f1ff55c28411dcdd0f23f5f122ccc73ee,Public statement relating to Enforcement Action between BlueSnap Payment Services Ireland Limited (BlueSnap),https://www.centralbank.ie/docs/default-source/news-and-media/legal-notices/settlement-agreements/settlement-notice-enforcement-action-against-bluesnap-payment-services-ireland-limited-(sanctions-confirmed-by-the-high-court).pdf?sfvrsn=48af671a_16,https://www.centralbank.ie/news/article/the-central-bank-takes-enforcement-action-against-bluesnap-payment-services-ireland-limited-for-safeguarding-failures,pdf,cbi-speech-or-news-material,speech-or-news,,,unresolved,central-bank,unknown,unreviewed,centralbank.ie host path is not authorship evidence,host-path-only:non-consultation,low,,30,unknown external-authority or tribunal candidate,pending-independent-review,,,,,,
e93bd1f89158b7586e6b7fcc7abdb1b7b019e22983cdfa8da0fd3080d8d1f7e4,Q.1 What are your views on availability and choice of financial,https://www.centralbank.ie/docs/default-source/publications/discussion-papers/discussion-paper-10/public---responses-to-dp10.pdf?sfvrsn=da339f1d_3,https://www.centralbank.ie/publication/discussion-papers/discussion-paper-10-consumer-protection-code-review,pdf,mixed-engagement-compilation,other,,dp10,mixed,unresolved,mixed,manual-reviewed,Central Bank framing page followed by compiled member-of-public responses; page ranges reviewed separately.,adjudicated:opening-and-closing-page-adjudication-2026-08-30,high,,40,discussion-paper population,pending-independent-review,,,,,,
ea98b8fe20218362a72f41eba7f9c7bc263091a2eeb2fac16efd18ff36130533,feedback on cp 72 final,https://www.centralbank.ie/docs/default-source/publications/consultation-papers/cp72/feedback-on-cp-72-final.pdf?sfvrsn=337bd81d_4,https://www.centralbank.ie/publication/consultation-papers/cp72-consultation-on-the-review-of-the-handbook-of-prudential-requirements-for-authorised-advisors-and-restricted-intermediaries,pdf,cbi-consultation-material,consultation-or-discussion-material,cp72,cp72,central-bank,central-bank,cbi-institutional,rule-classified,content-cbi(3v0):feedback statement,content-cbi(3v0):feedback statement,medium,Central Bank of Ireland,9,content-scored consultation edge case,pending-independent-review,,,,,,
eb2037c66c053bb4ae6de12f99ee4c6b2778fce9d9b5cb95a0d19926c4c4b74a,uSection I ETF dealing/u,https://www.centralbank.ie/docs/default-source/publications/discussion-papers/discussion-paper-6/ssga-response-etf-discussion-paper.pdf?sfvrsn=2344ab1d_0,https://www.centralbank.ie/publication/discussion-papers/discussion-paper-6---exchange-traded-funds,pdf,stakeholder-discussion-submission,consultation-submission,,dp6,stakeholder,stakeholder,stakeholder,rule-classified,filename-attribution:response,filename-attribution:response,high,,8,discussion-paper population,pending-independent-review,,,,,,
eb206e8f38b7573f00b1602141e06f9845bc96d27805a4cc5388499968904528,ISE Response to the Central Bank of Ireland Discussion Paper on Exchange Traded Funds 2017,https://www.centralbank.ie/docs/default-source/publications/discussion-papers/discussion-paper-6/ise-response-etf-discussion-paper.pdf?sfvrsn=dbbaa1d_0,https://www.centralbank.ie/publication/discussion-papers/discussion-paper-6---exchange-traded-funds,pdf,stakeholder-discussion-submission,consultation-submission,,dp6,stakeholder,stakeholder,stakeholder,rule-classified,filename-attribution:response,filename-attribution:response,high,,3,discussion-paper population,pending-independent-review,,,,,,
eb70f0caf59031b97c5354976f2dfd2c6c37d7767a525540bc161b1deb217a64,EBA BS xx Draft Annex IV (Draft CP on Amending ITS on Supervisory Disclosure).xlsx,https://www.centralbank.ie/docs/default-source/regulation/how-we-regulate/supervision/statistical-data/data-on-supervisory-measures-and-administrative-measures-2019.pdf?sfvrsn=ed5a8a1d_2,https://www.centralbank.ie/regulation/how-we-regulate/supervision/supervisory-disclosures/statistical-data,pdf,cbi-regulatory-material,regulatory-material,,,unresolved,central-bank,unknown,unreviewed,centralbank.ie host path is not authorship evidence,host-path-only:non-consultation,low,,1,unknown external-authority or tribunal candidate,pending-independent-review,,,,,,
ec158aef3e321d5da7f9bfb7b107c30fce7e4cc45cba37b65a34c07000d717b6,Re: Submission on the Consumer Protection Discussion Paper 2022,https://www.centralbank.ie/docs/default-source/publications/discussion-papers/discussion-paper-10/laya-healthcare-ltd---response-to-dp10.pdf?sfvrsn=94339f1d_2,https://www.centralbank.ie/publication/discussion-papers/discussion-paper-10-consumer-protection-code-review,pdf,stakeholder-discussion-submission,consultation-submission,,dp10,stakeholder,stakeholder,stakeholder,rule-classified,filename-attribution:response,filename-attribution:response,high,,5,discussion-paper population,pending-independent-review,,,,,,
ec3f6d71077ac7ac5b2d11d9b031c77ed1231829de82b1e5c250993a73222a1c,"Vol 2023, No.3 Transmission of monetary policy: Bank interest rate pass-through in Ireland and the euro area (Byrne and Foster)",https://www.centralbank.ie/docs/default-source/publications/economic-letters/transmission-of-monetary-policy-bank-interest-rate-pass-through-in-ireland-and-the-euro-area.pdf?sfvrsn=367f9c1d_14,https://www.centralbank.ie/news/article/central-bank-research-finds-banks-slower-to-reflect-ecb-policy-rate-changes-to-new-mortgage-rates-and-household-deposits,pdf,cbi-research,research-paper,,,unresolved,central-bank,unknown,unreviewed,centralbank.ie host path is not authorship evidence,host-path-only:non-consultation,low,,19,unknown external-authority or tribunal candidate,pending-independent-review,,,,,,
ed0c555538e48daebe0c663053ff93903c750a3b9544ee725ab4ad3e76bc6358,Response Information,https://www.centralbank.ie/docs/default-source/publications/discussion-papers/discussion-paper-10/radiocentre---response-to-dp10.pdf?sfvrsn=343d9f1d_5,https://www.centralbank.ie/publication/discussion-papers/discussion-paper-10-consumer-protection-code-review,pdf,stakeholder-discussion-submission,consultation-submission,,dp10,stakeholder,stakeholder,stakeholder,rule-classified,filename-attribution:response,filename-attribution:response,high,,13,discussion-paper population,pending-independent-review,,,,,,
efa65b9881788f99644733f2fe1bf6e287f2c4626f2f153838c4f5ac73e3fac2,Response Information,https://www.centralbank.ie/docs/default-source/publications/discussion-papers/discussion-paper-10/hse---response-to-dp10.pdf?sfvrsn=c63e9f1d_2,https://www.centralbank.ie/publication/discussion-papers/discussion-paper-10-consumer-protection-code-review,pdf,stakeholder-discussion-submission,consultation-submission,,dp10,stakeholder,stakeholder,stakeholder,rule-classified,filename-attribution:response,filename-attribution:response,high,,7,discussion-paper population,pending-independent-review,,,,,,
f087e5ba76b5979966292a15079673ef3287bc545741acbd6564b6e0c65b4cd0,EBA BS xx Draft Annex IV (Draft CP on Amending ITS on Supervisory Disclosure).xlsx,https://www.centralbank.ie/docs/default-source/regulation/industry-market-sectors/investment-firms/supervisory-disclosures/aggregate-statistical-data/part-3-data-on-supervisory-measures-and-administrative-penalties-(2024).pdf?sfvrsn=d939681a_3,https://www.centralbank.ie/regulation/industry-market-sectors/investment-firms/supervisory-disclosures/aggregate-statistical-data,pdf,cbi-regulatory-material,regulatory-material,,,unresolved,central-bank,unknown,unreviewed,centralbank.ie host path is not authorship evidence,host-path-only:non-consultation,low,,1,unknown external-authority or tribunal candidate,pending-independent-review,,,,,,
f15a15cad0d1ef41fe8667e5dac028f98c65abd902afd9981857afc4eaf1451f,steven barrett,https://www.centralbank.ie/docs/default-source/publications/consultation-papers/cp37/steven-barrett.pdf?sfvrsn=e6abd51d_0,https://www.centralbank.ie/publication/consultation-papers/cp37-limited-consultation-on-minimum-competency-requirements-for-private-medical-insurance,pdf,stakeholder-consultation-submission,consultation-submission,cp37,cp37,stakeholder,stakeholder,stakeholder,rule-classified,content-stakeholder(4v0):dear sir;i am a member,content-stakeholder(4v0):dear sir;i am a member,medium,,1,content-scored consultation edge case,pending-independent-review,,,,,,
f36a224341eccf34e0b625edbe38e804fecb2ab0b03bbe653fd01cfb357c7168,EBA BS xx Draft Annex III (Draft CP on Amending ITS on Supervisory Disclosure).xlsx,https://www.centralbank.ie/docs/default-source/regulation/how-we-regulate/supervision/rules-and-guidance/gns-4-1-2-2-1-specialised-lending-exposures.pdf?sfvrsn=df7ed61d_23,https://www.centralbank.ie/regulation/how-we-regulate/supervision/supervisory-disclosures/rules-and-guidance,pdf,cbi-regulatory-material,regulatory-material,,,unresolved,central-bank,unknown,unreviewed,centralbank.ie host path is not authorship evidence,host-path-only:non-consultation,low,,1,unknown external-authority or tribunal candidate,pending-independent-review,,,,,,
f3ad6f8c5c5fbba0099cf51d9961727f36e44cb2a8a8226dcb4ad7735ed1eb86,EBA IF NCA disclosure ITS - Annex I 2026.xlsx,https://www.centralbank.ie/docs/default-source/regulation/industry-market-sectors/investment-firms/supervisory-disclosures/rules-and-guidance/rules-and-guidance-part-2.pdf?sfvrsn=a22971d_12,https://www.centralbank.ie/regulation/industry-market-sectors/investment-firms/supervisory-disclosures/rules-and-guidance,pdf,cbi-regulatory-material,regulatory-material,,,unresolved,central-bank,unknown,unreviewed,centralbank.ie host path is not authorship evidence,host-path-only:non-consultation,low,,1,unknown external-authority or tribunal candidate,pending-independent-review,,,,,,
f49a1b81bf7d15820e664360ec53d5f2e17281631501ff0e5035ba0d05a4da1e,AXA Life Invest (ALI) – Feedback on CBI Risk Appetite discussion paper,https://www.centralbank.ie/docs/default-source/publications/discussion-papers/discussion-paper-4/axa-life-invest-(ali)---response-to-risk-appetite-discussion-paper.pdf?sfvrsn=a816d81d_2,https://www.centralbank.ie/publication/discussion-papers/discussion-paper-4---risk-appetite-discussion-paper,pdf,stakeholder-discussion-submission,consultation-submission,,dp4,stakeholder,stakeholder,stakeholder,rule-classified,filename-attribution:response,filename-attribution:response,high,,2,discussion-paper population,pending-independent-review,,,,,,
f58d9b5167e558057627f521f7ed8a596c1dae9d7de273e8ef163763e06e9c28,feedback statement on risk appetite a discussion paper,https://www.centralbank.ie/docs/default-source/publications/discussion-papers/discussion-paper-4/feedback-statement-on-risk-appetite---a-discussion-paper.pdf?sfvrsn=a216d81d_2,https://www.centralbank.ie/publication/discussion-papers/discussion-paper-4---risk-appetite-discussion-paper,pdf,cbi-consultation-feedback,feedback-statement,,dp4,central-bank,central-bank,cbi-institutional,rule-classified,filename-strong-cbi-doctype:feedback-statement,filename-strong-cbi-doctype:feedback-statement,high,Central Bank of Ireland,18,discussion-paper population,pending-independent-review,,,,,,
f77a37e29e2527b624f36178b58e9e33aa226f9e78d34d4b3e3c9f7aae5d30a0,Supplemental Guidance On Prohibition January 2026,https://www.centralbank.ie/docs/default-source/regulation/how-we-regulate/fitness-probity/supplemental-guidance-on-prohibition-january-2026.pdf?sfvrsn=8116d1a_4,https://www.centralbank.ie/news/article/press-release-central-bank-statement-on-high-court-judgment-17-april-2026,pdf,cbi-regulatory-material,regulatory-material,,,unresolved,central-bank,unknown,unreviewed,centralbank.ie host path is not authorship evidence,host-path-only:non-consultation,low,,14,unknown external-authority or tribunal candidate,pending-independent-review,,,,,,
f8302c663f87d95f03db68a4e301d1da1bdc44e4d954d3c070af32583b287529,2016 1424 questions and answers on mifid ii and mifir transparency topics,https://www.centralbank.ie/docs/default-source/regulation/industry-market-sectors/securities-markets/market-abuse-regulation/esma-guidelines-and-recommendations/2016-1424_questions_and_answers_on_mifid_ii_and_mifir_transparency_topics_.pdf?sfvrsn=5ff8dc1d_2,https://www.centralbank.ie/regulation/markets-update/esma-guidelines-and-recommendations/markets-update-issue-7-2016/esma-(european-securities-and-markets-authority)/esma-prepares-for-mifid-ii-systematic-internaliser-regime,pdf,cbi-regulatory-material,regulatory-material,,,unresolved,central-bank,unknown,unreviewed,centralbank.ie host path is not authorship evidence,host-path-only:non-consultation,low,,16,unknown external-authority or tribunal candidate,pending-independent-review,,,,,,
f845299aefbcad27e35df494ae7175402bf087b767231cd4d8ea91d51491eaa0,Response Information,https://www.centralbank.ie/docs/default-source/publications/discussion-papers/discussion-paper-10/one-direct---response-to-dp10.pdf?sfvrsn=513e9f1d_4,https://www.centralbank.ie/publication/discussion-papers/discussion-paper-10-consumer-protection-code-review,pdf,stakeholder-discussion-submission,consultation-submission,,dp10,stakeholder,stakeholder,stakeholder,rule-classified,filename-attribution:response,filename-attribution:response,high,,10,discussion-paper population,pending-independent-review,,,,,,
f8954da643224d120ddae9857178ca88551eb01b20e99b6ec90b2cc35310df1c,Discussion Paper on the Payment of Commission to Intermediaries,https://www.centralbank.ie/docs/default-source/publications/discussion-papers/discussion-paper-5/lloyd's-ireland-representative-limited---discussion-paper-on-payment-of-commission-to-intermediaries.pdf?sfvrsn=4972d91d_2,https://www.centralbank.ie/publication/discussion-papers/discussion-paper-5-on-payment-of-commission-to-intermediaries,pdf,stakeholder-discussion-submission,consultation-submission,,dp5,stakeholder,stakeholder,stakeholder,manual-reviewed,opening-page issuer and response voice,adjudicated:adversarial-source-review-2026-08-31,high,Lloyd's Ireland Representative Limited,2,discussion-paper population,pending-independent-review,,,,,,
fa0fc2240d4108009f298ccf617cc28436432be96ac03cc9036592c3ccc510e0,Digitalisation Submission Oct 2017,https://www.centralbank.ie/docs/default-source/publications/discussion-papers/discussion-paper-7/mabs-response-to-dp7.pdf?sfvrsn=6614b21d_2,https://www.centralbank.ie/publication/discussion-papers/discussion-paper-7---digitalisation-and-consumer-protection-code,pdf,stakeholder-discussion-submission,consultation-submission,,dp7,stakeholder,stakeholder,stakeholder,rule-classified,filename-attribution:response,filename-attribution:response,high,,22,discussion-paper population,pending-independent-review,,,,,,
fa76be6fbaf069d83cd35b8915fb06f01dc877779c8b0d93153a4cb46dfeef53,D U B L I N  |  B E L F A S T  |  L O N D O N  |  N E W Y O R K,https://www.centralbank.ie/docs/default-source/publications/consultation-papers/cp60/arthur-cox.pdf?sfvrsn=e284d51d_0,https://www.centralbank.ie/publication/consultation-papers/cp60-consultation-on-implementation-of-alternative-investment-fund-manager-directive,pdf,stakeholder-consultation-submission,consultation-submission,cp60,cp60,stakeholder,stakeholder,stakeholder,rule-classified,content-stakeholder(5v0):we welcome the opportunity;dear sir,content-stakeholder(5v0):we welcome the opportunity;dear sir,medium,,3,content-scored consultation edge case,pending-independent-review,,,,,,
faede850428574f6852323b37d2ca346556c6ceee6826ad34d16f0414cfa11b1,Response Information,https://www.centralbank.ie/docs/default-source/publications/discussion-papers/discussion-paper-10/mabs---response-to-dp10.pdf?sfvrsn=723e9f1d_2,https://www.centralbank.ie/publication/discussion-papers/discussion-paper-10-consumer-protection-code-review,pdf,stakeholder-discussion-submission,consultation-submission,,dp10,stakeholder,stakeholder,stakeholder,rule-classified,filename-attribution:response,filename-attribution:response,high,,18,discussion-paper population,pending-independent-review,,,,,,
fb660dab610b1fc8e7def0a68d0aee483da407481a383672ea9a754a76058702,Response to the CBI Discussion Paper on the Payment of Commission to Intermediaries Banking & Payments Federation Ireland,https://www.centralbank.ie/docs/default-source/publications/discussion-papers/discussion-paper-5/bpfi---discussion-paper-on-payment-of-commission-to-intermediaries.pdf?sfvrsn=877d91d_2,https://www.centralbank.ie/publication/discussion-papers/discussion-paper-5-on-payment-of-commission-to-intermediaries,pdf,stakeholder-discussion-submission,consultation-submission,,dp5,stakeholder,stakeholder,stakeholder,manual-reviewed,title and opening-page issuer,adjudicated:adversarial-source-review-2026-08-31,high,Banking & Payments Federation Ireland,15,discussion-paper population,pending-independent-review,,,,,,
fcce1c47361f0cab6ab67c8f0fbfdc3de3492eef6bffbbba12e8b40c00706bd5,Re: Central Bank consultation CP 86 Consultation on Fund Management Company EffectivenessDelegate Oversight,https://www.centralbank.ie/docs/default-source/publications/consultation-papers/cp86/al-goodbody.pdf?sfvrsn=61c9de1d_4,https://www.centralbank.ie/publication/consultation-papers/cp86-consultation-on-fund-management-company-effectiveness-delegate-oversight,pdf,stakeholder-consultation-submission,consultation-submission,cp86,cp86,stakeholder,stakeholder,stakeholder,rule-classified,content-stakeholder(5v0):we welcome the opportunity;dear sir,content-stakeholder(5v0):we welcome the opportunity;dear sir,medium,,3,content-scored consultation edge case,pending-independent-review,,,,,,
fcdd397f17f719acede5e19faf6fc51da496257d6683a4b8cea6e58ab6121aa2,Circle Internet Financial,https://www.centralbank.ie/docs/default-source/publications/discussion-papers/discussion-paper-10/circle-internet-financial---response-to-dp10.pdf?sfvrsn=f6389f1d_2,https://www.centralbank.ie/publication/discussion-papers/discussion-paper-10-consumer-protection-code-review,pdf,stakeholder-discussion-submission,consultation-submission,,dp10,stakeholder,stakeholder,stakeholder,rule-classified,filename-attribution:response,filename-attribution:response,high,,13,discussion-paper population,pending-independent-review,,,,,,
fd810e8183f5f3ae2c2bddb36306cccdcffcdeab8c168d3655035cd3423c1f72,"3,2 Response to consultation + Letter",https://www.centralbank.ie/docs/default-source/publications/discussion-papers/discussion-paper-11/the-investment-association-response-to-dp11.pdf?sfvrsn=82f611a_1,https://www.centralbank.ie/publication/discussion-papers/discussion-paper-11-an-approach-to-macroprudential-policy-for-investment-funds,pdf,stakeholder-discussion-submission,consultation-submission,,dp11,stakeholder,stakeholder,stakeholder,rule-classified,filename-attribution:response,filename-attribution:response,high,,17,discussion-paper population,pending-independent-review,,,,,,
fd8c71c84704ce0fb6a4b77066614888b189eeb605d0e02f5170fdc6689d4de8,EBA templates for NPL data,https://www.centralbank.ie/docs/default-source/regulation/industry-market-sectors/credit-institutions/eba-templates-for-npl-data.pdf?sfvrsn=4,https://www.centralbank.ie/regulation/industry-market-sectors/credit-institutions/reporting-requirements,pdf,cbi-regulatory-material,regulatory-material,,,unresolved,central-bank,unknown,unreviewed,centralbank.ie host path is not authorship evidence,host-path-only:non-consultation,low,,1,unknown external-authority or tribunal candidate,pending-independent-review,,,,,,
fe357422e5eaad96a3887138c629560ab110a37c2f88f73c822bcc64842c75ed,EBA IF NCA disclosure ITS - Annex IV 2026.xlsx,https://www.centralbank.ie/docs/default-source/regulation/industry-market-sectors/investment-firms/supervisory-disclosures/aggregate-statistical-data/part-1-individual-data-per-competent-authority-2025.pdf?sfvrsn=d701711a_3,https://www.centralbank.ie/regulation/industry-market-sectors/investment-firms/supervisory-disclosures/aggregate-statistical-data,pdf,cbi-regulatory-material,regulatory-material,,,unresolved,central-bank,unknown,unreviewed,centralbank.ie host path is not authorship evidence,host-path-only:non-consultation,low,,1,unknown external-authority or tribunal candidate,pending-independent-review,,,,,,
