sha256,source,dataset_title,resource_name,bytes,data_rows,max_columns,encoding,header,common_column_counts,hash_verified,seconds,canonical_url,local_path,sample_rows
267151defab5ed6188e8739e71764ddd31fcf55568df63626c0676f01e7366a7,opendata,Bank Lending to Irish Businesses,Ana. 1 Loans to Irish businesses,12304,156,4,utf-8-sig,Referencedate | Economic Activity | Outstanding_Balance | Transactions,"[{""columns"": 4, ""rows"": 157}]",True,0.0,https://opendata.centralbank.ie/dataset/802c4ab7-61b8-4481-83ba-9da5665150d3/resource/59c9b335-2375-4264-bd71-9d9656356217/download/ana.-1-loans-to-irish-businesses.csv,files\opendata.centralbank.ie\_long\38e74179c320702399b8c57b\ana.-1-loans-to-irish-businesses__u-38e74179c320.csv,"[[""31/03/2023"", ""Primary Industries"", ""3699736116"", ""-2865360.22""], [""31/03/2023"", ""Manufacturing"", ""2481330897"", ""-30667808.53""], [""31/03/2023"", ""Electricity, Gas, Steam & Air Conditioning Supply"", ""677125213.9"", ""-104530539.6""], [""31/03/2023"", ""Construction, Real Estate & Development Activities"", ""7264765637"", ""-138184740.2""]]"
f53dac11d2b2c5a0c62c47dae8aaf9599aa8d4414b2edb97b992469d6f3a159b,opendata,Bank Lending to Irish Businesses,Ana. 2 Loans to Irish SME's.csv,16157,169,6,utf-8-sig,Referencedate | Economic Activity | Outstanding_Balance_SME | Transactions_SME | New_Lending_SME | Interest_Rates_SME,"[{""columns"": 6, ""rows"": 170}]",True,0.0,https://opendata.centralbank.ie/dataset/802c4ab7-61b8-4481-83ba-9da5665150d3/resource/a1f4aa8c-cf84-4fdb-a148-55305609725b/download/ana.-2-loans-to-irish-smes.csv,files\opendata.centralbank.ie\_long\2e2e7752a2c679286b5c0dc2\ana.-2-loans-to-irish-smes__u-2e2e7752a2c6.csv,"[[""31/03/2023"", ""Primary Industries"", ""3346530071"", ""-20224231.34"", ""216693948.9"", ""5.530851""], [""31/03/2023"", ""Manufacturing"", ""917832525.3"", ""2894225.51"", ""118311934.5"", ""4.968144""], [""31/03/2023"", ""Electricity, Gas, Steam & Air Conditioning Supply"", ""324554873.3"", ""-2157779"", ""6302679.41"", ""7.364419""], [""31/03/2023"", ""Construction, Real Estate & Development Activities"", ""3912234787"", ""-112278684"", ""251201068.8"", ""5.359454""]]"
e1740bdea204e7fb3e0cf06238287709a33616a7afbc922f03b2a0e62ada2ef5,opendata,Card Payments,ie_table_a-13_credit_card_statistics.csv,1191817,9801,9,utf-8-sig,Reporting date | Card Type | Category | Series Description | Sector | Sub-sector |  ObservationType  |  Observation Scale | Value,"[{""columns"": 9, ""rows"": 9802}]",True,0.016,https://opendata.centralbank.ie/dataset/382c3cf6-a718-4aaa-9008-b5d7a3372ffe/resource/a59de450-a461-4188-8bc6-1177c47237c8/download/ie_table_a-13_credit_card_statistics.csv,files\opendata.centralbank.ie\_long\5cf120e6479b4fc19de121b2\ie_table_a-13_credit_card_statistics__u-5cf120e6479b.csv,"[[""2015-01"", ""All"", ""Gross Transactions"", ""Total New Spending during the Month on all Cards"", """", """", ""Value"", ""Euro Thousands"", ""3934406""], [""2015-01"", ""Debit Cards"", ""Gross Transactions"", ""Total New Spending during the Month on Debit Cards"", """", """", ""Value"", ""Euro Thousands"", ""3103099""], [""2015-01"", ""Debit Cards"", ""Gross Transactions"", ""ATM Transactions"", """", """", ""Value"", ""Euro Thousands"", ""1268549""], [""2015-01"", ""Debit Cards"", ""Gross Transactions"", ""POS Transactions"", """", """", ""Value"", ""Euro Thousands"", ""1834550""]]"
de02915f339bfe478deee166f38d020235afbbc8b7dc792ebac726ec18de6a47,opendata,Credit Card Statistics,Table-a-13-1-credit-card-statistics---discontinued.csv,228915,2490,5,cp1252,Reporting Period | Card Type | Category | ObservationScale | ObsValue,"[{""columns"": 5, ""rows"": 2491}]",True,0.0,https://opendata.centralbank.ie/dataset/43815c9c-222e-48fe-afe4-af30ccdb53cd/resource/b3236677-a2df-4127-86e3-3b459f6da049/download/table-a-13-1-credit-card-statistics-discontinued.csv,files\opendata.centralbank.ie\_long\54eeb543cc5832490641523b\table-a-13-1-credit-card-statistics-discontinued__u-54ee.csv,"[[""2002-01"", ""Credit Card - All"", ""Number of cards in issue (000)"", ""Euro Thousands"", ""1719""], [""2002-01"", ""Credit Card - Personal cards"", ""Number of cards in issue (000)"", ""Euro Thousands"", ""1621""], [""2002-01"", ""Credit Card - Business cards"", ""Number of cards in issue (000)"", ""Euro Thousands"", ""99""], [""2002-01"", ""Credit Card - All"", ""New Spending during the month (€m)"", ""Euro Millions"", ""581""]]"
7d30b4ef86ffbfbfc0d1d5ee63d60ce075bd3229bad8089c540df2dff38ee257,opendata,Daily Credit and Debit Card Statistics,Table A.13.2 Daily Card Payments Data.csv,881933,11882,6,utf-8-sig,Reporting date | Category | Description | Sector | Observation Scale | ObsValue,"[{""columns"": 6, ""rows"": 11883}]",True,0.015,https://opendata.centralbank.ie/dataset/5ca0e5b4-3f2b-4865-b9f8-ed47f5e550ec/resource/0bd3196c-1688-44de-94c3-f8deb1be04a4/download/table-a.13.2-daily-card-payments-data.csv,files\opendata.centralbank.ie\_long\6a2567999249cb4fb462b504\table-a.13.2-daily-card-payments-data__u-6a2567999249.csv,"[[""2020-03-01"", ""Total Cards"", ""Spending on All Cards"", "".."", ""Euro Thousands"", ""161585""], [""2020-03-01"", ""Total Cards"", ""o/w Online Spending (card not present)"", "".."", ""Euro Thousands"", """"], [""2020-03-01"", ""Total Cards"", ""o/w In-Store Spending (card present)"", "".."", ""Euro Thousands"", """"], [""2020-03-01"", ""Debit Cards"", ""Debit Card Total"", "".."", ""Euro Thousands"", ""139676""]]"
6ec24d7f047934b1442e65d269fca5f0120a10f31da7612165550b4b33c661db,opendata,Data Repository SFCR Template Information,Data Repository SFCR Template Information 2022,16193724,46044,18,cp1252,ReportingDate | InstitutionName | InstitutionNumber | LEICode | InstitutionType | year_end | templates | row_full_name | col_full_name | row_name | col_name | row_code | col_code | comprow | compcolumn | Euro_value_or_percentage_value | Euro_value_thousand_or_percentage_value | Local_value_or_percentage_value,"[{""columns"": 18, ""rows"": 46045}]",True,0.141,https://opendata.centralbank.ie/dataset/c0ba9fbe-0103-4b96-b47d-b2041abec5ce/resource/27e3399c-b007-4c3f-871b-7ad53726622a/download/data-repository-sfcr-template-information-2022.csv,files\opendata.centralbank.ie\_long\2b9899e76931f071ae3794b4\data-repository-sfcr-template-information-2022__u-2b9899.csv,"[[""30/06/2022"", ""Acadia International Insurance dac"", ""33489"", ""635400GLGLBGMGUOHI85"", ""Insurance Company Non-Life"", ""2022"", ""S.02.01.02"", ""Assets  Cash and cash equivalents"", ""Solvency II value"", ""Cash and cash equivalents"", ""Solvency II value"", ""R0410"", ""C0010"", ""R0410 - Cash and cash equivalents"", ""C0010 - Solvency II value"", ""-2149287.571"", ""-2149.287571"", ""-2232465""], [""30/06/2022"", ""Acadia International Insurance dac"", ""33489"", ""635400GLGLBGMGUOHI85"", ""Insurance Company Non-Life"", ""2022"", ""S.02.01.02"", ""Assets  Insurance and intermediaries receivables"", ""Solvency II value"", ""Insurance and intermediaries receivables"", ""Solvency II value"", ""R0360"", ""C0010"", ""R0360 - Insurance and intermediaries receivables"", ""C0010 - Solvency II value"", ""10559223.66"", ""10559.22366"", ""10967865.62""], [""30/06/2022"", ""Acadia International Insurance dac"", ""33489"", ""635400GLGLBGMGUOHI85"", ""Insurance Company Non-Life"", ""2022"", ""S.02.01.02"", ""Assets  Investments (other than assets held for index-linked and unit-linked contracts)"", ""Solvency II value"", ""Investments (other than assets held for index-linked and unit-linked contracts)"", ""Solvency II value"", ""R0070"", ""C0010"", ""R0070 - Investments (other than assets held for index-linked and unit-linked contracts)"", ""C0010 - Solvency II value"", ""8512052.989"", ""8512.052989"", ""8841469.44""], [""30/06/2022"", ""Acadia International Insurance dac"", ""33489"", ""635400GLGLBGMGUOHI85"", ""Insurance Company Non-Life"", ""2022"", ""S.02.01.02"", ""Assets  Investments (other than assets held for index-linked and unit-linked contracts)  Collective Investments Undertakings"", ""Solvency II value"", ""Collective Investments Undertakings"", ""Solvency II value"", ""R0180"", ""C0010"", ""R0180 - Collective Investments Undertakings"", ""C0010 - Solvency II value"", ""8512052.566"", ""8512.052566"", ""8841469""]]"
61796f259f7a6f93f0c5ca7f247546d5bfb659248b1472f89b631d5d7da4ab5b,opendata,Data Repository SFCR Template Information,Data Repository SFCR Template Information 2023,13116303,36082,18,cp1252,ReportingDate | InstitutionName | InstitutionNumber | LEICode | InstitutionType | year_end | templates | row_full_name | col_full_name | row_name | col_name | row_code | col_code | comprow | compcolumn | Euro_value_or_percentage_value | Euro_value_thousand_or_percentage_value | Local_value_or_percentage_value,"[{""columns"": 18, ""rows"": 36083}]",True,0.125,https://opendata.centralbank.ie/dataset/c0ba9fbe-0103-4b96-b47d-b2041abec5ce/resource/b32e5fd0-c507-4192-b498-fba4b674302d/download/data-repository-sfcr-template-information-2023.csv,files\opendata.centralbank.ie\_long\fa2fab24779bd65a2b099a83\data-repository-sfcr-template-information-2023__u-fa2fab.csv,"[[""30/06/2023"", ""Acadia International Insurance dac"", ""33489"", ""635400GLGLBGMGUOHI85"", ""Insurance Company Non-Life"", ""2023"", ""S.02.01.02"", ""Assets    Any other assets, not elsewhere shown"", ""Solvency II value"", ""Any other assets, not elsewhere shown"", ""Solvency II value"", ""R0420"", ""C0010"", ""R0420 - Any other assets, not elsewhere shown"", ""C0010 - Solvency II value"", ""208631.8424"", ""208.6318424"", ""226699.36""], [""30/06/2023"", ""Acadia International Insurance dac"", ""33489"", ""635400GLGLBGMGUOHI85"", ""Insurance Company Non-Life"", ""2023"", ""S.02.01.02"", ""Assets    Cash and cash equivalents"", ""Solvency II value"", ""Cash and cash equivalents"", ""Solvency II value"", ""R0410"", ""C0010"", ""R0410 - Cash and cash equivalents"", ""C0010 - Solvency II value"", ""11253869.87"", ""11253.86987"", ""12228455""], [""30/06/2023"", ""Acadia International Insurance dac"", ""33489"", ""635400GLGLBGMGUOHI85"", ""Insurance Company Non-Life"", ""2023"", ""S.02.01.02"", ""Assets    Insurance and intermediaries receivables"", ""Solvency II value"", ""Insurance and intermediaries receivables"", ""Solvency II value"", ""R0360"", ""C0010"", ""R0360 - Insurance and intermediaries receivables"", ""C0010 - Solvency II value"", ""1974642.684"", ""1974.642684"", ""2145646.74""], [""30/06/2023"", ""Acadia International Insurance dac"", ""33489"", ""635400GLGLBGMGUOHI85"", ""Insurance Company Non-Life"", ""2023"", ""S.02.01.02"", ""Assets    Investments (other than assets held for index-linked and unit-linked contracts)"", ""Solvency II value"", ""Investments (other than assets held for index-linked and unit-linked contracts)"", ""Solvency II value"", ""R0070"", ""C0010"", ""R0070 - Investments (other than assets held for index-linked and unit-linked contracts)"", ""C0010 - Solvency II value"", ""8464325.824"", ""8464.325824"", ""9197336.44""]]"
9eabf32e949b281a8af141a06ac9040044769f401c23083f8d5f9966ca276729,opendata,Data Repository SFCR Template Information,Data Repository SFCR Template Information 2024,12676146,34800,18,cp1252,ReportingDate | InstitutionName | InstitutionNumber | LEICode | InstitutionType | year_end | templates | row_full_name | col_full_name | row_name | col_name | row_code | col_code | comprow | compcolumn | Euro_value_or_percentage_value | Euro_value_thousand_or_percentage_value | Local_value_or_percentage_value,"[{""columns"": 18, ""rows"": 34801}]",True,0.125,https://opendata.centralbank.ie/dataset/c0ba9fbe-0103-4b96-b47d-b2041abec5ce/resource/da8d1c72-9def-4090-833a-36949d5460bb/download/data-repository-sfcr-template-information-2024.csv,files\opendata.centralbank.ie\_long\0dd40fcb65840582977bcabd\data-repository-sfcr-template-information-2024__u-0dd40f.csv,"[[""30/06/2024"", ""Acadia International Insurance dac"", ""33489"", ""635400GLGLBGMGUOHI85"", ""Insurance Company Non-Life"", ""2024"", ""S.02.01.02"", ""Assets    Any other assets, not elsewhere shown"", ""Solvency II value"", ""Any other assets, not elsewhere shown"", ""Solvency II value"", ""R0420"", ""C0010"", ""R0420 - Any other assets, not elsewhere shown"", ""C0010 - Solvency II value"", ""9560.1222"", ""9.5601222"", ""10230""], [""30/06/2024"", ""Acadia International Insurance dac"", ""33489"", ""635400GLGLBGMGUOHI85"", ""Insurance Company Non-Life"", ""2024"", ""S.02.01.02"", ""Assets    Cash and cash equivalents"", ""Solvency II value"", ""Cash and cash equivalents"", ""Solvency II value"", ""R0410"", ""C0010"", ""R0410 - Cash and cash equivalents"", ""C0010 - Solvency II value"", ""16594801.27"", ""16594.80127"", ""17757599""], [""30/06/2024"", ""Acadia International Insurance dac"", ""33489"", ""635400GLGLBGMGUOHI85"", ""Insurance Company Non-Life"", ""2024"", ""S.02.01.02"", ""Assets    Insurance and intermediaries receivables"", ""Solvency II value"", ""Insurance and intermediaries receivables"", ""Solvency II value"", ""R0360"", ""C0010"", ""R0360 - Insurance and intermediaries receivables"", ""C0010 - Solvency II value"", ""91839.9824"", ""91.8399824"", ""98275.21""], [""30/06/2024"", ""Acadia International Insurance dac"", ""33489"", ""635400GLGLBGMGUOHI85"", ""Insurance Company Non-Life"", ""2024"", ""S.02.01.02"", ""Assets    Investments (other than assets held for index-linked and unit-linked contracts)"", ""Solvency II value"", ""Investments (other than assets held for index-linked and unit-linked contracts)"", ""Solvency II value"", ""R0070"", ""C0010"", ""R0070 - Investments (other than assets held for index-linked and unit-linked contracts)"", ""C0010 - Solvency II value"", ""9082041.362"", ""9082.041362"", ""9718420""]]"
04bbc6b39043c3ed2ec0b15fd84cece941e582001afe11d5daacdfbdf9654e9f,opendata,Gross National Debt,Gross National Debt,123451,1871,6,utf-8-sig,reference_date | item | denomination | residual_maturity | outstanding_amount_EUR_million | status,"[{""columns"": 6, ""rows"": 1872}]",True,0.0,https://opendata.centralbank.ie/dataset/518f4e37-b60f-45db-ad7f-001f52fd6f9e/resource/0ec622ab-de07-4072-a53e-959128d37a7e/download/gross_national_debt.csv,files\opendata.centralbank.ie\_long\6364d790f39a86c9aa0db63e\gross_national_debt__u-6364d790f39a.csv,"[[""31/12/2012"", ""Government Bonds"", ""Euro"", ""Total"", ""87853.01"", ""Audited""], [""31/03/2013"", ""Government Bonds"", ""Euro"", ""Total"", ""120082.93"", ""Audited""], [""30/06/2013"", ""Government Bonds"", ""Euro"", ""Total"", ""115464.94"", ""Audited""], [""30/09/2013"", ""Government Bonds"", ""Euro"", ""Total"", ""114853.89"", ""Audited""]]"
87eec08150a24931bf2885c533b0e54473a43e50ac4c704231b61e7a9fcfd0f0,opendata,Holders of Long-Term Irish Government Bonds,Irish Gov Bonds 1969-2001.csv,23523,689,3,utf-8-sig,Reporting Period | Sector | Euro Millions,"[{""columns"": 3, ""rows"": 690}]",True,0.0,https://opendata.centralbank.ie/dataset/0e335bc9-da3d-4364-87f4-4362dd75bcd7/resource/6929c44d-1cee-4575-a2a7-bcdece7f3433/download/irish-gov-bonds-1969-2001.csv,files\opendata.centralbank.ie\_long\dfbeafd9e8f4716328601b8f\irish-gov-bonds-1969-2001__u-dfbeafd9e8f4.csv,"[[""1969-03"", ""Credit Institutions and Central Bank"", ""139""], [""1970-03"", ""Credit Institutions and Central Bank"", ""165""], [""1971-03"", ""Credit Institutions and Central Bank"", ""196""], [""1972-03"", ""Credit Institutions and Central Bank"", ""262""]]"
e61ac5c2da172eee3ef4e0cb23039c1fbaffeef21178f24f5ce9ccced1e31466,opendata,Holders of Long-Term Irish Government Bonds,Irish Gov Bonds 2001-2011.csv,33629,868,3,utf-8-sig,Reporting Period | Sector | Euro Millions,"[{""columns"": 3, ""rows"": 869}]",True,0.015,https://opendata.centralbank.ie/dataset/0e335bc9-da3d-4364-87f4-4362dd75bcd7/resource/4397feaa-9946-4cac-bb03-21eddd99877e/download/irish-gov-bonds-2001-2011.csv,files\opendata.centralbank.ie\_long\8b6e8c5f59357b91f0f2af56\irish-gov-bonds-2001-2011__u-8b6e8c5f5935.csv,"[[""2001-09"", ""Credit Institutions and Central Bank"", ""5051""], [""2001-10"", ""Credit Institutions and Central Bank"", ""4340""], [""2001-11"", ""Credit Institutions and Central Bank"", ""4562""], [""2001-12"", ""Credit Institutions and Central Bank"", ""4964""]]"
81f6842e3542103348e4e0c1c9a166f5a5a07a53ffc605304f843cfbfb782834,opendata,Holders of Long-Term Irish Government Bonds,Irish Gov Bonds 2012-2013.csv,4671,96,3,utf-8-sig,Reporting Period | Sector | Euro Millions,"[{""columns"": 3, ""rows"": 97}]",True,0.0,https://opendata.centralbank.ie/dataset/0e335bc9-da3d-4364-87f4-4362dd75bcd7/resource/4e96abe8-ae1f-4f42-bb6d-19a1f93c0359/download/irish-gov-bonds-2012-2013.csv,files\opendata.centralbank.ie\_long\df385bbd9a0abb386881a4e1\irish-gov-bonds-2012-2013__u-df385bbd9a0a.csv,"[[""2012-01"", ""Credit Institutions and Central Bank"", ""16983""], [""2012-02"", ""Credit Institutions and Central Bank"", ""17343""], [""2012-03"", ""Credit Institutions and Central Bank"", ""17158""], [""2012-04"", ""Credit Institutions and Central Bank"", ""17021""]]"
3112b592081335135890084a636483757c1e539aee097642958e6168c2e79825,opendata,Holders of Long-Term Irish Government Bonds,Irish Gov Bonds 2014-2016.csv,9184,256,3,utf-8-sig,Reporting Period | Sector | Euro Millions,"[{""columns"": 3, ""rows"": 257}]",True,0.0,https://opendata.centralbank.ie/dataset/0e335bc9-da3d-4364-87f4-4362dd75bcd7/resource/3c9968bb-c1fa-447b-a174-9d83248f984e/download/irish-gov-bonds-2014-2016.csv,files\opendata.centralbank.ie\_long\a9055d00837d387984cb2580\irish-gov-bonds-2014-2016__u-a9055d00837d.csv,"[[""2014-01"", ""Credit Institutions and Central Bank"", ""49209""], [""2014-02"", ""Credit Institutions and Central Bank"", ""49168""], [""2014-03"", ""Credit Institutions and Central Bank"", ""48308""], [""2014-04"", ""Credit Institutions and Central Bank"", ""48228""]]"
078684e117f87371f0e5c9d8e6c87c48409f821ef6d9437a2b4c1accd0983c20,opendata,Holders of Long-Term Irish Government Bonds,Irish Gov Bonds 2016-2021.csv,20841,576,3,utf-8-sig,Reporting Period | Sector | Euro Millions,"[{""columns"": 3, ""rows"": 577}]",True,0.0,https://opendata.centralbank.ie/dataset/0e335bc9-da3d-4364-87f4-4362dd75bcd7/resource/1ec4eda0-1e73-4264-ac6b-0199fc99e0cc/download/irish-gov-bonds-2016-2021.csv,files\opendata.centralbank.ie\_long\55b4a411d6c1d82ad0341abc\irish-gov-bonds-2016-2021__u-55b4a411d6c1.csv,"[[""2016-09"", ""Credit Institutions and Central Bank"", ""49348""], [""2016-10"", ""Credit Institutions and Central Bank"", ""50289""], [""2016-11"", ""Credit Institutions and Central Bank"", ""51092""], [""2016-12"", ""Credit Institutions and Central Bank"", ""51143""]]"
0a486286d5fc0e96d05f45a526b2717df06967a77a87cc35a235b572f64cb57c,opendata,Holders of Long-Term Irish Government Bonds,Irish Gov Bonds Current.csv,17017,486,3,utf-8-sig,Reporting Period | Sector | Euro Millions,"[{""columns"": 3, ""rows"": 487}]",True,0.0,https://opendata.centralbank.ie/dataset/0e335bc9-da3d-4364-87f4-4362dd75bcd7/resource/a98249cc-e82b-49f0-bbe5-1c64a06ae580/download/irish-gov-bonds-current.csv,files\opendata.centralbank.ie\_long\7f08bcf42cceac068c39a013\irish-gov-bonds-current__u-7f08bcf42cce.csv,"[[""2022-01"", ""Credit Institutions and Central Bank"", ""75067""], [""2022-01"", ""General Government"", ""499""], [""2022-01"", ""Households"", ""51""], [""2022-01"", ""Insurance Corporations"", ""2158""]]"
a7ff081308db983f878767662c8f98adb319e132e96097ff3335ff1f0dea681f,opendata,Irish Insurance Corporations Balance Sheet,ICQ,213521,615,17,utf-8-sig,DATE | QUARTER | STATISTIC | ASSET_LIABILITY | MATURITY | COUNTERPART_AREA | COUNTERPART_SECTOR | ASSET_LIABILITY_CURRENCY | OBSERVATION | OBSERVATION_CURRENCY | UNIT | DATA_TYPE | FREQUENCY | REFERENCE_AREA | COMPILATION_APPROACH | ESA_CODE | REPORTING_SECTOR,"[{""columns"": 17, ""rows"": 616}]",True,0.0,https://opendata.centralbank.ie/dataset/28f9462e-eafb-4b21-9616-c1748d3de9b5/resource/311837e4-09e9-4378-b4de-14aa2b5d68b9/download/icq.csv,files\opendata.centralbank.ie\_long\408981fb0280954fbdea75dd\icq__u-408981fb0280.csv,"[[""31/03/2026"", ""2026 Q1"", ""Q:IE:S:S128:A10:T:1:W0:S1:_T:EUR"", ""Asset - Currency and deposits - fair value"", ""All original maturities"", ""World (all entities, including reference area, including IO)"", ""Total economy"", ""All currencies"", ""25053.05"", ""Euro"", ""Millions"", ""Outstanding amounts at the end of the period (stocks)"", ""Quarterly"", ""Ireland"", ""Host approach"", ""S128"", ""Insurance corporations""], [""31/03/2026"", ""2026 Q1"", ""Q:IE:S:S128:A20:T:1:W0:S1:_T:EUR"", ""Asset - Loans - fair value"", ""All original maturities"", ""World (all entities, including reference area, including IO)"", ""Total economy"", ""All currencies"", ""18692.08"", ""Euro"", ""Millions"", ""Outstanding amounts at the end of the period (stocks)"", ""Quarterly"", ""Ireland"", ""Host approach"", ""S128"", ""Insurance corporations""], [""31/03/2026"", ""2026 Q1"", ""Q:IE:S:S128:A30:T:1:W0:S1:_T:EUR"", ""Asset - Debt securities"", ""All original maturities"", ""World (all entities, including reference area, including IO)"", ""Total economy"", ""All currencies"", ""92159.97"", ""Euro"", ""Millions"", ""Outstanding amounts at the end of the period (stocks)"", ""Quarterly"", ""Ireland"", ""Host approach"", ""S128"", ""Insurance corporations""], [""31/03/2026"", ""2026 Q1"", ""Q:IE:S:S128:A40:T:1:W0:S1:_T:EUR"", ""Asset - Insurance technical reserves and related claims/Pension fund reserves"", ""All original maturities"", ""World (all entities, including reference area, including IO)"", ""Total economy"", ""All currencies"", ""52128.81"", ""Euro"", ""Millions"", ""Outstanding amounts at the end of the period (stocks)"", ""Quarterly"", ""Ireland"", ""Host approach"", ""S128"", ""Insurance corporations""]]"
587c631f9cfd6a3264a62a5b47434332eb574764f72a13a902be48ef7720d824,opendata,Irish Insurance Corporations Premiums and Claims,ICA.csv,6537,30,13,utf-8-sig,DATE | YEAR | STATISTIC | FLOW | COUNTERPART_AREA | UNIT | OBSERVATION | OBSERVATION_CURRENCY | UNIT_MULT_DESC | FREQUENCY | REFERENCE_AREA | ESA_CODE | REPORTING_SECTOR,"[{""columns"": 13, ""rows"": 31}]",True,0.0,https://opendata.centralbank.ie/dataset/f4af4599-2954-42ce-a663-9b4f59653f05/resource/4279427f-fdbc-48ff-b9ff-70a45d1999e6/download/ica.csv,files\opendata.centralbank.ie\_long\4969defa64eea3b1be4c4ed8\ica__u-4969defa64ee.csv,"[[""31/12/2025"", ""2025"", ""A:IE:S128:L:W0:A:EUR"", ""Claims incurred"", ""World (all entities, including reference area, including IO)"", ""All (head office and branches)"", ""74173"", ""Euro"", ""Millions"", ""Annual"", ""Ireland"", ""S128"", ""Insurance corporations""], [""31/12/2025"", ""2025"", ""A:IE:S128:O:W0:A:EUR"", ""Acquisition expenses"", ""World (all entities, including reference area, including IO)"", ""All (head office and branches)"", ""12559"", ""Euro"", ""Millions"", ""Annual"", ""Ireland"", ""S128"", ""Insurance corporations""], [""31/12/2025"", ""2025"", ""A:IE:S128:P:W0:A:EUR"", ""Premiums written"", ""World (all entities, including reference area, including IO)"", ""All (head office and branches)"", ""113082"", ""Euro"", ""Millions"", ""Annual"", ""Ireland"", ""S128"", ""Insurance corporations""], [""31/12/2024"", ""2024"", ""A:IE:S128:L:W0:A:EUR"", ""Claims incurred"", ""World (all entities, including reference area, including IO)"", ""All (head office and branches)"", ""73892"", ""Euro"", ""Millions"", ""Annual"", ""Ireland"", ""S128"", ""Insurance corporations""]]"
cb4cd5a6dc63a2d77e146a20a445eaab8790ef278e46ffbddbe2806c4f744fb2,opendata,Irish Pension Funds Balance Sheet,PFQ.csv,249991,756,17,utf-8-sig,DATE | QUARTER | STATISTIC | ASSET_LIABILITY | MATURITY | COUNTERPART_AREA | COUNTERPART_SECTOR | ASSET_LIABILITY_CURRENCY | OBSERVATION | OBSERVATION_CURRENCY | UNIT | DATA_TYPE | FREQUENCY | REFERENCE_AREA | COMPILATION_APPROACH | ESA_CODE | REPORTING_SECTOR,"[{""columns"": 17, ""rows"": 757}]",True,0.0,https://opendata.centralbank.ie/dataset/aa25e384-8201-4e1e-a365-e2c1497b2635/resource/9bdf88e9-9fea-4825-9cba-effee56c13e5/download/pfq.csv,files\opendata.centralbank.ie\_long\7ac53eb051d12c09eafa2383\pfq__u-7ac53eb051d1.csv,"[[""31/03/2026"", ""2026 Q1"", ""Q:IE:S:S129:A00:T:1:W0:S1:_T:EUR"", ""Asset - Total assets"", ""All original maturities"", ""World (all entities, including reference area, including IO)"", ""Total economy"", ""All currencies"", ""148052.3"", ""Euro"", ""Millions"", ""Outstanding amounts at the end of the period (stocks)"", ""Quarterly"", ""Ireland"", ""Host approach"", ""S129"", ""Pension funds""], [""31/03/2026"", ""2026 Q1"", ""Q:IE:S:S129:A1N:T:1:W0:S1:_T:EUR"", ""Asset - Currency and deposits - nominal value"", ""All original maturities"", ""World (all entities, including reference area, including IO)"", ""Total economy"", ""All currencies"", ""3264.89"", ""Euro"", ""Millions"", ""Outstanding amounts at the end of the period (stocks)"", ""Quarterly"", ""Ireland"", ""Host approach"", ""S129"", ""Pension funds""], [""31/03/2026"", ""2026 Q1"", ""Q:IE:S:S129:A2N:T:1:W0:S1:_T:EUR"", ""Asset - Loans - nominal value"", ""All original maturities"", ""World (all entities, including reference area, including IO)"", ""Total economy"", ""All currencies"", ""0"", ""Euro"", ""Millions"", ""Outstanding amounts at the end of the period (stocks)"", ""Quarterly"", ""Ireland"", ""Host approach"", ""S129"", ""Pension funds""], [""31/03/2026"", ""2026 Q1"", ""Q:IE:S:S129:A30:T:1:U4:S1:_T:EUR"", ""Asset - Debt securities"", ""All original maturities"", ""Extra Euro area (changing composition)"", ""Total economy"", ""All currencies"", ""2298.48"", ""Euro"", ""Millions"", ""Outstanding amounts at the end of the period (stocks)"", ""Quarterly"", ""Ireland"", ""Host approach"", ""S129"", ""Pension funds""]]"
1029a50b36ba0e6177fd11b17746ea7a452ad1b1cfd45db3ba9abba8c3f34678,opendata,Irish Pension Funds Membership,PFM.csv,2502,28,9,utf-8-sig,DATE | YEAR | STATISTIC | MEMBER_TYPE | OBSERVATION | FREQUENCY | REFERENCE_AREA | ESA_CODE | REPORTING_SECTOR,"[{""columns"": 9, ""rows"": 29}]",True,0.0,https://opendata.centralbank.ie/dataset/e461496b-d3bd-451c-ae99-d84219a20ca7/resource/155a8460-58ff-4261-9bf5-02b224314f1c/download/pfm.csv,files\opendata.centralbank.ie\_long\73615b169685050ba01aba5c\pfm__u-73615b169685.csv,"[[""31/12/2025"", ""2025"", ""A:IE:S129:_T"", ""Total members"", ""1886033"", ""Annual"", ""Ireland"", ""S129"", ""Pension funds""], [""31/12/2025"", ""2025"", ""A:IE:S129:A"", ""Active members"", ""933799"", ""Annual"", ""Ireland"", ""S129"", ""Pension funds""], [""31/12/2025"", ""2025"", ""A:IE:S129:D"", ""Deferred members"", ""850151"", ""Annual"", ""Ireland"", ""S129"", ""Pension funds""], [""31/12/2025"", ""2025"", ""A:IE:S129:R"", ""retired members"", ""102083"", ""Annual"", ""Ireland"", ""S129"", ""Pension funds""]]"
bbf61294567123a6222e3e7eff514006ef7d78cb8132d87967ff39201f1e3434,opendata,Irish Resident Investment Funds Issues and Redemptions by Geography,IF Equity Holders by Geography.csv,275933,2304,9,utf-8-sig,ReportingPeriod | Category | FundType | AccountingCategory | Geography | Description | ObservationType | ObservationScale | Amount,"[{""columns"": 9, ""rows"": 2305}]",True,0.0,https://opendata.centralbank.ie/dataset/c70e9459-2c08-411c-9856-27d56cd1e75c/resource/8d633c08-4351-4cc6-a9ed-c9fa0b9f2bea/download/if-equity-holders-by-geography.csv,files\opendata.centralbank.ie\_long\20d2a5ede291b9740832f198\if-equity-holders-by-geography__u-20d2a5ede291.csv,"[[""29/12/2017"", ""Stock"", ""Total"", ""Liabilities"", ""Ireland"", ""Holders of Equity in Irish Investment Funds"", ""Value"", ""Euro Millions"", ""364182""], [""29/03/2018"", ""Stock"", ""Total"", ""Liabilities"", ""Ireland"", ""Holders of Equity in Irish Investment Funds"", ""Value"", ""Euro Millions"", ""163391""], [""29/06/2018"", ""Stock"", ""Total"", ""Liabilities"", ""Ireland"", ""Holders of Equity in Irish Investment Funds"", ""Value"", ""Euro Millions"", ""169563""], [""28/09/2018"", ""Stock"", ""Total"", ""Liabilities"", ""Ireland"", ""Holders of Equity in Irish Investment Funds"", ""Value"", ""Euro Millions"", ""176110""]]"
ab939d62597ecf861ea26547aee698958cfbeb4853bd6610f69d159b01e09052,opendata,Irish Resident Investment Funds Statistics,Irish-resident-investment-funds-statistics.csv,6265447,63373,10,utf-8-sig,ReportingPeriod | Category | FundType | AccountingCategory | Geography | Sector | Description | ObservationType | ObservationScale | Amount,"[{""columns"": 10, ""rows"": 63374}]",True,0.078,https://opendata.centralbank.ie/dataset/99034f7b-98fc-4dba-b0d5-c3b2a26b4366/resource/af3f4511-aa20-41b5-91d2-669bd1c5b178/download/irish-resident-investment-funds-statistics.csv,files\opendata.centralbank.ie\_long\5fbcf97c7056494e336a6613\irish-resident-investment-funds-statistics__u-5fbcf97c70.csv,"[[""31/12/2008"", ""Stock"", ""Bonds"", ""Assets"", ""Domestic"", ""MFI"", ""Deposits and loan claims"", ""Value"", ""Euro Millions"", ""478""], [""31/12/2008"", ""Stock"", ""Bonds"", ""Assets"", ""Domestic"", ""Non-MFIs"", ""Deposits and loan claims"", ""Value"", ""Euro Millions"", """"], [""31/12/2008"", ""Stock"", ""Bonds"", ""Assets"", ""Domestic"", ""All"", ""Deposits and loan claims"", ""Value"", ""Euro Millions"", ""478""], [""31/12/2008"", ""Stock"", ""Bonds"", ""Assets"", ""OMUMs"", ""MFI"", ""Deposits and loan claims"", ""Value"", ""Euro Millions"", ""149""]]"
025bc79e54073ab0e1720169706b4f2349ce3584225b10902084cb2b68dbbcb4,opendata,Irish Securities Holdings by Sector,Securities holdings statistics.csv,80969,1228,5,utf-8-sig,ReportingPeriod | Holder Area | Holder Sector | Instrument Type | Amount,"[{""columns"": 5, ""rows"": 1229}]",True,0.0,https://opendata.centralbank.ie/dataset/aa4fc25c-0415-49bb-99ac-4ffa1a340e0e/resource/849909bf-6039-4d8b-b6b7-1f019a58da04/download/securities-holdings-statistics.csv,files\opendata.centralbank.ie\_long\582546df158eaab5613705b9\securities-holdings-statistics__u-582546df158e.csv,"[[""2025-12"", ""Ireland"", ""Credit Institutions"", ""Listed Shares"", ""8026.369781""], [""2025-12"", ""Ireland"", ""Investment Funds"", ""Debt Securities-Long Term"", ""1440142.563""], [""2025-12"", ""Ireland"", ""Non-Financial Corporations"", ""All"", ""8586.769117""], [""2025-12"", ""Ireland"", ""Credit Institutions"", ""Debt Securities-Short Term"", ""4916.061416""]]"
8adb5b3896f820074c08397dba381e48107ed5e28786c7967d6000c044e958e9,opendata,Irish Special Purpose Entities,SPEData.csv,1990692,17492,10,utf-8-sig,ReportingPeriod | Category | EntityType | Accounting Category | Geography | Sector | Description | Observation Type | Observation Scale | Amount,"[{""columns"": 10, ""rows"": 17493}]",True,0.032,https://opendata.centralbank.ie/dataset/59b59daf-c864-43b4-af16-73fa81886436/resource/b6042235-71b1-4916-89e4-b54730fdf5cc/download/spedata2026-06-05.csv,files\opendata.centralbank.ie\_long\2f21aaeecf30aae2555d300f\spedata2026-06-05__u-2f21aaeecf30.csv,"[[""2026-03-31"", ""Stocks"", ""FVC"", ""Assets"", ""Domestic"", ""MFI"", ""Deposits and loan claims"", ""Value"", ""Euro Millions"", ""9441.938""], [""2026-03-31"", ""Stocks"", ""FVC"", ""Assets"", ""Domestic"", ""MFI"", ""Securities other than shares"", ""Value"", ""Euro Millions"", ""61.983""], [""2026-03-31"", ""Stocks"", ""FVC"", ""Assets"", ""Domestic"", ""MFI"", ""Total"", ""Value"", ""Euro Millions"", ""9564.081""], [""2026-03-31"", ""Stocks"", ""FVC"", ""Assets"", ""Domestic"", ""Non-MFI"", ""Deposits and loan claims"", ""Value"", ""Euro Millions"", ""11422.793""]]"
f1cdfe245290d5d345661338d9b2b95e5235312bfb4c4568ae9077fcd25cab48,opendata,Money and Banking Statistics,Money and Banking Statistics,30366521,177748,7,utf-8-sig,Table Description | Reporting Date | Item Code | Item | Data Type | Denomination | Value,"[{""columns"": 7, ""rows"": 177749}]",True,0.265,https://opendata.centralbank.ie/dataset/f178f1ef-6be3-4377-8441-433e3531c11f/resource/ea2149b9-3429-4f9f-ab4f-99803f32b537/download/money-and-banking-statistics.csv,files\opendata.centralbank.ie\_long\b930a0bad56807f3a9929a6d\money-and-banking-statistics__u-b930a0bad568.csv,"[[""A.1 - Summary Irish Private Sector Credit and Deposits"", ""2003-01-31"", ""1"", ""Loans to Households, Irish Resident, Total"", ""Transaction"", ""Millions"", """"], [""A.1 - Summary Irish Private Sector Credit and Deposits"", ""2003-01-31"", ""2"", ""Loans for the Purpose of House Purchase, Irish Residents, "", ""Transaction"", ""Millions"", """"], [""A.1 - Summary Irish Private Sector Credit and Deposits"", ""2003-01-31"", ""3"", ""Loans for the Purpose of Consumption, Irish Resident,"", ""Transaction"", ""Millions"", """"], [""A.1 - Summary Irish Private Sector Credit and Deposits"", ""2003-01-31"", ""4"", ""Loans for Other Purposes, Irish Resident"", ""Transaction"", ""Millions"", """"]]"
b81c3299921b0b6e9a1df303c8160b3b3757bcf3606f36ece1c9adce1668f2f6,opendata,Monthly Card Payment Statistics,PCI Card Issuance,15382,90,16,utf-8-sig,REPORTING_PERIOD | SERIES_KEY | OBSERVATION_FREE | CONFIDENTIALITY_FLAG | FREQ | FREQ_DESC | REF_AREA | REF_AREA_DESC | HOLDER_AREA | HOLDER_AREA_DESC | PYMNT_SCHM | PYMNT_SCHM_DESC | CRD_FNCTN | CRD_FNCTN_DESC | UNIT_MEASURE | UNIT_MEASURE_DESC,"[{""columns"": 16, ""rows"": 91}]",True,0.0,https://opendata.centralbank.ie/dataset/19af4a3e-ed9f-41ee-ad9b-52dc72354a15/resource/09fb7335-f89f-4c47-89be-5e4156a61a37/download/mpci_data.csv,files\opendata.centralbank.ie\_long\323abfa2a1cef06ccf20c4c7\mpci_data__u-323abfa2a1ce.csv,"[[""30/06/2026"", ""PCI.M.IE.W2.PCS_ALL.13.PN"", ""1624725"", ""F"", ""M"", ""Monthly"", ""IE"", ""Ireland"", ""W2"", ""Domestic (home or reference area)"", ""PCS_ALL"", ""ALL payment card schemes"", ""13"", ""Credit card"", ""PN"", ""Pure number""], [""30/06/2026"", ""PCI.M.IE.W2.PCS_ALL.11.PN"", ""8579414"", ""F"", ""M"", ""Monthly"", ""IE"", ""Ireland"", ""W2"", ""Domestic (home or reference area)"", ""PCS_ALL"", ""ALL payment card schemes"", ""11"", ""Debit card"", ""PN"", ""Pure number""], [""31/05/2026"", ""PCI.M.IE.W2.PCS_ALL.13.PN"", ""1621620"", ""F"", ""M"", ""Monthly"", ""IE"", ""Ireland"", ""W2"", ""Domestic (home or reference area)"", ""PCS_ALL"", ""ALL payment card schemes"", ""13"", ""Credit card"", ""PN"", ""Pure number""], [""31/05/2026"", ""PCI.M.IE.W2.PCS_ALL.11.PN"", ""8481512"", ""F"", ""M"", ""Monthly"", ""IE"", ""Ireland"", ""W2"", ""Domestic (home or reference area)"", ""PCS_ALL"", ""ALL payment card schemes"", ""11"", ""Debit card"", ""PN"", ""Pure number""]]"
b8619730cc9a83c0f83051a527c0df4bd85b4f7db8c93be701fb0dae0fa39905,opendata,Monthly Card Payment Statistics,PCP Monthly Card Payments,561960,1080,33,utf-8-sig,REPORTINGPERIOD | SERIES_KEY | OBSERVATION | CONFIDENTIALITY_FLAG | UNITS | FREQ | FREQ_DESC | REF_AREA | REF_AREA_DESC | COUNT_AREA | COUNT_AREA_DESC | TRMNL_LCTN | TRMNL_LCTN_DESC | TYP_TRNSCTN | TYP_TRNSCTN_DESC | RL_TRNSCTN | RL_TRNSCTN_DESC | INTTN_CHNNL | INTTN_CHNNL_DESC | RMT_INTTN | RMT_INTTN_DESC | PYMNT_SCHM | PYMNT_SCHM_DESC | CRD_FNCTN | CRD_FNCTN_DESC | SCA | SCA_DESC | FRD_TYP | FRD_TYP_DESC | TRANSFORMATION | TRANSFORMATION_DESC | UNIT_MEASURE | UNIT_MEASURE_DESC,"[{""columns"": 33, ""rows"": 1081}]",True,0.0,https://opendata.centralbank.ie/dataset/19af4a3e-ed9f-41ee-ad9b-52dc72354a15/resource/48aca6f9-bfd2-40fd-b746-e93c0ee32e41/download/mpcp_cardpayments.csv,files\opendata.centralbank.ie\_long\3717bcd6e002168b6a6fe091\mpcp_cardpayments__u-3717bcd6e002.csv,"[[""2026-06-30"", ""PCP.M.IE._Z.W0.CP0.1._T._T.PCS_ALL._Z._X._Z.N.EUR"", ""10050338915.56000000"", ""F"", ""Exact Amount"", ""M"", ""Monthly"", ""IE"", ""Ireland"", ""_Z"", ""Not applicable"", ""W0"", ""World (all entities, including reference area, including IO)"", ""CP0"", ""Card payments"", ""1"", ""Payer's payment service provider (PSP)"", ""_T"", ""All"", ""_T"", ""Initiated either via remote or non-remote channel"", ""PCS_ALL"", ""All payment card schemes combined"", ""_Z"", ""Not applicable"", ""_X"", ""Either strong customer authentication (SCA) or non-SCA used"", ""_Z"", ""Not applicable (total transactions including both non-fraud and fraud)"", ""N"", ""Non transformed data"", ""EUR"", ""Euro""], [""2026-06-30"", ""PCP.M.IE._Z.W0.CP0.1._T._T.PCS_ALL._Z._X._Z.N.PN"", ""262403262.00000000"", ""F"", ""Exact Amount"", ""M"", ""Monthly"", ""IE"", ""Ireland"", ""_Z"", ""Not applicable"", ""W0"", ""World (all entities, including reference area, including IO)"", ""CP0"", ""Card payments"", ""1"", ""Payer's payment service provider (PSP)"", ""_T"", ""All"", ""_T"", ""Initiated either via remote or non-remote channel"", ""PCS_ALL"", ""All payment card schemes combined"", ""_Z"", ""Not applicable"", ""_X"", ""Either strong customer authentication (SCA) or non-SCA used"", ""_Z"", ""Not applicable (total transactions including both non-fraud and fraud)"", ""N"", ""Non transformed data"", ""PN"", ""Pure number""], [""2026-06-30"", ""PCP.M.IE._Z.W0.CP0.1._T.NR.PCS_ALL._Z._X._Z.N.EUR"", ""4941079622.63000000"", ""F"", ""Exact Amount"", ""M"", ""Monthly"", ""IE"", ""Ireland"", ""_Z"", ""Not applicable"", ""W0"", ""World (all entities, including reference area, including IO)"", ""CP0"", ""Card payments"", ""1"", ""Payer's payment service provider (PSP)"", ""_T"", ""All"", ""NR"", ""Initiated via non-remote channel"", ""PCS_ALL"", ""All payment card schemes combined"", ""_Z"", ""Not applicable"", ""_X"", ""Either strong customer authentication (SCA) or non-SCA used"", ""_Z"", ""Not applicable (total transactions including both non-fraud and fraud)"", ""N"", ""Non transformed data"", ""EUR"", ""Euro""], [""2026-06-30"", ""PCP.M.IE._Z.W0.CP0.1._T.NR.PCS_ALL._Z._X._Z.N.PN"", ""189454026.00000000"", ""F"", ""Exact Amount"", ""M"", ""Monthly"", ""IE"", ""Ireland"", ""_Z"", ""Not applicable"", ""W0"", ""World (all entities, including reference area, including IO)"", ""CP0"", ""Card payments"", ""1"", ""Payer's payment service provider (PSP)"", ""_T"", ""All"", ""NR"", ""Initiated via non-remote channel"", ""PCS_ALL"", ""All payment card schemes combined"", ""_Z"", ""Not applicable"", ""_X"", ""Either strong customer authentication (SCA) or non-SCA used"", ""_Z"", ""Not applicable (total transactions including both non-fraud and fraud)"", ""N"", ""Non transformed data"", ""PN"", ""Pure number""]]"
0eea6088f9bb5af17661eb5c9e0a9b543a39e971cb9d1b3e1d9d478da6f73a5f,opendata,Monthly Card Payment Statistics,PCY Card Payments By County,3103437,9720,25,utf-8-sig,REPORTINGPERIOD | SERIES_KEY | OBSERVATION | CONFIDENTIALITY_FLAG | UNITS | FREQ | FREQ_DESC | REF_AREA | REF_AREA_DESC | COUNTERPART_AREA | COUNTERPART_AREA_DESC | COUNTY | COUNTY_DESC | TYP_TRNSCTN | TYP_TRNSCTN_DESC | RL_TRNSCTN | RL_TRNSCTN_DESC | INTTN_CHNNL | INTTN_CHNNL_DESC | RMT_INTTN | RMT_INTTN_DESC | TRANSFORMATION | TRANSFORMATION_DESC | UNIT_MEASURE | UNIT_MEASURE_DESC,"[{""columns"": 25, ""rows"": 9721}]",True,0.031,https://opendata.centralbank.ie/dataset/19af4a3e-ed9f-41ee-ad9b-52dc72354a15/resource/5503f6fb-b83b-472d-b755-694f4daf4a58/download/mpcy_cardpaymentsbycounty.csv,files\opendata.centralbank.ie\_long\9c063e121796391a2373f338\mpcy_cardpaymentsbycounty__u-9c063e121796.csv,"[[""2026-06-30"", ""PCY.M.IE._Z._T.CP0.1._T._T.N.EUR"", ""8117309974.15000000"", ""F"", ""Exact Amount"", ""M"", ""Monthly"", ""IE"", ""Ireland"", ""_Z"", ""Not applicable"", ""_T"", ""All"", ""CP0"", ""Card payments"", ""1"", ""Payer's payment service provider (PSP)"", ""_T"", ""All"", ""_T"", ""Initiated either via remote or non-remote channel"", ""N"", ""Non transformed data"", ""EUR"", ""Euro""], [""2026-06-30"", ""PCY.M.IE._Z._T.CP0.1._T._T.N.PN"", ""216101644.00000000"", ""F"", ""Exact Amount"", ""M"", ""Monthly"", ""IE"", ""Ireland"", ""_Z"", ""Not applicable"", ""_T"", ""All"", ""CP0"", ""Card payments"", ""1"", ""Payer's payment service provider (PSP)"", ""_T"", ""All"", ""_T"", ""Initiated either via remote or non-remote channel"", ""N"", ""Non transformed data"", ""PN"", ""Pure number""], [""2026-06-30"", ""PCY.M.IE._Z._T.CP1.1.2223.NR.N.EUR"", ""2870671378.50000000"", ""F"", ""Exact Amount"", ""M"", ""Monthly"", ""IE"", ""Ireland"", ""_Z"", ""Not applicable"", ""_T"", ""All"", ""CP1"", ""Card payments, contactless"", ""1"", ""Payer's payment service provider (PSP)"", ""2223"", ""Electronic funds transfer at point of sale (EFTPOS) terminal"", ""NR"", ""Initiated via non-remote channel"", ""N"", ""Non transformed data"", ""EUR"", ""Euro""], [""2026-06-30"", ""PCY.M.IE._Z._T.CP1.1.2223.NR.N.PN"", ""149653952.00000000"", ""F"", ""Exact Amount"", ""M"", ""Monthly"", ""IE"", ""Ireland"", ""_Z"", ""Not applicable"", ""_T"", ""All"", ""CP1"", ""Card payments, contactless"", ""1"", ""Payer's payment service provider (PSP)"", ""2223"", ""Electronic funds transfer at point of sale (EFTPOS) terminal"", ""NR"", ""Initiated via non-remote channel"", ""N"", ""Non transformed data"", ""PN"", ""Pure number""]]"
c033469a82141fda63603724e83bba113364099bc8321d89b1042feb8c1d996b,opendata,Monthly Card Payment Statistics,PMC Card Payments by Merchant Category,78081879,292502,21,utf-8-sig,REPORTINGPERIOD | SERIES_KEY | OBSERVATION | CONFIDENTIALITY_FLAG | UNITS | FREQ | FREQ_DESC | REF_AREA | REF_AREA_DESC | COUNT_AREA | COUNT_AREA_DESC | TRMNL_LCTN | TRMNL_LCTN_DESC | RMT_INTTN | RMT_INTTN_DESC | MRCHNT_CTGRY_CD | MRCHNT_CTGRY_CD_DESC | TRANSFORMATION | TRANSFORMATION_DESC | UNIT_MEASURE | UNIT_MEASURE_DESC,"[{""columns"": 21, ""rows"": 292503}]",True,0.703,https://opendata.centralbank.ie/dataset/19af4a3e-ed9f-41ee-ad9b-52dc72354a15/resource/6ecf9975-8bc9-4872-a62c-7916a7f8988f/download/mpmc_cardpaymentsbymerchantcategory.csv,files\opendata.centralbank.ie\_long\acc2008d22f59d24aa3c321e\mpmc_cardpaymentsbymerchantcategory__u-acc2008d22f5.csv,"[[""2026-06-30"", ""PMC.M.IE._Z.W0._T.0780.N.PN"", ""8990.00000000"", ""F"", ""Exact Amount"", ""M"", ""Monthly"", ""IE"", ""Ireland"", ""_Z"", ""Not applicable"", ""W0"", ""World (all entities, including reference area, including IO)"", ""_T"", ""Initiated either via remote or non-remote channel"", ""0780"", ""Landscaping and horticultural services"", ""N"", ""Non transformed data"", ""PN"", ""Pure number""], [""2026-06-30"", ""PMC.M.IE._Z.W0._T.1761.N.PN"", ""1511.00000000"", ""F"", ""Exact Amount"", ""M"", ""Monthly"", ""IE"", ""Ireland"", ""_Z"", ""Not applicable"", ""W0"", ""World (all entities, including reference area, including IO)"", ""_T"", ""Initiated either via remote or non-remote channel"", ""1761"", ""Roofing, siding and sheet metal work contractors"", ""N"", ""Non transformed data"", ""PN"", ""Pure number""], [""2026-06-30"", ""PMC.M.IE._Z.W0._T.1799.N.PN"", ""15154.00000000"", ""F"", ""Exact Amount"", ""M"", ""Monthly"", ""IE"", ""Ireland"", ""_Z"", ""Not applicable"", ""W0"", ""World (all entities, including reference area, including IO)"", ""_T"", ""Initiated either via remote or non-remote channel"", ""1799"", ""Special trade contractors - not elsewhere classified"", ""N"", ""Non transformed data"", ""PN"", ""Pure number""], [""2026-06-30"", ""PMC.M.IE._Z.W0._T.2741.N.PN"", ""70134.00000000"", ""F"", ""Exact Amount"", ""M"", ""Monthly"", ""IE"", ""Ireland"", ""_Z"", ""Not applicable"", ""W0"", ""World (all entities, including reference area, including IO)"", ""_T"", ""Initiated either via remote or non-remote channel"", ""2741"", ""Miscellaneous publishing and printing services"", ""N"", ""Non transformed data"", ""PN"", ""Pure number""]]"
b3f3edeffc2f00c261cb4e897a4891b419825041a3fa2a51abcd8b79cc4401af,opendata,NCID Liability Insurance Data - Premium,NCID_Open_Data_EPL_Premium,71741,960,6,utf-8-sig,Year | Quarter | Measure | PackageIndicator | PolicyType | Value,"[{""columns"": 6, ""rows"": 961}]",True,0.0,https://opendata.centralbank.ie/dataset/59ed6496-cb43-48db-afe4-668978edd1a1/resource/e0fa566a-a86d-4182-90d3-238d5b094d91/download/ncid_open_data_epl_premium.csv,files\opendata.centralbank.ie\_long\2fbf27cff8b0b31b1f166b18\ncid_open_data_epl_premium__u-2fbf27cff8b0.csv,"[[""2010"", ""201003"", ""Earned Policy Count"", ""Package"", ""Package"", ""66036.836956""], [""2010"", ""201006"", ""Earned Policy Count"", ""Package"", ""Package"", ""66300.55123900001""], [""2010"", ""201009"", ""Earned Policy Count"", ""Package"", ""Package"", ""66715.252528""], [""2010"", ""201012"", ""Earned Policy Count"", ""Package"", ""Package"", ""66942.917585""]]"
97f4f34ee3984ec668a360632b63b90d3eee46801fec4e3fcb47802f20408f14,opendata,NCID Liability Insurance Data - Ultimate Claims,NCID_Liability_Ultimate_Claims,4894,90,4,utf-8-sig,Year | PolicyType | Measure | Value,"[{""columns"": 4, ""rows"": 91}]",True,0.0,https://opendata.centralbank.ie/dataset/82161810-35fe-4540-8bf6-98eb7da9db92/resource/6bf24905-3d4e-4217-b219-7761f1181013/download/ncid_open_data_epl_ultimates.csv,files\opendata.centralbank.ie\_long\1af199b40f4e2d7512e0d637\ncid_open_data_epl_ultimates__u-1af199b40f4e.csv,"[[""2010"", ""Commercial Property"", ""Ultimate Costs"", ""258307940.670242""], [""2011"", ""Commercial Property"", ""Ultimate Costs"", ""185510246.900915""], [""2012"", ""Commercial Property"", ""Ultimate Costs"", ""138888416.587444""], [""2013"", ""Commercial Property"", ""Ultimate Costs"", ""164153783.293861""]]"
1d5dc36c148869c7ca5d5aa1e2c8b03c8c96bb00db596583a1b92249f7ce6974,opendata,NCID Liability Insurance Data – Claim Settlements,NCID_Open_Data_EPL_Settled_Claims_Guidelines,4356,108,5,utf-8-sig,SettledYear | Measure | SettlementChannel | JudicialGuidelineUsed | Value,"[{""columns"": 5, ""rows"": 109}]",True,0.0,https://opendata.centralbank.ie/dataset/72b47a84-e379-4439-9f02-afbb4869c1be/resource/09efc0db-2a24-4101-a5c8-3939da2b8360/download/ncid_open_data_epl_settled_claims_guidelines.csv,files\opendata.centralbank.ie\_long\334e8170a1c2fdbe20fba5d2\ncid_open_data_epl_settled_claims_guidelines__u-334e8170.csv,"[[""2021"", ""Compensation Cost"", ""Direct"", ""No"", ""13696194.872599""], [""2022"", ""Compensation Cost"", ""Direct"", ""No"", ""4053894.274""], [""2023"", ""Compensation Cost"", ""Direct"", ""No"", ""2260127.5024""], [""2024"", ""Compensation Cost"", ""Direct"", ""No"", ""1423954.4284""]]"
993ab3205d8fcac9b3e8b087946b9c92b731fe382e92d78bda9887eda7d61f7f,opendata,NCID Liability Insurance Data – Claim Settlements,NCID_Open_Data_EPL_Settled_Claims_InjDam,3541,66,5,utf-8-sig,SettledYear | Measure | PolicyType | PolicyClaimType | Value,"[{""columns"": 5, ""rows"": 67}]",True,0.0,https://opendata.centralbank.ie/dataset/72b47a84-e379-4439-9f02-afbb4869c1be/resource/4057b4e9-d3ff-4900-8d06-413a0987cce0/download/ncid_open_data_epl_settled_claims_injdam.csv,files\opendata.centralbank.ie\_long\a9c654691ec454a591f38c97\ncid_open_data_epl_settled_claims_injdam__u-a9c654691ec4.csv,"[[""2015"", ""Number"", ""Employer Liability"", ""Bodily Injury"", ""1956""], [""2016"", ""Number"", ""Employer Liability"", ""Bodily Injury"", ""1905""], [""2017"", ""Number"", ""Employer Liability"", ""Bodily Injury"", ""1939""], [""2018"", ""Number"", ""Employer Liability"", ""Bodily Injury"", ""1897""]]"
d920a13f2613b33966962c03a0df782693aee2493dde323e77274ef2b4dfd0cd,opendata,NCID Liability Insurance Data – Claim Settlements,NCID_Open_Data_EPL_Settled_Claims_Settlement_Channel,7784,155,5,utf-8-sig,SettledYear | Measure | PolicyClaimType | SettlementChannel | Value,"[{""columns"": 5, ""rows"": 156}]",True,0.0,https://opendata.centralbank.ie/dataset/72b47a84-e379-4439-9f02-afbb4869c1be/resource/fba4e27c-73a9-4bd8-9f27-59282ed47c12/download/ncid_open_data_epl_settled_claims_settlement_channel.csv,files\opendata.centralbank.ie\_long\cd86770330547f9e86553ac8\ncid_open_data_epl_settled_claims_settlement_channel__u-.csv,"[[""2016"", ""Number"", ""Bodily Injury"", ""Direct"", ""1655""], [""2017"", ""Number"", ""Bodily Injury"", ""Direct"", ""1438""], [""2018"", ""Number"", ""Bodily Injury"", ""Direct"", ""1367""], [""2019"", ""Number"", ""Bodily Injury"", ""Direct"", ""1233""]]"
4c5b4b6cc5e8efce9354e73950bc166f1326ef69e5c0df82c6ae42fa2fc96b1c,opendata,NCID Liability Insurance Data – Claim Settlements,NCID_Open_Data_EPL_Settled_Claims_Settlement_Cost_Band,2887,43,15,utf-8-sig,Measure | Number |  |  |  |  |  |  |  |  |  |  |  |  | ,"[{""columns"": 15, ""rows"": 44}]",True,0.0,https://opendata.centralbank.ie/dataset/72b47a84-e379-4439-9f02-afbb4869c1be/resource/f2671d4b-83bd-44a3-821c-cdcd91071f11/download/ncid_open_data_epl_settled_claims_settlement_cost_band.csv,files\opendata.centralbank.ie\_long\a269fe95cfa9b3cf1c9b440d\ncid_open_data_epl_settled_claims_settlement_cost_band__.csv,"[["""", """", """", """", """", """", """", """", """", """", """", """", """", """", """"], [""Sum of Value"", ""Column Labels"", """", """", """", """", """", """", """", """", """", """", """", """", """"], [""Row Labels"", ""Direct"", ""Litigated"", ""PIAB"", ""Grand Total"", """", """", ""Direct"", ""Injuries Resolution Board"", ""Litigated"", """", """", """", """", """"], ["">250000"", ""36"", ""1266"", ""7"", ""1309"", """", ""1 - 5,000"", ""2636"", ""244"", ""475"", """", """", """", """", """"]]"
c1501f432e9a77304b27d75ae832a3fce1385959dcd9fea90fdf10b04d25b08c,opendata,NCID Private Motor Insurance Data - Income and Expenditure,NCID_Private_Motor_Income_Expenditure,11931,235,5,utf-8-sig,Year | HistExpMeasureID | Value | HistExpMeasure | CoverType,"[{""columns"": 5, ""rows"": 236}]",True,0.0,https://opendata.centralbank.ie/dataset/321497e6-f5cf-4a46-ab6e-51ad376c992b/resource/314445b5-cfc5-45ae-a00d-d8a870df84be/download/ncid_private_motor_income_expenditure.csv,files\opendata.centralbank.ie\_long\0370d756f3bfbee31dc5f149\ncid_private_motor_income_expenditure__u-0370d756f3bf.csv,"[[""2010"", ""1"", ""752601318.908739"", ""Gross Written Premium"", ""Income""], [""2010"", ""2"", ""689001534.82652"", ""Net Written Premium"", ""Income""], [""2010"", ""3"", ""736963589.256213"", ""Gross Earned Premium"", ""Income""], [""2010"", ""14"", ""487720330.080262"", ""Gross Claims Incurred"", ""Expenditure""]]"
7dd80fda6830079f22ff739048a338adcf0d5581a5e61c5de0b4c90969593a8e,opendata,NCID Private Motor Insurance Data - Premiums,NCID_Private_Motor_Premium,40821,600,6,utf-8-sig,Year | YearH | Quarter | Measure | CoverType | Value,"[{""columns"": 6, ""rows"": 601}]",True,0.0,https://opendata.centralbank.ie/dataset/e678991b-c2f2-4ed0-9102-dfcec0dd8247/resource/d0a2cf34-040a-486c-80f6-cf8a6e5081a2/download/ncid_private_motor_premium.csv,files\opendata.centralbank.ie\_long\0d49015e4296850a16e291a4\ncid_private_motor_premium__u-0d49015e4296.csv,"[[""2010"", ""2010H1"", ""201003"", ""Gross Earned Premium"", ""Comprehensive"", ""170580088.51859""], [""2010"", ""2010H1"", ""201006"", ""Gross Earned Premium"", ""Comprehensive"", ""170876937.805649""], [""2010"", ""2010H2"", ""201009"", ""Gross Earned Premium"", ""Comprehensive"", ""173290368.410892""], [""2010"", ""2010H2"", ""201012"", ""Gross Earned Premium"", ""Comprehensive"", ""173087571.619679""]]"
b46bfebd002065184de55c46fe4c02950e83b920f21cde1a9e5207b854e94cc4,opendata,NCID Private Motor Insurance Data - Ultimate Claims,NCID_Private_Motor_Ultimate_Claims,57337,840,5,utf-8-sig,Year | AccidentQuarter | Measure | ClaimType | Value,"[{""columns"": 5, ""rows"": 841}]",True,0.0,https://opendata.centralbank.ie/dataset/a2bf4bad-7f0e-4b52-978b-7f35ab74e20b/resource/53cf949a-1433-4661-8fc3-d567650bb84f/download/ncid_private_motor_ultimate_claims.csv,files\opendata.centralbank.ie\_long\aa3aa48c702c39919040f62f\ncid_private_motor_ultimate_claims__u-aa3aa48c702c.csv,"[[""2010"", ""201003"", ""Ultimate Costs"", ""Accidental Damage"", ""37550683.28""], [""2010"", ""201006"", ""Ultimate Costs"", ""Accidental Damage"", ""25304017""], [""2010"", ""201009"", ""Ultimate Costs"", ""Accidental Damage"", ""24723556.55""], [""2010"", ""201012"", ""Ultimate Costs"", ""Accidental Damage"", ""37148259.050000004""]]"
4891a897fc3c0ae2ca610b71d8bb52f9d366e00586f57dd0ceb5d83c23fc5d99,opendata,NCID Private Motor Insurance Data - Ultimate Claims,NCID_Private_Motor_Ultimate_Prem_Claims,16321,240,6,utf-8-sig,Year | YearH | Quarter | Measure | CoverType | Value,"[{""columns"": 6, ""rows"": 241}]",True,0.0,https://opendata.centralbank.ie/dataset/a2bf4bad-7f0e-4b52-978b-7f35ab74e20b/resource/c1ce12dd-2c56-49b4-9495-7da77db8037e/download/ncid_private_motor_ultimate_prem_claims.csv,files\opendata.centralbank.ie\_long\00eaa0434280383211f0f6b3\ncid_private_motor_ultimate_prem_claims__u-00eaa0434280.csv,"[[""2010"", ""2010H1"", ""201003"", ""Gross Earned Premium"", ""Comprehensive"", ""170438983.59859""], [""2010"", ""2010H1"", ""201006"", ""Gross Earned Premium"", ""Comprehensive"", ""170734921.295649""], [""2010"", ""2010H2"", ""201009"", ""Gross Earned Premium"", ""Comprehensive"", ""173141814.980892""], [""2010"", ""2010H2"", ""201012"", ""Gross Earned Premium"", ""Comprehensive"", ""172933020.549679""]]"
9bacb6c1fb7017ef6599674d953f036d12f17e743467e4a9658e3bd2d598efe4,opendata,NCID Private Motor Insurance Data – Claim Settlements,NCID_Private_Motor_Settled_Claims_Guidelines,2994,72,5,utf-8-sig,SettledYear | Measure | SettlementChannel | JudicialGuidelineUsed | Value,"[{""columns"": 5, ""rows"": 73}]",True,0.0,https://opendata.centralbank.ie/dataset/ab87e2b3-b6e1-4039-9573-39cd44f59481/resource/81e4f1d3-260f-42ee-8772-32d5ecb09c8d/download/ncid_open_data_mot_settled_claims_guidelines.csv,files\opendata.centralbank.ie\_long\eec71f42abf69ea5bddbe3d2\ncid_open_data_mot_settled_claims_guidelines__u-eec71f42.csv,"[[""2022"", ""Compensation Cost"", ""Direct"", ""No"", ""10218521.110029""], [""2023"", ""Compensation Cost"", ""Direct"", ""No"", ""7976539.300166""], [""2024"", ""Compensation Cost"", ""Direct"", ""No"", ""7430237.2378""], [""2022"", ""Compensation Cost"", ""Direct"", ""Yes"", ""19036228.652762""]]"
ecf3b7a879de69a6d27b92085d664f957b6a83f5e6cc6e0d2ea0d8afc3cc6986,opendata,NCID Private Motor Insurance Data – Claim Settlements,NCID_Private_Motor_Settled_Claims_Settlement_Channel,9551,150,5,utf-8-sig,SettledYear | Measure | ClaimType | SettlementChannel | Value,"[{""columns"": 5, ""rows"": 151}]",True,0.0,https://opendata.centralbank.ie/dataset/ab87e2b3-b6e1-4039-9573-39cd44f59481/resource/380b8f91-120a-4818-a743-525e07a53e0e/download/ncid_private_motor_settled_claims_settlement_channel.csv,files\opendata.centralbank.ie\_long\14652adde9d7e04ee21908d8\ncid_private_motor_settled_claims_settlement_channel__u-.csv,"[[""2015"", ""Number"", ""Third Party Injury (Total)"", ""Direct"", ""5995""], [""2016"", ""Number"", ""Third Party Injury (Total)"", ""Direct"", ""5967""], [""2017"", ""Number"", ""Third Party Injury (Total)"", ""Direct"", ""5447""], [""2018"", ""Number"", ""Third Party Injury (Total)"", ""Direct"", ""5439""]]"
ee97bfed553e2a6e32edd915d76aa123fef85e3b2c3e9716ad30929452a80b75,opendata,NCID Private Motor Insurance Data – Claim Settlements,NCID_Private_Motor_Settled_Claims_Settlement_Cost_Band,29042,420,6,utf-8-sig,SettledYear | Measure | ClaimType | SettlementChannel | SettledCostBand | Value,"[{""columns"": 6, ""rows"": 421}]",True,0.0,https://opendata.centralbank.ie/dataset/ab87e2b3-b6e1-4039-9573-39cd44f59481/resource/67ac6517-f6f5-48a5-92af-4d101e778191/download/ncid_private_motor_settled_claims_settlement_cost_band.csv,files\opendata.centralbank.ie\_long\8335987993360505c4c4a133\ncid_private_motor_settled_claims_settlement_cost_band__.csv,"[[""2015"", ""Number"", ""Third Party Injury (Total)"", ""Direct"", ""0 - 10000"", ""2407""], [""2015"", ""Number"", ""Third Party Injury (Total)"", ""Direct"", ""10001 - 15000"", ""1605""], [""2015"", ""Number"", ""Third Party Injury (Total)"", ""Direct"", ""15001 - 30000"", ""1521""], [""2015"", ""Number"", ""Third Party Injury (Total)"", ""Direct"", ""30001 - 45000"", ""247""]]"
7abc218d5f0194fa572539a8661ae2fc305fc18da8966d562c1d6481feb2db15,opendata,New Mortgage Lending Statistics,LTI LTV Distribution Share of Loans,173282,1140,10,utf-8-sig,Year | Borrower_Type_Code | Borrower_Type_Description | Instrument_Code | Instrument_Description | Sample_Scope | Order_Column | Instrument_Categories | Unit | Observation_Amount,"[{""columns"": 10, ""rows"": 1141}]",True,0.0,https://opendata.centralbank.ie/dataset/19a3f8f6-d20d-421f-8818-591780225567/resource/c95473ee-45e0-4cb7-9fc7-d47c14daf752/download/lti_ltv_distribution_share_of_loans.csv,files\opendata.centralbank.ie\_long\d3ba900626c001d429c49d19\lti_ltv_distribution_share_of_loans__u-d3ba900626c0.csv,"[[""2016"", ""FTB"", ""First Time Buyers"", ""LTI"", ""Loan-to-Income"", ""In-scope new property purchase and self build loans"", ""1"", ""0.25-0.5"", ""Percentage share (number of loans)"", "".1""], [""2016"", ""FTB"", ""First Time Buyers"", ""LTI"", ""Loan-to-Income"", ""In-scope new property purchase and self build loans"", ""2"", "">0.5-0.75"", ""Percentage share (number of loans)"", "".3""], [""2016"", ""FTB"", ""First Time Buyers"", ""LTI"", ""Loan-to-Income"", ""In-scope new property purchase and self build loans"", ""3"", "">0.75-1"", ""Percentage share (number of loans)"", "".6""], [""2016"", ""FTB"", ""First Time Buyers"", ""LTI"", ""Loan-to-Income"", ""In-scope new property purchase and self build loans"", ""4"", "">1-1.25"", ""Percentage share (number of loans)"", ""1.2""]]"
189a50ecf2d103215fc144709a71ff14c0b66823852163b1b4e9100c2e0a707e,opendata,New Mortgage Lending Statistics,Mean Loan Characteristics,32908,380,7,utf-8-sig,Year | Description | Borrower_Type_Code | Borrower_Type_Description | Characteristic_Type | Unit | Observation_Amount,"[{""columns"": 7, ""rows"": 381}]",True,0.0,https://opendata.centralbank.ie/dataset/19a3f8f6-d20d-421f-8818-591780225567/resource/27faa93b-5c22-49ab-886b-50a911139da8/download/meanloancharacteristics.csv,files\opendata.centralbank.ie\_long\3f3f5b1795f6b1c67fa37ef3\meanloancharacteristics__u-3f3f5b1795f6.csv,"[[""2016"", ""Average Loan-to-Value"", ""FTB"", ""First Time Buyers"", ""Loan Information"", ""Per Cent"", ""78.8""], [""2016"", ""Joint Applicant"", ""FTB"", ""First Time Buyers"", ""Borrower Information"", ""Per Cent"", ""67.1""], [""2016"", ""Fixed"", ""FTB"", ""First Time Buyers"", ""Share of Lending: Interest Rate Fixation Type"", ""Per Cent"", ""55.5""], [""2016"", ""Average Loan Term"", ""FTB"", ""First Time Buyers"", ""Loan Information"", ""Years"", ""29""]]"
a2fe739a20b52253978c6b19f90a3ec6e85da86239cec6ac216d5c9ead435e2a,opendata,New Mortgage Lending Statistics,New Mortgage Lending Overview,16896,240,6,utf-8-sig,Year | Description | Data_Type | Reference_Limit | Unit | Observation_Amount,"[{""columns"": 6, ""rows"": 241}]",True,0.015,https://opendata.centralbank.ie/dataset/19a3f8f6-d20d-421f-8818-591780225567/resource/0c86bb22-83c4-47ee-973e-07736b36a021/download/newmortgagelendingoverview.csv,files\opendata.centralbank.ie\_long\af1a5b5377c7a6a4eecd645e\newmortgagelendingoverview__u-af1a5b5377c7.csv,"[[""2016"", ""Total Lending"", ""Value of Loans"", """", ""Euro Millions"", ""5728.047""], [""2016"", ""Lending In Scope of Regulations"", ""Value of Loans"", """", ""Euro Millions"", ""5266.192""], [""2016"", ""FTB Lending"", ""Value of Loans"", """", ""Euro Millions"", ""2611.187""], [""2016"", ""FTB Lending above LTI limit only"", ""Value of Loans"", ""3.5x LTI"", ""Euro Millions"", ""434.698""]]"
b5b33456669fd02a0ce4bc43de5210f60f48ee1994c8930b7022197c32e82152,opendata,Official External Reserves,Official External Reserves,82816,1981,3,utf-8-sig,Reference_Date | Item_Name | Outstanding_Amount_in_EUR_Millions,"[{""columns"": 3, ""rows"": 1982}]",True,0.0,https://opendata.centralbank.ie/dataset/93bfcc0e-eca7-4db4-87cb-ff17f6b606ef/resource/67b9e745-ed6c-45b7-b328-f5d9b4b3ce81/download/official_external_reserves.csv,files\opendata.centralbank.ie\_long\7461086d29b66eb26d858733\official_external_reserves__u-7461086d29b6.csv,"[[""2003-01-31"", ""Reserve Assets"", ""5231.82""], [""2003-01-31"", ""Monetary Gold"", ""63.13""], [""2003-01-31"", ""Special Drawing Rights"", ""62.83""], [""2003-01-31"", ""Reserve Position in the IMF"", ""430.78""]]"
42a353642e660eb4e35f46467f011fde2ba59f745de40da9da92016fa1d92966,opendata,Official and Selected Interest Rates,B.3.csv,16558,300,10,cp1252,"Reporting Date | Eurosystem Official Interest Rates, Marginal lending facility, per cent per annum | Eurosystem Official Interest Rates, Deposit facility, per cent per annum | Eurosystem Official Interest Rates, Main refinancing operations, per cent per annum | Interbank Market, €STR, per cent per annum | Interbank Market, Eonia (overnight), per cent per annum | Interbank Market, 1 month Euribor, per cent per annum | Interbank Market, 3 month Euribor, per cent per annum | Interbank Market, 12 month Euribor, per cent per annum | Clearing Banks' Prime Rates, Ireland, per cent per annum","[{""columns"": 10, ""rows"": 301}]",True,0.0,https://opendata.centralbank.ie/dataset/d3e0af62-a51e-4930-924b-a95a3f4e7e04/resource/1f1d07aa-8cd3-46ce-86a3-dac04da3eae0/download/b.3.csv,files\opendata.centralbank.ie\_long\9c96e1c169861fb61acc7df5\b.3__u-9c96e1c16986.csv,"[[""31/01/1999"", ""4.5"", ""2"", ""3"", """", ""3"", ""3"", ""3"", ""3"", ""3.62 - 3.67""], [""26/02/1999"", ""4.5"", ""2"", ""3"", """", ""3"", ""3"", ""3"", ""3"", ""3.62 - 3.67""], [""31/03/1999"", ""4.5"", ""2"", ""3"", """", ""3"", ""3"", ""3"", ""3"", ""3.50 - 3.62""], [""30/04/1999"", ""3.5"", ""1.5"", ""2.5"", """", ""3"", ""3"", ""3"", ""3"", ""3.11 - 3.12""]]"
d014a9e6989614eaac9bad693b66e63e16e2ab605ffa5be148ff025128e566a6,opendata,Payment Fraud Statistics,Card Payments 2022 (Fraud),28287629,74350,33,utf-8-sig,REPORTINGPERIOD | SERIES_KEY | OBSERVATION | CONFIDENTIALITY_FLAG | UNITS | FREQ | FREQ_DESC | REF_AREA | REF_AREA_DESC | COUNT_AREA | COUNT_AREA_DESC | TRMNL_LCTN | TRMNL_LCTN_DESC | TYP_TRNSCTN | TYP_TRNSCTN_DESC | RL_TRNSCTN | RL_TRNSCTN_DESC | INTTN_CHNNL | INTTN_CHNNL_DESC | RMT_INTTN | RMT_INTTN_DESC | PYMNT_SCHM | PYMNT_SCHM_DESC | CRD_FNCTN | CRD_FNCTN_DESC | SCA | SCA_DESC | FRD_TYP | FRD_TYP_DESC | TRANSFORMATION | TRANSFORMATION_DESC | UNIT_MEASURE | UNIT_MEASURE_DESC,"[{""columns"": 33, ""rows"": 74351}]",True,0.25,https://opendata.centralbank.ie/dataset/58cd6e31-de01-430e-b6d2-667d10d52713/resource/95869ac1-61ba-469e-ae97-f045b6f16f22/download/hpcp_2022_12_31.csv,files\opendata.centralbank.ie\_long\ecd2b8772d8f500e542010b7\hpcp_2022_12_31__u-ecd2b8772d8f.csv,"[[""2022-12-31"", ""PCP.H.IE.G1.AT.CP0.1._T._T.PCS_ALL._Z._X._Z.N.EUR"", """", ""C"", ""Millions"", ""H"", ""Half-yearly"", ""IE"", ""Ireland"", ""G1"", ""Extra EEA"", ""AT"", ""Austria"", ""CP0"", ""Card payments"", ""1"", ""Payer`s PSP"", ""_T"", ""All"", ""_T"", ""Initiated either via remote or non-remote channel"", ""PCS_ALL"", ""ALL payment card schemes"", ""_Z"", ""Not applicable"", ""_X"", ""Not allocated/unspecified"", ""_Z"", ""Not applicable"", ""N"", ""Non transformed data"", ""EUR"", ""Euro""], [""2022-12-31"", ""PCP.H.IE.G1.AT.CP0.1._T._T.PCS_ALL._Z._X._Z.N.PN"", """", ""C"", ""Millions"", ""H"", ""Half-yearly"", ""IE"", ""Ireland"", ""G1"", ""Extra EEA"", ""AT"", ""Austria"", ""CP0"", ""Card payments"", ""1"", ""Payer`s PSP"", ""_T"", ""All"", ""_T"", ""Initiated either via remote or non-remote channel"", ""PCS_ALL"", ""ALL payment card schemes"", ""_Z"", ""Not applicable"", ""_X"", ""Not allocated/unspecified"", ""_Z"", ""Not applicable"", ""N"", ""Non transformed data"", ""PN"", ""Pure number""], [""2022-12-31"", ""PCP.H.IE.G1.AT.CP0.1._T._T.PCS_ALL._Z._X.F.N.EUR"", """", ""C"", ""Millions"", ""H"", ""Half-yearly"", ""IE"", ""Ireland"", ""G1"", ""Extra EEA"", ""AT"", ""Austria"", ""CP0"", ""Card payments"", ""1"", ""Payer`s PSP"", ""_T"", ""All"", ""_T"", ""Initiated either via remote or non-remote channel"", ""PCS_ALL"", ""ALL payment card schemes"", ""_Z"", ""Not applicable"", ""_X"", ""Not allocated/unspecified"", ""F"", ""Fraud"", ""N"", ""Non transformed data"", ""EUR"", ""Euro""], [""2022-12-31"", ""PCP.H.IE.G1.AT.CP0.1._T._T.PCS_ALL._Z._X.F.N.PN"", """", ""C"", ""Millions"", ""H"", ""Half-yearly"", ""IE"", ""Ireland"", ""G1"", ""Extra EEA"", ""AT"", ""Austria"", ""CP0"", ""Card payments"", ""1"", ""Payer`s PSP"", ""_T"", ""All"", ""_T"", ""Initiated either via remote or non-remote channel"", ""PCS_ALL"", ""ALL payment card schemes"", ""_Z"", ""Not applicable"", ""_X"", ""Not allocated/unspecified"", ""F"", ""Fraud"", ""N"", ""Non transformed data"", ""PN"", ""Pure number""]]"
90ebb732268ea7df9c251724c785331e55eb3f24f71cd6d0c1eedc0944330020,opendata,Payment Fraud Statistics,Card Payments 2023 (Fraud),28695989,75418,33,utf-8-sig,REPORTINGPERIOD | SERIES_KEY | OBSERVATION | CONFIDENTIALITY_FLAG | UNITS | FREQ | FREQ_DESC | REF_AREA | REF_AREA_DESC | COUNT_AREA | COUNT_AREA_DESC | TRMNL_LCTN | TRMNL_LCTN_DESC | TYP_TRNSCTN | TYP_TRNSCTN_DESC | RL_TRNSCTN | RL_TRNSCTN_DESC | INTTN_CHNNL | INTTN_CHNNL_DESC | RMT_INTTN | RMT_INTTN_DESC | PYMNT_SCHM | PYMNT_SCHM_DESC | CRD_FNCTN | CRD_FNCTN_DESC | SCA | SCA_DESC | FRD_TYP | FRD_TYP_DESC | TRANSFORMATION | TRANSFORMATION_DESC | UNIT_MEASURE | UNIT_MEASURE_DESC,"[{""columns"": 33, ""rows"": 75419}]",True,0.25,https://opendata.centralbank.ie/dataset/58cd6e31-de01-430e-b6d2-667d10d52713/resource/12b0ba3a-4cab-41d2-89b7-efe000a9d4b2/download/hpcp_2023_12_31.csv,files\opendata.centralbank.ie\_long\57adf8e6a55689be6c4a03bc\hpcp_2023_12_31__u-57adf8e6a556.csv,"[[""2023-12-31"", ""PCP.H.IE.G1.AT.CP0.1._T._T.PCS_ALL._Z._X._Z.N.EUR"", """", ""C"", ""Millions"", ""H"", ""Half-yearly"", ""IE"", ""Ireland"", ""G1"", ""Extra EEA"", ""AT"", ""Austria"", ""CP0"", ""Card payments"", ""1"", ""Payer`s PSP"", ""_T"", ""All"", ""_T"", ""Initiated either via remote or non-remote channel"", ""PCS_ALL"", ""ALL payment card schemes"", ""_Z"", ""Not applicable"", ""_X"", ""Not allocated/unspecified"", ""_Z"", ""Not applicable"", ""N"", ""Non transformed data"", ""EUR"", ""Euro""], [""2023-12-31"", ""PCP.H.IE.G1.AT.CP0.1._T._T.PCS_ALL._Z._X._Z.N.PN"", """", ""C"", ""Millions"", ""H"", ""Half-yearly"", ""IE"", ""Ireland"", ""G1"", ""Extra EEA"", ""AT"", ""Austria"", ""CP0"", ""Card payments"", ""1"", ""Payer`s PSP"", ""_T"", ""All"", ""_T"", ""Initiated either via remote or non-remote channel"", ""PCS_ALL"", ""ALL payment card schemes"", ""_Z"", ""Not applicable"", ""_X"", ""Not allocated/unspecified"", ""_Z"", ""Not applicable"", ""N"", ""Non transformed data"", ""PN"", ""Pure number""], [""2023-12-31"", ""PCP.H.IE.G1.AT.CP0.1._T._T.PCS_ALL._Z._X.F.N.EUR"", """", ""C"", ""Millions"", ""H"", ""Half-yearly"", ""IE"", ""Ireland"", ""G1"", ""Extra EEA"", ""AT"", ""Austria"", ""CP0"", ""Card payments"", ""1"", ""Payer`s PSP"", ""_T"", ""All"", ""_T"", ""Initiated either via remote or non-remote channel"", ""PCS_ALL"", ""ALL payment card schemes"", ""_Z"", ""Not applicable"", ""_X"", ""Not allocated/unspecified"", ""F"", ""Fraud"", ""N"", ""Non transformed data"", ""EUR"", ""Euro""], [""2023-12-31"", ""PCP.H.IE.G1.AT.CP0.1._T._T.PCS_ALL._Z._X.F.N.PN"", """", ""C"", ""Millions"", ""H"", ""Half-yearly"", ""IE"", ""Ireland"", ""G1"", ""Extra EEA"", ""AT"", ""Austria"", ""CP0"", ""Card payments"", ""1"", ""Payer`s PSP"", ""_T"", ""All"", ""_T"", ""Initiated either via remote or non-remote channel"", ""PCS_ALL"", ""ALL payment card schemes"", ""_Z"", ""Not applicable"", ""_X"", ""Not allocated/unspecified"", ""F"", ""Fraud"", ""N"", ""Non transformed data"", ""PN"", ""Pure number""]]"
8595e57306fa7e8f948aff9bacd60b396bb219032049e6163b4153d0f814e938,opendata,Payment Fraud Statistics,Card Payments 2024 (Fraud),29240702,76910,33,utf-8-sig,REPORTINGPERIOD | SERIES_KEY | OBSERVATION | CONFIDENTIALITY_FLAG | UNITS | FREQ | FREQ_DESC | REF_AREA | REF_AREA_DESC | COUNT_AREA | COUNT_AREA_DESC | TRMNL_LCTN | TRMNL_LCTN_DESC | TYP_TRNSCTN | TYP_TRNSCTN_DESC | RL_TRNSCTN | RL_TRNSCTN_DESC | INTTN_CHNNL | INTTN_CHNNL_DESC | RMT_INTTN | RMT_INTTN_DESC | PYMNT_SCHM | PYMNT_SCHM_DESC | CRD_FNCTN | CRD_FNCTN_DESC | SCA | SCA_DESC | FRD_TYP | FRD_TYP_DESC | TRANSFORMATION | TRANSFORMATION_DESC | UNIT_MEASURE | UNIT_MEASURE_DESC,"[{""columns"": 33, ""rows"": 76911}]",True,0.25,https://opendata.centralbank.ie/dataset/58cd6e31-de01-430e-b6d2-667d10d52713/resource/d6e5e128-b421-42fe-b68f-2fdee77016ad/download/hpcp_2024_12_31.csv,files\opendata.centralbank.ie\_long\d1d2be97235bb1773833d33e\hpcp_2024_12_31__u-d1d2be97235b.csv,"[[""2024-12-31"", ""PCP.H.IE.G1.AT.CP0.1._T._T.PCS_ALL._Z._X._Z.N.EUR"", ""4.55999980"", ""F"", ""Millions"", ""H"", ""Half-yearly"", ""IE"", ""Ireland"", ""G1"", ""Extra EEA"", ""AT"", ""Austria"", ""CP0"", ""Card payments"", ""1"", ""Payer`s PSP"", ""_T"", ""All"", ""_T"", ""Initiated either via remote or non-remote channel"", ""PCS_ALL"", ""ALL payment card schemes"", ""_Z"", ""Not applicable"", ""_X"", ""Not allocated/unspecified"", ""_Z"", ""Not applicable"", ""N"", ""Non transformed data"", ""EUR"", ""Euro""], [""2024-12-31"", ""PCP.H.IE.G1.AT.CP0.1._T._T.PCS_ALL._Z._X._Z.N.PN"", ""0.03403100"", ""F"", ""Millions"", ""H"", ""Half-yearly"", ""IE"", ""Ireland"", ""G1"", ""Extra EEA"", ""AT"", ""Austria"", ""CP0"", ""Card payments"", ""1"", ""Payer`s PSP"", ""_T"", ""All"", ""_T"", ""Initiated either via remote or non-remote channel"", ""PCS_ALL"", ""ALL payment card schemes"", ""_Z"", ""Not applicable"", ""_X"", ""Not allocated/unspecified"", ""_Z"", ""Not applicable"", ""N"", ""Non transformed data"", ""PN"", ""Pure number""], [""2024-12-31"", ""PCP.H.IE.G1.AT.CP0.1._T._T.PCS_ALL._Z._X.F.N.EUR"", """", ""C"", ""Millions"", ""H"", ""Half-yearly"", ""IE"", ""Ireland"", ""G1"", ""Extra EEA"", ""AT"", ""Austria"", ""CP0"", ""Card payments"", ""1"", ""Payer`s PSP"", ""_T"", ""All"", ""_T"", ""Initiated either via remote or non-remote channel"", ""PCS_ALL"", ""ALL payment card schemes"", ""_Z"", ""Not applicable"", ""_X"", ""Not allocated/unspecified"", ""F"", ""Fraud"", ""N"", ""Non transformed data"", ""EUR"", ""Euro""], [""2024-12-31"", ""PCP.H.IE.G1.AT.CP0.1._T._T.PCS_ALL._Z._X.F.N.PN"", """", ""C"", ""Millions"", ""H"", ""Half-yearly"", ""IE"", ""Ireland"", ""G1"", ""Extra EEA"", ""AT"", ""Austria"", ""CP0"", ""Card payments"", ""1"", ""Payer`s PSP"", ""_T"", ""All"", ""_T"", ""Initiated either via remote or non-remote channel"", ""PCS_ALL"", ""ALL payment card schemes"", ""_Z"", ""Not applicable"", ""_X"", ""Not allocated/unspecified"", ""F"", ""Fraud"", ""N"", ""Non transformed data"", ""PN"", ""Pure number""]]"
0f671667ce399d813f7fef0ef1ed8cc8fd6fcf65bb35f9d7041225247a5a25d0,opendata,Payment Fraud Statistics,Credit Transfers (Fraud),3192868,9906,27,utf-8-sig,REPORTINGPERIOD | SERIES_KEY | OBSERVATION | CONFIDENTIALITY_FLAG | UNITS | FREQ | FREQ_DESC | REF_AREA | REF_AREA_DESC | COUNT_AREA | COUNT_AREA_DESC | RL_TRNSCTN | RL_TRNSCTN_DESC | INTTN_CHNNL | INTTN_CHNNL_DESC | RMT_INTTN | RMT_INTTN_DESC | PYMNT_SCHM | PYMNT_SCHM_DESC | SCA | SCA_DESC | FRD_TYP | FRD_TYP_DESC | TRANSFORMATION | TRANSFORMATION_DESC | UNIT_MEASURE | UNIT_MEASURE_DESC,"[{""columns"": 27, ""rows"": 9907}]",True,0.032,https://opendata.centralbank.ie/dataset/58cd6e31-de01-430e-b6d2-667d10d52713/resource/32c89d52-7f82-427f-8404-52dc6579510f/download/hpct_powerbi.csv,files\opendata.centralbank.ie\_long\ee4533fee41c80ad08a6f9ee\hpct_powerbi__u-ee4533fee41c.csv,"[[""2022-06-30"", ""PCT.H.IE.G1.1._T._T.CTS_ALL._X._Z.N.EUR"", ""1835170.16275829"", ""F"", ""Millions"", ""H"", ""Half-yearly"", ""IE"", ""Ireland"", ""G1"", ""Extra EEA"", ""1"", ""Payer`s PSP"", ""_T"", ""All"", ""_T"", ""Initiated either via remote or non-remote channel"", ""CTS_ALL"", ""ALL credit transfer schemes"", ""_X"", ""Not allocated/unspecified"", ""_Z"", ""Not applicable"", ""N"", ""Non transformed data"", ""EUR"", ""Euro""], [""2022-06-30"", ""PCT.H.IE.G1.1._T._T.CTS_ALL._X._Z.N.PN"", ""19.14955600"", ""F"", ""Millions"", ""H"", ""Half-yearly"", ""IE"", ""Ireland"", ""G1"", ""Extra EEA"", ""1"", ""Payer`s PSP"", ""_T"", ""All"", ""_T"", ""Initiated either via remote or non-remote channel"", ""CTS_ALL"", ""ALL credit transfer schemes"", ""_X"", ""Not allocated/unspecified"", ""_Z"", ""Not applicable"", ""N"", ""Non transformed data"", ""PN"", ""Pure number""], [""2022-06-30"", ""PCT.H.IE.G1.1._T._T.CTS_ALL._X.F.N.EUR"", ""8.50689484"", ""F"", ""Millions"", ""H"", ""Half-yearly"", ""IE"", ""Ireland"", ""G1"", ""Extra EEA"", ""1"", ""Payer`s PSP"", ""_T"", ""All"", ""_T"", ""Initiated either via remote or non-remote channel"", ""CTS_ALL"", ""ALL credit transfer schemes"", ""_X"", ""Not allocated/unspecified"", ""F"", ""Fraud"", ""N"", ""Non transformed data"", ""EUR"", ""Euro""], [""2022-06-30"", ""PCT.H.IE.G1.1._T._T.CTS_ALL._X.F.N.PN"", """", ""C"", ""Millions"", ""H"", ""Half-yearly"", ""IE"", ""Ireland"", ""G1"", ""Extra EEA"", ""1"", ""Payer`s PSP"", ""_T"", ""All"", ""_T"", ""Initiated either via remote or non-remote channel"", ""CTS_ALL"", ""ALL credit transfer schemes"", ""_X"", ""Not allocated/unspecified"", ""F"", ""Fraud"", ""N"", ""Non transformed data"", ""PN"", ""Pure number""]]"
aa50b13f2c2ebe08fca3c2f19329500babdd21816c1102a80b8e648c265f21f8,opendata,Payment Fraud Statistics,Direct Debits (Fraud),726760,2706,25,utf-8-sig,REPORTINGPERIOD | SERIES_KEY | OBSERVATION | CONFIDENTIALITY_FLAG | UNITS | FREQ | FREQ_DESC | REF_AREA | REF_AREA_DESC | COUNT_AREA | COUNT_AREA_DESC | RL_TRNSCTN | RL_TRNSCTN_DESC | INTTN_CHNNL | INTTN_CHNNL_DESC | PYMNT_SCHM | PYMNT_SCHM_DESC | CHNNL_CNSNT | CHNNL_CNSNT_DESC | FRD_TYP | FRD_TYP_DESC | TRANSFORMATION | TRANSFORMATION_DESC | UNIT_MEASURE | UNIT_MEASURE_DESC,"[{""columns"": 25, ""rows"": 2707}]",True,0.015,https://opendata.centralbank.ie/dataset/58cd6e31-de01-430e-b6d2-667d10d52713/resource/fa58b9f9-b548-4734-a78a-f7d336849bc0/download/hpdd_powerbi.csv,files\opendata.centralbank.ie\_long\86ed929dc2285347b43ea6d3\hpdd_powerbi__u-86ed929dc228.csv,"[[""2022-06-30"", ""PDD.H.IE.G1.1._T.DDS_ALL._T._Z.N.EUR"", ""732.14077168"", ""F"", ""Millions"", ""H"", ""Half-yearly"", ""IE"", ""Ireland"", ""G1"", ""Extra EEA"", ""1"", ""Payer`s PSP"", ""_T"", ""All"", ""DDS_ALL"", ""All direct debit schemes"", ""_T"", ""All"", ""_Z"", ""Not applicable"", ""N"", ""Non transformed data"", ""EUR"", ""Euro""], [""2022-06-30"", ""PDD.H.IE.G1.1._T.DDS_ALL._T._Z.N.PN"", ""3.65677600"", ""F"", ""Millions"", ""H"", ""Half-yearly"", ""IE"", ""Ireland"", ""G1"", ""Extra EEA"", ""1"", ""Payer`s PSP"", ""_T"", ""All"", ""DDS_ALL"", ""All direct debit schemes"", ""_T"", ""All"", ""_Z"", ""Not applicable"", ""N"", ""Non transformed data"", ""PN"", ""Pure number""], [""2022-06-30"", ""PDD.H.IE.G1.2._T._Z.1._Z.N.EUR"", """", ""C"", ""Millions"", ""H"", ""Half-yearly"", ""IE"", ""Ireland"", ""G1"", ""Extra EEA"", ""2"", ""Payee`s PSP"", ""_T"", ""All"", ""_Z"", ""Not applicable"", ""1"", ""Electronic mandate"", ""_Z"", ""Not applicable"", ""N"", ""Non transformed data"", ""EUR"", ""Euro""], [""2022-06-30"", ""PDD.H.IE.G1.2._T._Z.1._Z.N.PN"", """", ""C"", ""Millions"", ""H"", ""Half-yearly"", ""IE"", ""Ireland"", ""G1"", ""Extra EEA"", ""2"", ""Payee`s PSP"", ""_T"", ""All"", ""_Z"", ""Not applicable"", ""1"", ""Electronic mandate"", ""_Z"", ""Not applicable"", ""N"", ""Non transformed data"", ""PN"", ""Pure number""]]"
f5045ee182b8c9f47cfe68359edc59bec96f4025f39465bf0c1742247f512e8f,opendata,Payment Fraud Statistics,E-Money (Fraud),1510778,4980,27,utf-8-sig,REPORTINGPERIOD | SERIES_KEY | OBSERVATION | CONFIDENTIALITY_FLAG | UNITS | FREQ | FREQ_DESC | REF_AREA | REF_AREA_DESC | COUNT_AREA | COUNT_AREA_DESC | TYP_TRNSCTN | TYP_TRNSCTN_DESC | RL_TRNSCTN | RL_TRNSCTN_DESC | INTTN_CHNNL | INTTN_CHNNL_DESC | RMT_INTTN | RMT_INTTN_DESC | SCA | SCA_DESC | FRD_TYP | FRD_TYP_DESC | TRANSFORMATION | TRANSFORMATION_DESC | UNIT_MEASURE | UNIT_MEASURE_DESC,"[{""columns"": 27, ""rows"": 4981}]",True,0.016,https://opendata.centralbank.ie/dataset/58cd6e31-de01-430e-b6d2-667d10d52713/resource/83dddcae-1588-4cb1-bc98-07bbce4d8572/download/hpem_powerbi.csv,files\opendata.centralbank.ie\_long\7b37bae31282218cb87ada62\hpem_powerbi__u-7b37bae31282.csv,"[[""2022-06-30"", ""PEM.H.IE.G1.EMP0.1._T._T._X._Z.N.EUR"", """", ""C"", ""Millions"", ""H"", ""Half-yearly"", ""IE"", ""Ireland"", ""G1"", ""Extra EEA"", ""EMP0"", ""E-money payments"", ""1"", ""Payer`s PSP"", ""_T"", ""All"", ""_T"", ""Initiated either via remote or non-remote channel"", ""_X"", ""Not allocated/unspecified"", ""_Z"", ""Not applicable"", ""N"", ""Non transformed data"", ""EUR"", ""Euro""], [""2022-06-30"", ""PEM.H.IE.G1.EMP0.1._T._T._X._Z.N.PN"", ""23.24145800"", ""F"", ""Millions"", ""H"", ""Half-yearly"", ""IE"", ""Ireland"", ""G1"", ""Extra EEA"", ""EMP0"", ""E-money payments"", ""1"", ""Payer`s PSP"", ""_T"", ""All"", ""_T"", ""Initiated either via remote or non-remote channel"", ""_X"", ""Not allocated/unspecified"", ""_Z"", ""Not applicable"", ""N"", ""Non transformed data"", ""PN"", ""Pure number""], [""2022-06-30"", ""PEM.H.IE.G1.EMP0.1._T._T._X.F.N.EUR"", """", ""C"", ""Millions"", ""H"", ""Half-yearly"", ""IE"", ""Ireland"", ""G1"", ""Extra EEA"", ""EMP0"", ""E-money payments"", ""1"", ""Payer`s PSP"", ""_T"", ""All"", ""_T"", ""Initiated either via remote or non-remote channel"", ""_X"", ""Not allocated/unspecified"", ""F"", ""Fraud"", ""N"", ""Non transformed data"", ""EUR"", ""Euro""], [""2022-06-30"", ""PEM.H.IE.G1.EMP0.1._T._T._X.F.N.PN"", """", ""C"", ""Millions"", ""H"", ""Half-yearly"", ""IE"", ""Ireland"", ""G1"", ""Extra EEA"", ""EMP0"", ""E-money payments"", ""1"", ""Payer`s PSP"", ""_T"", ""All"", ""_T"", ""Initiated either via remote or non-remote channel"", ""_X"", ""Not allocated/unspecified"", ""F"", ""Fraud"", ""N"", ""Non transformed data"", ""PN"", ""Pure number""]]"
4ee73564bcb23b5110f308b3e13cf179960b13059c4d85bd78760f02007543a5,opendata,Payment Fraud Statistics,Payment Transactions (Fraud),397495,1812,21,utf-8-sig,REPORTINGPERIOD | SERIES_KEY | OBSERVATION | CONFIDENTIALITY_FLAG | UNITS | FREQ | FREQ_DESC | REF_AREA | REF_AREA_DESC | COUNT_AREA | COUNT_AREA_DESC | TYP_TRNSCTN | TYP_TRNSCTN_DESC | RL_TRNSCTN | RL_TRNSCTN_DESC | FRD_TYP | FRD_TYP_DESC | TRANSFORMATION | TRANSFORMATION_DESC | UNIT_MEASURE | UNIT_MEASURE_DESC,"[{""columns"": 21, ""rows"": 1813}]",True,0.0,https://opendata.centralbank.ie/dataset/58cd6e31-de01-430e-b6d2-667d10d52713/resource/62fb2fb0-92ba-4aa5-b767-7a4645119a29/download/hpay_powerbi.csv,files\opendata.centralbank.ie\_long\eed159f7ac80e1898f0931df\hpay_powerbi__u-eed159f7ac80.csv,"[[""2022-06-30"", ""PAY.H.IE.G1.CHQ.1._Z.N.EUR"", """", ""C"", ""Millions"", ""H"", ""Half-yearly"", ""IE"", ""Ireland"", ""G1"", ""Extra EEA"", ""CHQ"", ""Cheques"", ""1"", ""Payer`s PSP"", ""_Z"", ""Not applicable"", ""N"", ""Non transformed data"", ""EUR"", ""Euro""], [""2022-06-30"", ""PAY.H.IE.G1.CHQ.1._Z.N.PN"", """", ""C"", ""Millions"", ""H"", ""Half-yearly"", ""IE"", ""Ireland"", ""G1"", ""Extra EEA"", ""CHQ"", ""Cheques"", ""1"", ""Payer`s PSP"", ""_Z"", ""Not applicable"", ""N"", ""Non transformed data"", ""PN"", ""Pure number""], [""2022-06-30"", ""PAY.H.IE.G1.CHQ.2._Z.N.EUR"", """", ""C"", ""Millions"", ""H"", ""Half-yearly"", ""IE"", ""Ireland"", ""G1"", ""Extra EEA"", ""CHQ"", ""Cheques"", ""2"", ""Payee`s PSP"", ""_Z"", ""Not applicable"", ""N"", ""Non transformed data"", ""EUR"", ""Euro""], [""2022-06-30"", ""PAY.H.IE.G1.CHQ.2._Z.N.PN"", ""0.13591600"", ""F"", ""Millions"", ""H"", ""Half-yearly"", ""IE"", ""Ireland"", ""G1"", ""Extra EEA"", ""CHQ"", ""Cheques"", ""2"", ""Payee`s PSP"", ""_Z"", ""Not applicable"", ""N"", ""Non transformed data"", ""PN"", ""Pure number""]]"
4668e7caaa287e38e9c3c8b19bc025ad8201ed30cd18da1a7a79effc0b233659,opendata,Payment Statistics Annual ,Payment Statistics Annual.csv,24226,250,6,utf-8-sig,Reporting Year | Payment Instrument | Full Series Description | ObservationType | Observation Scale | ObsValue,"[{""columns"": 6, ""rows"": 251}]",True,0.0,https://opendata.centralbank.ie/dataset/9792fb42-45b4-4a26-a3b5-d105b4304246/resource/4ecae7e0-5514-4728-915b-c43b42a217f0/download/payment-statistics-annual.csv,files\opendata.centralbank.ie\_long\62a0ca59a0c3e95a587b3fc6\payment-statistics-annual__u-62a0ca59a0c3.csv,"[[""2017"", ""Total Payment Transactions"", ""Total Payment Transactions"", ""Value"", ""Euro Billions"", ""2233.1""], [""2017"", ""Total Payment Transactions"", ""Total Payment Transactions - of which domestic"", ""Value"", ""Euro Billions"", ""1152.8""], [""2017"", ""Total Payment Transactions"", ""Total Payment Transactions - of which non-domestic"", ""Value"", ""Euro Billions"", ""1080.3""], [""2017"", ""Credit Transfers"", ""Credit Transfers - Total"", ""Value"", ""Euro Billions"", ""1913.5""]]"
c7f8b97087486249a099eae034da78166fb21e794733b55894e41c07fbdc1abd,opendata,Payment Statistics Quarterly,Card Payments (Sent),15130584,31072,33,utf-8-sig,REPORTINGPERIOD | SERIES_KEY | OBSERVATION | CONFIDENTIALITY_FLAG | UNITS | FREQ | FREQ_DESC | REF_AREA | REF_AREA_DESC | COUNT_AREA | COUNT_AREA_DESC | TRMNL_LCTN | TRMNL_LCTN_DESC | TYP_TRNSCTN | TYP_TRNSCTN_DESC | RL_TRNSCTN | RL_TRNSCTN_DESC | INTTN_CHNNL | INTTN_CHNNL_DESC | RMT_INTTN | RMT_INTTN_DESC | PYMNT_SCHM | PYMNT_SCHM_DESC | CRD_FNCTN | CRD_FNCTN_DESC | SCA | SCA_DESC | FRD_TYP | FRD_TYP_DESC | TRANSFORMATION | TRANSFORMATION_DESC | UNIT_MEASURE | UNIT_MEASURE_DESC,"[{""columns"": 33, ""rows"": 31073}]",True,0.125,https://opendata.centralbank.ie/dataset/f2723bbb-ddae-4648-ab18-5640ef2f577d/resource/30706f1c-8326-49a3-89e1-24eef77aa31e/download/qpcp_cardpayements.csv,files\opendata.centralbank.ie\_long\d2eaa8f2dba4952ae4a06946\qpcp_cardpayements__u-d2eaa8f2dba4.csv,"[[""2025-12-31"", ""PCP.Q.IE._Z.AD.CP0.1.2000.NR.PCS_ALL._Z._X._Z.N.EUR"", ""1.06303022"", ""F"", ""Millions"", ""Q"", ""Quarterly"", ""IE"", ""Ireland"", ""_Z"", ""Not applicable"", ""AD"", ""Andorra"", ""CP0"", ""Card payments"", ""1"", ""Payer's payment service provider (PSP)"", ""2000"", ""Electronic"", ""NR"", ""Initiated via non-remote channel"", ""PCS_ALL"", ""All payment card schemes combined"", ""_Z"", ""Not applicable"", ""_X"", ""Either strong customer authentication (SCA) or non-SCA used"", ""_Z"", ""Not applicable (total transactions including both non-fraud and fraud)"", ""N"", ""Non transformed data"", ""EUR"", ""Euro""], [""2025-12-31"", ""PCP.Q.IE._Z.AE.CP0.1._T._T.PCS_ALL._Z._X._Z.N.PN"", ""1.47468700"", ""F"", ""Millions"", ""Q"", ""Quarterly"", ""IE"", ""Ireland"", ""_Z"", ""Not applicable"", ""AE"", ""United Arab Emirates"", ""CP0"", ""Card payments"", ""1"", ""Payer's payment service provider (PSP)"", ""_T"", ""All"", ""_T"", ""Initiated either via remote or non-remote channel"", ""PCS_ALL"", ""All payment card schemes combined"", ""_Z"", ""Not applicable"", ""_X"", ""Either strong customer authentication (SCA) or non-SCA used"", ""_Z"", ""Not applicable (total transactions including both non-fraud and fraud)"", ""N"", ""Non transformed data"", ""PN"", ""Pure number""], [""2025-12-31"", ""PCP.Q.IE._Z.AE.CP0.1.2000._T.PCS_ALL._Z._X._Z.N.EUR"", """", ""C"", ""Millions"", ""Q"", ""Quarterly"", ""IE"", ""Ireland"", ""_Z"", ""Not applicable"", ""AE"", ""United Arab Emirates"", ""CP0"", ""Card payments"", ""1"", ""Payer's payment service provider (PSP)"", ""2000"", ""Electronic"", ""_T"", ""Initiated either via remote or non-remote channel"", ""PCS_ALL"", ""All payment card schemes combined"", ""_Z"", ""Not applicable"", ""_X"", ""Either strong customer authentication (SCA) or non-SCA used"", ""_Z"", ""Not applicable (total transactions including both non-fraud and fraud)"", ""N"", ""Non transformed data"", ""EUR"", ""Euro""], [""2025-12-31"", ""PCP.Q.IE._Z.AE.CP0.1.2000.NR.PCS_ALL._Z._X._Z.N.PN"", ""0.59971800"", ""F"", ""Millions"", ""Q"", ""Quarterly"", ""IE"", ""Ireland"", ""_Z"", ""Not applicable"", ""AE"", ""United Arab Emirates"", ""CP0"", ""Card payments"", ""1"", ""Payer's payment service provider (PSP)"", ""2000"", ""Electronic"", ""NR"", ""Initiated via non-remote channel"", ""PCS_ALL"", ""All payment card schemes combined"", ""_Z"", ""Not applicable"", ""_X"", ""Either strong customer authentication (SCA) or non-SCA used"", ""_Z"", ""Not applicable (total transactions including both non-fraud and fraud)"", ""N"", ""Non transformed data"", ""PN"", ""Pure number""]]"
217e8341b33869eb28491b52865a9e8d813b47aaab1fc187e4c9775ca1b05968,opendata,Payment Statistics Quarterly,Cheques (Sent),2028646,7776,21,utf-8-sig,REPORTINGPERIOD | SERIES_KEY | OBSERVATION | CONFIDENTIALITY_FLAG | UNITS | FREQ | FREQ_DESC | REF_AREA | REF_AREA_DESC | COUNT_AREA | COUNT_AREA_DESC | TYP_TRNSCTN | TYP_TRNSCTN_DESC | RL_TRNSCTN | RL_TRNSCTN_DESC | FRD_TYP | FRD_TYP_DESC | TRANSFORMATION | TRANSFORMATION_DESC | UNIT_MEASURE | UNIT_MEASURE_DESC,"[{""columns"": 21, ""rows"": 7777}]",True,0.016,https://opendata.centralbank.ie/dataset/f2723bbb-ddae-4648-ab18-5640ef2f577d/resource/0aafb60c-d87a-4d68-bcf5-5acacfb91037/download/qpay_cheques.csv,files\opendata.centralbank.ie\_long\74b97fcd6cd3e058ecc7adb6\qpay_cheques__u-74b97fcd6cd3.csv,"[[""2025-12-31"", ""PAY.Q.IE.AD.CHQ.2._Z.N.EUR"", ""0.00000000"", ""F"", ""Millions"", ""Q"", ""Quarterly"", ""IE"", ""Ireland"", ""AD"", ""Andorra"", ""CHQ"", ""Cheques"", ""2"", ""Payee's payment service provider (PSP)"", ""_Z"", ""Not applicable (total transactions including both non-fraud and fraud)"", ""N"", ""Non transformed data"", ""EUR"", ""Euro""], [""2025-12-31"", ""PAY.Q.IE.AD.CHQ.2._Z.N.PN"", ""0.00000000"", ""F"", ""Millions"", ""Q"", ""Quarterly"", ""IE"", ""Ireland"", ""AD"", ""Andorra"", ""CHQ"", ""Cheques"", ""2"", ""Payee's payment service provider (PSP)"", ""_Z"", ""Not applicable (total transactions including both non-fraud and fraud)"", ""N"", ""Non transformed data"", ""PN"", ""Pure number""], [""2025-12-31"", ""PAY.Q.IE.AE.CHQ.2._Z.N.EUR"", ""0.00000000"", ""F"", ""Millions"", ""Q"", ""Quarterly"", ""IE"", ""Ireland"", ""AE"", ""United Arab Emirates"", ""CHQ"", ""Cheques"", ""2"", ""Payee's payment service provider (PSP)"", ""_Z"", ""Not applicable (total transactions including both non-fraud and fraud)"", ""N"", ""Non transformed data"", ""EUR"", ""Euro""], [""2025-12-31"", ""PAY.Q.IE.AE.CHQ.2._Z.N.PN"", ""0.00000000"", ""F"", ""Millions"", ""Q"", ""Quarterly"", ""IE"", ""Ireland"", ""AE"", ""United Arab Emirates"", ""CHQ"", ""Cheques"", ""2"", ""Payee's payment service provider (PSP)"", ""_Z"", ""Not applicable (total transactions including both non-fraud and fraud)"", ""N"", ""Non transformed data"", ""PN"", ""Pure number""]]"
1b6a1916236fba7453ed373c80132f7664c4cec40cba81f42cf854d451c1a332,opendata,Payment Statistics Quarterly,Credit Transfers (Sent),13129305,31072,27,utf-8-sig,REPORTINGPERIOD | SERIES_KEY | OBSERVATION | CONFIDENTIALITY_FLAG | UNITS | FREQ | FREQ_DESC | REF_AREA | REF_AREA_DESC | COUNT_AREA | COUNT_AREA_DESC | RL_TRNSCTN | RL_TRNSCTN_DESC | INTTN_CHNNL | INTTN_CHNNL_DESC | RMT_INTTN | RMT_INTTN_DESC | PYMNT_SCHM | PYMNT_SCHM_DESC | SCA | SCA_DESC | FRD_TYP | FRD_TYP_DESC | TRANSFORMATION | TRANSFORMATION_DESC | UNIT_MEASURE | UNIT_MEASURE_DESC,"[{""columns"": 27, ""rows"": 31073}]",True,0.109,https://opendata.centralbank.ie/dataset/f2723bbb-ddae-4648-ab18-5640ef2f577d/resource/7491d2c7-9e38-4973-8966-1ea6d97b0e09/download/qpct_credittransfers.csv,files\opendata.centralbank.ie\_long\1294cb51b7e1a73097def476\qpct_credittransfers__u-1294cb51b7e1.csv,"[[""2025-12-31"", ""PCT.Q.IE.AE.1.2000.NR.CTS_ALL._X._Z.N.EUR"", """", ""C"", ""Millions"", ""Q"", ""Quarterly"", ""IE"", ""Ireland"", ""AE"", ""United Arab Emirates"", ""1"", ""Payer's payment service provider (PSP)"", ""2000"", ""Electronic"", ""NR"", ""Initiated via non-remote channel"", ""CTS_ALL"", ""All credit transfer schemes combined"", ""_X"", ""Either strong customer authentication (SCA) or non-SCA used"", ""_Z"", ""Not applicable (total transactions including both non-fraud and fraud)"", ""N"", ""Non transformed data"", ""EUR"", ""Euro""], [""2025-12-31"", ""PCT.Q.IE.AF.1._T._T.CTS_ALL._X._Z.N.EUR"", """", ""C"", ""Millions"", ""Q"", ""Quarterly"", ""IE"", ""Ireland"", ""AF"", ""Afghanistan"", ""1"", ""Payer's payment service provider (PSP)"", ""_T"", ""All"", ""_T"", ""Initiated either via remote or non-remote channel"", ""CTS_ALL"", ""All credit transfer schemes combined"", ""_X"", ""Either strong customer authentication (SCA) or non-SCA used"", ""_Z"", ""Not applicable (total transactions including both non-fraud and fraud)"", ""N"", ""Non transformed data"", ""EUR"", ""Euro""], [""2025-12-31"", ""PCT.Q.IE.AG.1._T._T.CTS_ALL._X._Z.N.EUR"", """", ""C"", ""Millions"", ""Q"", ""Quarterly"", ""IE"", ""Ireland"", ""AG"", ""Antigua and Barbuda"", ""1"", ""Payer's payment service provider (PSP)"", ""_T"", ""All"", ""_T"", ""Initiated either via remote or non-remote channel"", ""CTS_ALL"", ""All credit transfer schemes combined"", ""_X"", ""Either strong customer authentication (SCA) or non-SCA used"", ""_Z"", ""Not applicable (total transactions including both non-fraud and fraud)"", ""N"", ""Non transformed data"", ""EUR"", ""Euro""], [""2025-12-31"", ""PCT.Q.IE.AG.1.2000.NR.CTS_ALL._X._Z.N.EUR"", ""0.00000000"", ""F"", ""Millions"", ""Q"", ""Quarterly"", ""IE"", ""Ireland"", ""AG"", ""Antigua and Barbuda"", ""1"", ""Payer's payment service provider (PSP)"", ""2000"", ""Electronic"", ""NR"", ""Initiated via non-remote channel"", ""CTS_ALL"", ""All credit transfer schemes combined"", ""_X"", ""Either strong customer authentication (SCA) or non-SCA used"", ""_Z"", ""Not applicable (total transactions including both non-fraud and fraud)"", ""N"", ""Non transformed data"", ""EUR"", ""Euro""]]"
4c9c2fc2f18423290b7360c82d06e8d54ab98f3210ca66a25139898bcdfb331f,opendata,Payment Statistics Quarterly,Direct Debits (Sent),2443554,7776,25,utf-8-sig,REPORTINGPERIOD | SERIES_KEY | OBSERVATION | CONFIDENTIALITY_FLAG | UNITS | FREQ | FREQ_DESC | REF_AREA | REF_AREA_DESC | COUNT_AREA | COUNT_AREA_DESC | RL_TRNSCTN | RL_TRNSCTN_DESC | INTTN_CHNNL | INTTN_CHNNL_DESC | PYMNT_SCHM | PYMNT_SCHM_DESC | CHNNL_CNSNT | CHNNL_CNSNT_DESC | FRD_TYP | FRD_TYP_DESC | TRANSFORMATION | TRANSFORMATION_DESC | UNIT_MEASURE | UNIT_MEASURE_DESC,"[{""columns"": 25, ""rows"": 7777}]",True,0.016,https://opendata.centralbank.ie/dataset/f2723bbb-ddae-4648-ab18-5640ef2f577d/resource/c4154906-cefa-4ee7-bc9c-d6c8282b1fd6/download/qpdd_directdebits.csv,files\opendata.centralbank.ie\_long\409b6eae76f8780f26348e87\qpdd_directdebits__u-409b6eae76f8.csv,"[[""2025-12-31"", ""PDD.Q.IE.AD.2._T.DDS_ALL._T._Z.N.EUR"", """", ""C"", ""Millions"", ""Q"", ""Quarterly"", ""IE"", ""Ireland"", ""AD"", ""Andorra"", ""2"", ""Payee's payment service provider (PSP)"", ""_T"", ""All"", ""DDS_ALL"", ""All direct debit schemes combined"", ""_T"", ""All"", ""_Z"", ""Not applicable (total transactions including both non-fraud and fraud)"", ""N"", ""Non transformed data"", ""EUR"", ""Euro""], [""2025-12-31"", ""PDD.Q.IE.AD.2._T.DDS_ALL._T._Z.N.PN"", """", ""C"", ""Millions"", ""Q"", ""Quarterly"", ""IE"", ""Ireland"", ""AD"", ""Andorra"", ""2"", ""Payee's payment service provider (PSP)"", ""_T"", ""All"", ""DDS_ALL"", ""All direct debit schemes combined"", ""_T"", ""All"", ""_Z"", ""Not applicable (total transactions including both non-fraud and fraud)"", ""N"", ""Non transformed data"", ""PN"", ""Pure number""], [""2025-12-31"", ""PDD.Q.IE.AE.2._T.DDS_ALL._T._Z.N.EUR"", """", ""C"", ""Millions"", ""Q"", ""Quarterly"", ""IE"", ""Ireland"", ""AE"", ""United Arab Emirates"", ""2"", ""Payee's payment service provider (PSP)"", ""_T"", ""All"", ""DDS_ALL"", ""All direct debit schemes combined"", ""_T"", ""All"", ""_Z"", ""Not applicable (total transactions including both non-fraud and fraud)"", ""N"", ""Non transformed data"", ""EUR"", ""Euro""], [""2025-12-31"", ""PDD.Q.IE.AE.2._T.DDS_ALL._T._Z.N.PN"", """", ""C"", ""Millions"", ""Q"", ""Quarterly"", ""IE"", ""Ireland"", ""AE"", ""United Arab Emirates"", ""2"", ""Payee's payment service provider (PSP)"", ""_T"", ""All"", ""DDS_ALL"", ""All direct debit schemes combined"", ""_T"", ""All"", ""_Z"", ""Not applicable (total transactions including both non-fraud and fraud)"", ""N"", ""Non transformed data"", ""PN"", ""Pure number""]]"
5e88f2ca55255ee21c60cd5c274dd51e7b9317eada104a9dc4c6d378c6bbac3e,opendata,Payment Statistics Quarterly,E-Money (Sent),3101328,7776,27,utf-8-sig,REPORTINGPERIOD | SERIES_KEY | OBSERVATION | CONFIDENTIALITY_FLAG | UNITS | FREQ | FREQ_DESC | REF_AREA | REF_AREA_DESC | COUNT_AREA | COUNT_AREA_DESC | TYP_TRNSCTN | TYP_TRNSCTN_DESC | RL_TRNSCTN | RL_TRNSCTN_DESC | INTTN_CHNNL | INTTN_CHNNL_DESC | RMT_INTTN | RMT_INTTN_DESC | SCA | SCA_DESC | FRD_TYP | FRD_TYP_DESC | TRANSFORMATION | TRANSFORMATION_DESC | UNIT_MEASURE | UNIT_MEASURE_DESC,"[{""columns"": 27, ""rows"": 7777}]",True,0.031,https://opendata.centralbank.ie/dataset/f2723bbb-ddae-4648-ab18-5640ef2f577d/resource/1affc162-8e15-4ad0-ac39-a0081196f07c/download/qpem_e-money.csv,files\opendata.centralbank.ie\_long\096fa460cdd2d8aaaf642e71\qpem_e-money__u-096fa460cdd2.csv,"[[""2025-12-31"", ""PEM.Q.IE.AD.EMP0.1._T._T._X._Z.N.EUR"", """", ""C"", ""Millions"", ""Q"", ""Quarterly"", ""IE"", ""Ireland"", ""AD"", ""Andorra"", ""EMP0"", ""E-money payments"", ""1"", ""Payer's payment service provider (PSP)"", ""_T"", ""All"", ""_T"", ""Initiated either via remote or non-remote channel"", ""_X"", ""Either strong customer authentication (SCA) or non-SCA used"", ""_Z"", ""Not applicable (total transactions including both non-fraud and fraud)"", ""N"", ""Non transformed data"", ""EUR"", ""Euro""], [""2025-12-31"", ""PEM.Q.IE.AD.EMP0.1._T._T._X._Z.N.PN"", """", ""C"", ""Millions"", ""Q"", ""Quarterly"", ""IE"", ""Ireland"", ""AD"", ""Andorra"", ""EMP0"", ""E-money payments"", ""1"", ""Payer's payment service provider (PSP)"", ""_T"", ""All"", ""_T"", ""Initiated either via remote or non-remote channel"", ""_X"", ""Either strong customer authentication (SCA) or non-SCA used"", ""_Z"", ""Not applicable (total transactions including both non-fraud and fraud)"", ""N"", ""Non transformed data"", ""PN"", ""Pure number""], [""2025-12-31"", ""PEM.Q.IE.AE.EMP0.1._T._T._X._Z.N.EUR"", """", ""C"", ""Millions"", ""Q"", ""Quarterly"", ""IE"", ""Ireland"", ""AE"", ""United Arab Emirates"", ""EMP0"", ""E-money payments"", ""1"", ""Payer's payment service provider (PSP)"", ""_T"", ""All"", ""_T"", ""Initiated either via remote or non-remote channel"", ""_X"", ""Either strong customer authentication (SCA) or non-SCA used"", ""_Z"", ""Not applicable (total transactions including both non-fraud and fraud)"", ""N"", ""Non transformed data"", ""EUR"", ""Euro""], [""2025-12-31"", ""PEM.Q.IE.AE.EMP0.1._T._T._X._Z.N.PN"", """", ""C"", ""Millions"", ""Q"", ""Quarterly"", ""IE"", ""Ireland"", ""AE"", ""United Arab Emirates"", ""EMP0"", ""E-money payments"", ""1"", ""Payer's payment service provider (PSP)"", ""_T"", ""All"", ""_T"", ""Initiated either via remote or non-remote channel"", ""_X"", ""Either strong customer authentication (SCA) or non-SCA used"", ""_Z"", ""Not applicable (total transactions including both non-fraud and fraud)"", ""N"", ""Non transformed data"", ""PN"", ""Pure number""]]"
78aa826823de47f88904c625a9d296cf161099f0c11602dde76b6d03c2416e46,opendata,Quarterly Financial Accounts,Quarterly Financial Accounts (Q1 2002 to Q4 2011),522181702,718080,41,utf-8-sig,REPORTINGPERIOD | SERIES_KEY | OBSERVATION | CONFIDENTIALITY_FLAG | UNITS | FREQ | FREQ_DESC | ADJUSTMENT | ADJUSTMENT_DESC | REF_AREA | REF_AREA_DESC | COUNTERPART_AREA | COUNTERPART_AREA_DESC | REF_SECTOR | REF_SECTOR_DESC | COUNTERPART_SECTOR | COUNTERPART_SECTOR_DESC | CONSOLIDATION | CONSOLIDATION_DESC | ACCOUNTING_ENTRY | ACCOUNTING_ENTRY_DESC | STO | STO_DESC | INSTR_ASSET | INSTR_ASSET_DESC | MATURITY | MATURITY_DESC | EXPENDITURE | EXPENDITURE_DESC | UNIT_MEASURE | UNIT_MEASURE_DESC | CURRENCY_DENOM | CURRENCY_DENOM_DESC | VALUATION | VALUATION_DESC | PRICES | PRICES_DESC | TRANSFORMATION | TRANSFORMATION_DESC | CUST_BREAKDOWN | CUST_BREAKDOWN_DESC,"[{""columns"": 41, ""rows"": 718081}]",True,4.281,https://opendata.centralbank.ie/dataset/5f145975-d6c9-4fbc-9cb4-290c4f05b3b6/resource/f36cd8af-e870-4600-b25a-fad302ec3952/download/quarterly-financial-accounts-2002q1-2011q4.csv,files\opendata.centralbank.ie\_long\53eaef64cc9e0101fa846cdc\quarterly-financial-accounts-2002q1-2011q4__u-53eaef64cc.csv,"[[""31/03/2002 00:00"", ""QSA.Q.N.IE.W2.S1M.S124.N.L.F.F52._Z._Z.XDC._T.S.V.N._T"", """", ""C"", ""Exact Amount"", ""Q"", ""Quarterly"", ""N"", ""Neither seasonally adjusted nor calendar adjusted"", ""IE"", ""Ireland"", ""W2"", ""Domestic (home or reference area)"", ""S1M"", ""Households and non profit institutions serving households (NPISH)"", ""S124"", ""Non MMF investment funds"", ""N"", ""Non-consolidated"", ""L"", ""Liabilities (Net Incurrence of)"", ""F"", ""Transactions in financial assets and liabilities"", ""F52"", ""Investment fund shares/units"", ""_Z"", ""Not applicable"", ""_Z"", ""Not applicable"", ""XDC"", ""Domestic currency (incl. conversion to current currency made using a fixed parity)"", ""_T"", ""All currencies"", ""S"", ""Standard valuation based on SNA/ESA"", ""V"", ""Current prices"", ""N"", ""Non transformed data"", ""_T"", ""Total""], [""31/03/2002 00:00"", ""QSA.Q.N.IE.W2.S129.S13.N.L.F.F2.T._Z.XDC._T.S.V.N._T"", """", ""C"", ""Exact Amount"", ""Q"", ""Quarterly"", ""N"", ""Neither seasonally adjusted nor calendar adjusted"", ""IE"", ""Ireland"", ""W2"", ""Domestic (home or reference area)"", ""S129"", ""Pension funds"", ""S13"", ""General government"", ""N"", ""Non-consolidated"", ""L"", ""Liabilities (Net Incurrence of)"", ""F"", ""Transactions in financial assets and liabilities"", ""F2"", ""Currency and deposits"", ""T"", ""All original maturities"", ""_Z"", ""Not applicable"", ""XDC"", ""Domestic currency (incl. conversion to current currency made using a fixed parity)"", ""_T"", ""All currencies"", ""S"", ""Standard valuation based on SNA/ESA"", ""V"", ""Current prices"", ""N"", ""Non transformed data"", ""_T"", ""Total""], [""31/03/2002 00:00"", ""QSA.Q.N.IE.W2.S124.S124.N.A.LE.F2.T._Z.XDC._T.S.V.N._T"", """", ""C"", ""Exact Amount"", ""Q"", ""Quarterly"", ""N"", ""Neither seasonally adjusted nor calendar adjusted"", ""IE"", ""Ireland"", ""W2"", ""Domestic (home or reference area)"", ""S124"", ""Non MMF investment funds"", ""S124"", ""Non MMF investment funds"", ""N"", ""Non-consolidated"", ""A"", ""Assets (Net Acquisition of)"", ""LE"", ""Closing balance sheet/Positions/Stocks"", ""F2"", ""Currency and deposits"", ""T"", ""All original maturities"", ""_Z"", ""Not applicable"", ""XDC"", ""Domestic currency (incl. conversion to current currency made using a fixed parity)"", ""_T"", ""All currencies"", ""S"", ""Standard valuation based on SNA/ESA"", ""V"", ""Current prices"", ""N"", ""Non transformed data"", ""_T"", ""Total""], [""31/03/2002 00:00"", ""QSA.Q.N.IE.W2.S128.S11.N.L.F.F51._Z._Z.XDC._T.S.V.N._T"", """", ""C"", ""Exact Amount"", ""Q"", ""Quarterly"", ""N"", ""Neither seasonally adjusted nor calendar adjusted"", ""IE"", ""Ireland"", ""W2"", ""Domestic (home or reference area)"", ""S128"", ""Insurance corporations"", ""S11"", ""Non financial corporations"", ""N"", ""Non-consolidated"", ""L"", ""Liabilities (Net Incurrence of)"", ""F"", ""Transactions in financial assets and liabilities"", ""F51"", ""Equity"", ""_Z"", ""Not applicable"", ""_Z"", ""Not applicable"", ""XDC"", ""Domestic currency (incl. conversion to current currency made using a fixed parity)"", ""_T"", ""All currencies"", ""S"", ""Standard valuation based on SNA/ESA"", ""V"", ""Current prices"", ""N"", ""Non transformed data"", ""_T"", ""Total""]]"
ac689bff5835ba3f6837b14c59095c474b0ba567f0b37ec830ae2e9ffc3b01ba,opendata,Quarterly Financial Accounts,Quarterly Financial Accounts (Q1 2012 to Q4 2021),465069307,718080,41,utf-8-sig,REPORTINGPERIOD | SERIES_KEY | OBSERVATION | CONFIDENTIALITY_FLAG | UNITS | FREQ | FREQ_DESC | ADJUSTMENT | ADJUSTMENT_DESC | REF_AREA | REF_AREA_DESC | COUNTERPART_AREA | COUNTERPART_AREA_DESC | REF_SECTOR | REF_SECTOR_DESC | COUNTERPART_SECTOR | COUNTERPART_SECTOR_DESC | CONSOLIDATION | CONSOLIDATION_DESC | ACCOUNTING_ENTRY | ACCOUNTING_ENTRY_DESC | STO | STO_DESC | INSTR_ASSET | INSTR_ASSET_DESC | MATURITY | MATURITY_DESC | EXPENDITURE | EXPENDITURE_DESC | UNIT_MEASURE | UNIT_MEASURE_DESC | CURRENCY_DENOM | CURRENCY_DENOM_DESC | VALUATION | VALUATION_DESC | PRICES | PRICES_DESC | TRANSFORMATION | TRANSFORMATION_DESC | CUST_BREAKDOWN | CUST_BREAKDOWN_DESC,"[{""columns"": 41, ""rows"": 718081}]",True,4.469,https://opendata.centralbank.ie/dataset/5f145975-d6c9-4fbc-9cb4-290c4f05b3b6/resource/8ce83ae8-d164-4c07-8ea1-53e9d96d642b/download/quarterly-financial-accounts-2012q1-2021q4.csv,files\opendata.centralbank.ie\_long\ccf1e54ab002b06a0e75a8db\quarterly-financial-accounts-2012q1-2021q4__u-ccf1e54ab0.csv,"[[""30/03/2012 00:00"", ""QSA.Q.N.IE.W2.S1M.S124.N.L.F.F52._Z._Z.XDC._T.S.V.N._T"", """", ""C"", ""Exact Amount"", ""Q"", ""Quarterly"", ""N"", ""Neither seasonally adjusted nor calendar adjusted"", ""IE"", ""Ireland"", ""W2"", ""Domestic (home or reference area)"", ""S1M"", ""Households and non profit institutions serving households (NPISH)"", ""S124"", ""Non MMF investment funds"", ""N"", ""Non-consolidated"", ""L"", ""Liabilities (Net Incurrence of)"", ""F"", ""Transactions in financial assets and liabilities"", ""F52"", ""Investment fund shares/units"", ""_Z"", ""Not applicable"", ""_Z"", ""Not applicable"", ""XDC"", ""Domestic currency (incl. conversion to current currency made using a fixed parity)"", ""_T"", ""All currencies"", ""S"", ""Standard valuation based on SNA/ESA"", ""V"", ""Current prices"", ""N"", ""Non transformed data"", ""_T"", ""Total""], [""30/03/2012 00:00"", ""QSA.Q.N.IE.W2.S129.S13.N.L.F.F2.T._Z.XDC._T.S.V.N._T"", """", ""C"", ""Exact Amount"", ""Q"", ""Quarterly"", ""N"", ""Neither seasonally adjusted nor calendar adjusted"", ""IE"", ""Ireland"", ""W2"", ""Domestic (home or reference area)"", ""S129"", ""Pension funds"", ""S13"", ""General government"", ""N"", ""Non-consolidated"", ""L"", ""Liabilities (Net Incurrence of)"", ""F"", ""Transactions in financial assets and liabilities"", ""F2"", ""Currency and deposits"", ""T"", ""All original maturities"", ""_Z"", ""Not applicable"", ""XDC"", ""Domestic currency (incl. conversion to current currency made using a fixed parity)"", ""_T"", ""All currencies"", ""S"", ""Standard valuation based on SNA/ESA"", ""V"", ""Current prices"", ""N"", ""Non transformed data"", ""_T"", ""Total""], [""30/03/2012 00:00"", ""QSA.Q.N.IE.W2.S124.S124.N.A.LE.F2.T._Z.XDC._T.S.V.N._T"", """", ""C"", ""Exact Amount"", ""Q"", ""Quarterly"", ""N"", ""Neither seasonally adjusted nor calendar adjusted"", ""IE"", ""Ireland"", ""W2"", ""Domestic (home or reference area)"", ""S124"", ""Non MMF investment funds"", ""S124"", ""Non MMF investment funds"", ""N"", ""Non-consolidated"", ""A"", ""Assets (Net Acquisition of)"", ""LE"", ""Closing balance sheet/Positions/Stocks"", ""F2"", ""Currency and deposits"", ""T"", ""All original maturities"", ""_Z"", ""Not applicable"", ""XDC"", ""Domestic currency (incl. conversion to current currency made using a fixed parity)"", ""_T"", ""All currencies"", ""S"", ""Standard valuation based on SNA/ESA"", ""V"", ""Current prices"", ""N"", ""Non transformed data"", ""_T"", ""Total""], [""30/03/2012 00:00"", ""QSA.Q.N.IE.W2.S128.S11.N.L.F.F51._Z._Z.XDC._T.S.V.N._T"", """", ""C"", ""Exact Amount"", ""Q"", ""Quarterly"", ""N"", ""Neither seasonally adjusted nor calendar adjusted"", ""IE"", ""Ireland"", ""W2"", ""Domestic (home or reference area)"", ""S128"", ""Insurance corporations"", ""S11"", ""Non financial corporations"", ""N"", ""Non-consolidated"", ""L"", ""Liabilities (Net Incurrence of)"", ""F"", ""Transactions in financial assets and liabilities"", ""F51"", ""Equity"", ""_Z"", ""Not applicable"", ""_Z"", ""Not applicable"", ""XDC"", ""Domestic currency (incl. conversion to current currency made using a fixed parity)"", ""_T"", ""All currencies"", ""S"", ""Standard valuation based on SNA/ESA"", ""V"", ""Current prices"", ""N"", ""Non transformed data"", ""_T"", ""Total""]]"
b39d4fdaeed0d02194eae80e148432fd2a601fe10e41e2318ce180cadba82a3f,opendata,Quarterly Financial Accounts,Quarterly Financial Accounts (Q1 2022 to present),222539001,305184,41,utf-8-sig,REPORTINGPERIOD | SERIES_KEY | OBSERVATION | CONFIDENTIALITY_FLAG | UNITS | FREQ | FREQ_DESC | ADJUSTMENT | ADJUSTMENT_DESC | REF_AREA | REF_AREA_DESC | COUNTERPART_AREA | COUNTERPART_AREA_DESC | REF_SECTOR | REF_SECTOR_DESC | COUNTERPART_SECTOR | COUNTERPART_SECTOR_DESC | CONSOLIDATION | CONSOLIDATION_DESC | ACCOUNTING_ENTRY | ACCOUNTING_ENTRY_DESC | STO | STO_DESC | INSTR_ASSET | INSTR_ASSET_DESC | MATURITY | MATURITY_DESC | EXPENDITURE | EXPENDITURE_DESC | UNIT_MEASURE | UNIT_MEASURE_DESC | CURRENCY_DENOM | CURRENCY_DENOM_DESC | VALUATION | VALUATION_DESC | PRICES | PRICES_DESC | TRANSFORMATION | TRANSFORMATION_DESC | CUST_BREAKDOWN | CUST_BREAKDOWN_DESC,"[{""columns"": 41, ""rows"": 305185}]",True,2.0,https://opendata.centralbank.ie/dataset/5f145975-d6c9-4fbc-9cb4-290c4f05b3b6/resource/94cd2ed5-8483-49c5-ad92-48f824930c9c/download/quarterly-financial-accounts-2022q1-present.csv,files\opendata.centralbank.ie\_long\f0b5e4baeac474d2112c143f\quarterly-financial-accounts-2022q1-present__u-f0b5e4bae.csv,"[[""31/03/2022 00:00"", ""QSA.Q.N.IE.W2.S1M.S124.N.L.F.F52._Z._Z.XDC._T.S.V.N._T"", ""0"", ""F"", ""Exact Amount"", ""Q"", ""Quarterly"", ""N"", ""Neither seasonally adjusted nor calendar adjusted"", ""IE"", ""Ireland"", ""W2"", ""Domestic (home or reference area)"", ""S1M"", ""Households and non profit institutions serving households (NPISH)"", ""S124"", ""Non MMF investment funds"", ""N"", ""Non-consolidated"", ""L"", ""Liabilities (Net Incurrence of)"", ""F"", ""Transactions in financial assets and liabilities"", ""F52"", ""Investment fund shares/units"", ""_Z"", ""Not applicable"", ""_Z"", ""Not applicable"", ""XDC"", ""Domestic currency (incl. conversion to current currency made using a fixed parity)"", ""_T"", ""All currencies"", ""S"", ""Standard valuation based on SNA/ESA"", ""V"", ""Current prices"", ""N"", ""Non transformed data"", ""_T"", ""Total""], [""31/03/2022 00:00"", ""QSA.Q.N.IE.W2.S129.S13.N.L.F.F2.T._Z.XDC._T.S.V.N._T"", ""0"", ""F"", ""Exact Amount"", ""Q"", ""Quarterly"", ""N"", ""Neither seasonally adjusted nor calendar adjusted"", ""IE"", ""Ireland"", ""W2"", ""Domestic (home or reference area)"", ""S129"", ""Pension funds"", ""S13"", ""General government"", ""N"", ""Non-consolidated"", ""L"", ""Liabilities (Net Incurrence of)"", ""F"", ""Transactions in financial assets and liabilities"", ""F2"", ""Currency and deposits"", ""T"", ""All original maturities"", ""_Z"", ""Not applicable"", ""XDC"", ""Domestic currency (incl. conversion to current currency made using a fixed parity)"", ""_T"", ""All currencies"", ""S"", ""Standard valuation based on SNA/ESA"", ""V"", ""Current prices"", ""N"", ""Non transformed data"", ""_T"", ""Total""], [""31/03/2022 00:00"", ""QSA.Q.N.IE.W2.S124.S124.N.A.LE.F2.T._Z.XDC._T.S.V.N._T"", ""0"", ""F"", ""Exact Amount"", ""Q"", ""Quarterly"", ""N"", ""Neither seasonally adjusted nor calendar adjusted"", ""IE"", ""Ireland"", ""W2"", ""Domestic (home or reference area)"", ""S124"", ""Non MMF investment funds"", ""S124"", ""Non MMF investment funds"", ""N"", ""Non-consolidated"", ""A"", ""Assets (Net Acquisition of)"", ""LE"", ""Closing balance sheet/Positions/Stocks"", ""F2"", ""Currency and deposits"", ""T"", ""All original maturities"", ""_Z"", ""Not applicable"", ""XDC"", ""Domestic currency (incl. conversion to current currency made using a fixed parity)"", ""_T"", ""All currencies"", ""S"", ""Standard valuation based on SNA/ESA"", ""V"", ""Current prices"", ""N"", ""Non transformed data"", ""_T"", ""Total""], [""31/03/2022 00:00"", ""QSA.Q.N.IE.W2.S128.S11.N.L.F.F51._Z._Z.XDC._T.S.V.N._T"", ""0"", ""F"", ""Exact Amount"", ""Q"", ""Quarterly"", ""N"", ""Neither seasonally adjusted nor calendar adjusted"", ""IE"", ""Ireland"", ""W2"", ""Domestic (home or reference area)"", ""S128"", ""Insurance corporations"", ""S11"", ""Non financial corporations"", ""N"", ""Non-consolidated"", ""L"", ""Liabilities (Net Incurrence of)"", ""F"", ""Transactions in financial assets and liabilities"", ""F51"", ""Equity"", ""_Z"", ""Not applicable"", ""_Z"", ""Not applicable"", ""XDC"", ""Domestic currency (incl. conversion to current currency made using a fixed parity)"", ""_T"", ""All currencies"", ""S"", ""Standard valuation based on SNA/ESA"", ""V"", ""Current prices"", ""N"", ""Non transformed data"", ""_T"", ""Total""]]"
67b8ac6b677928f8a73d90a5a3bfee77c7e0a4bd707add7833bd7533ce1540ee,opendata,Residential Mortgage Arrears and Repossession Statistics,moa-open data.csv,2367862,19199,10,cp1252,Reporting Date | Entity Group | Format | Category | Row Position | Column Position | Row | Observation Type | Observation |  Number of Accounts ,"[{""columns"": 10, ""rows"": 19200}]",True,0.046,https://opendata.centralbank.ie/dataset/23075b1d-a112-4ae8-b1b2-f52eea3c2a6e/resource/8013ade5-b6fa-4be7-8bb9-39bce48116c8/download/moa-open-data.csv,files\opendata.centralbank.ie\_long\ba1f77839be2b388211e0323\moa-open-data__u-ba1f77839be2.csv,"[[""30/09/2009"", ""Banks"", ""PDH"", ""Arrears"", ""4"", ""3"", ""Arrears: Total mortgage accounts in arrears - 91 to 180 days"", ""Arrears € (000)"", ""41836"", """"], [""30/09/2009"", ""Banks"", ""PDH"", ""Arrears"", ""3"", ""3"", ""Arrears: Total mortgage accounts in arrears - up to 90 days"", ""Arrears € (000)"", ""78398"", """"], [""30/09/2009"", ""Banks"", ""PDH"", ""Arrears"", ""5"", ""3"", ""Arrears: Total mortgage accounts in arrears - over 180 days"", ""Arrears € (000)"", ""262685"", """"], [""30/09/2009"", ""Banks"", ""PDH"", ""Arrears"", ""2"", ""3"", ""Arrears: Total mortgage accounts in arrears"", ""Arrears € (000)"", ""382919"", """"]]"
d22324dc696f25d71ef33339b0affb3e1f01680c98242871d1c2d6bfc7b84ec5,opendata,"Retail Interest Rates - Deposits, Outstanding Amounts",B.1.1.csv,27115,282,13,cp1252,"Reporting Date | Household deposits, Overnight, interest rate (%) | Household deposits, Redeemable at notice, interest rate (%) | Household deposits, With agreed maturity (up to 2 years), interest rate (%) | Household deposits, With agreed maturity (over 2 years), interest rate (%) | Non-financial corporations deposits, Overnight, interest rate (%) | Non-financial corporations deposits, With agreed maturity, interest rate (%) | Household deposits, Overnight, volumes (€ million) | Household deposits, Redeemable at notice, volumes (€ million) | Household deposits, With agreed maturity (up to 2 years), volumes (€ million) | Household deposits, With agreed maturity (over 2 years), volumes (€ million) | Non-financial corporations deposits, Overnight, volumes (€ million) | Non-financial corporations deposits, With agreed maturity, volumes (€ million)","[{""columns"": 13, ""rows"": 283}]",True,0.0,https://opendata.centralbank.ie/dataset/f4f24cf8-d63e-486f-b27d-ef0df7d071df/resource/f10999a2-24d2-4236-a84a-2e43af482d33/download/b.1.1.csv,files\opendata.centralbank.ie\_long\7023810f04868eb47cbbfa87\b.1.1__u-7023810f0486.csv,"[[""31/01/2003"", ""0.72"", ""2.02"", ""2.61"", ""2.57"", ""0.35"", ""2.82"", ""21,325"", ""6,975"", ""15,164"", ""3,487"", ""13,809"", ""11,573""], [""28/02/2003"", ""0.76"", ""1.99"", ""2.71"", ""2.63"", ""0.41"", ""2.66"", ""21,872"", ""7,285"", ""15,176"", ""3,658"", ""13,123"", ""12,688""], [""31/03/2003"", ""0.75"", ""1.64"", ""2.45"", ""2.23"", ""0.33"", ""2.53"", ""22,206"", ""7,306"", ""14,461"", ""3,937"", ""12,972"", ""12,753""], [""30/04/2003"", ""0.74"", ""1.54"", ""2.34"", ""2.24"", ""0.37"", ""2.5"", ""22,141"", ""7,364"", ""14,907"", ""4,080"", ""12,965"", ""13,293""]]"
a5b3e28ee3d35c6beb632a5b86808e6c3c2520bcf8afff3a1eb1c8390ddbfb2d,opendata,"Retail Interest Rates - Loans, Outstanding Amounts",B.1.2.csv,38431,282,23,cp1252,"Reporting date | Loans to households, overdrafts, interest rate (%) | Loans to households, loans for house purchases with original maturity, up to 1 year, interest rate (%) | Loans to households, loans for house purchases with original maturity, over 1 and up to 5 years, interest rate (%) | Loans to households, loans for house purchases with original maturity, over 5 years, interest rate (%) | Loans to households, consumer loans and other loans with original maturity, up to 1 year, interest rate (%) | Loans to households, consumer loans and other loans with original maturity, over 1 and up to 5 years, interest rate (%) | Loans to households, consumer loans and other loans with original maturity, over 5 years, interest rate (%) | Loans to non-financial corporations, overdrafts, interest rate (%) | Loans to non-financial corporations, loans for house purchases with original maturity, up to 1 year, interest rate (%) | Loans to non-financial corporations, loans for house purchases with original maturity, over 1 and up to 5 years, interest rate (%) | Loans to non-financial corporations, loans for house purchases with original maturity, over 5 years, interest rate (%) | Loans to households, overdrafts, volumes (€ million) | Loans to households, loans for house purchases with original maturity, up to 1 year, volumes (€ million) | Loans to households, loans for house purchases with original maturity, over 1 and up to 5 years, volumes (€ million) | Loans to households, loans for house purchases with original maturity, over 5 years, volumes (€ million) | Loans to households, consumer loans and other loans with original maturity, up to 1 year, volumes (€ million) | Loans to households, consumer loans and other loans with original maturity, over 1 and up to 5 years, volumes (€ million) | Loans to households, consumer loans and other loans with original maturity, over 5 years, volumes (€ million) | Loans to non-financial corporations, overdrafts, volumes (€ million) | Loans to non-financial corporations, loans for house purchases with original maturity, up to 1 year, volumes (€ million) | Loans to non-financial corporations, loans for house purchases with original maturity, over 1 and up to 5 years, volumes (€ million) | Loans to non-financial corporations, loans for house purchases with original maturity, over 5 years, volumes (€ million)","[{""columns"": 23, ""rows"": 283}]",True,0.0,https://opendata.centralbank.ie/dataset/4ba390e9-c0de-4da3-a7e2-e47acdaa21ce/resource/120a26a9-acb6-473e-9b9a-469f9b0037eb/download/b.1.2.csv,files\opendata.centralbank.ie\_long\70bf41d91cc398fe54d63571\b.1.2__u-70bf41d91cc3.csv,"[[""31/01/2003"", ""12.49"", ""4.86"", ""5.17"", ""4.39"", ""8.87"", ""8.07"", ""5.69"", ""7.54"", ""5.79"", ""5.48"", ""5.42"", ""1922"", ""929"", ""5287"", ""37612"", ""4679"", ""4102"", ""5791"", ""3751"", ""14381"", ""14618"", ""20813""], [""28/02/2003"", ""12.62"", ""4.9"", ""5.05"", ""4.39"", ""8.94"", ""7.84"", ""5.64"", ""7.32"", ""5.74"", ""5.72"", ""5.3"", ""1962"", ""936"", ""5429"", ""38242"", ""4937"", ""4281"", ""5761"", ""3916"", ""13326"", ""16027"", ""20934""], [""31/03/2003"", ""12.26"", ""4.8"", ""4.94"", ""4.24"", ""9.36"", ""7.59"", ""5.48"", ""7.23"", ""5.79"", ""5.58"", ""5.06"", ""1980"", ""928"", ""5588"", ""39002"", ""4162"", ""4803"", ""5975"", ""4057"", ""12154"", ""15632"", ""23535""], [""30/04/2003"", ""12.65"", ""4.46"", ""4.77"", ""4.22"", ""9.31"", ""7.49"", ""5.12"", ""7.08"", ""5.66"", ""5.47"", ""4.97"", ""1984"", ""738"", ""5706"", ""39183"", ""4026"", ""5151"", ""5970"", ""4037"", ""12279"", ""15923"", ""23488""]]"
791d110e3ba795e35f76230c5c45120486f6aedbee481590151ece1605200bbe,opendata,Retail Interest Rates - Mortgage Rates,B.3.1.csv,11472,47,37,cp1252,"Reporting date | Buy-to-let properties, floating rate, standard or LTV variable, rates on outstanding amounts (%) | Buy-to-let properties, floating rate, tracker mortgages, rates on outstanding amounts (%) | Buy-to-let properties, fixed rate, from 1 to 3 years, rates on outstanding amounts (%) | Buy-to-let properties, fixed rate, over 3 years, rates on outstanding amounts (%) | Principal Dwelling Houses, floating rate, standard or LTV variable, rates on outstanding amounts (%) | Principal Dwelling Houses, floating rate, tracker mortgages, rates on outstanding amounts (%) | Principal Dwelling Houses, floating rate, up to 1 year fixed, rates on outstanding amounts (%) | Principal Dwelling Houses, fixed rate, from 1 to 3 years, rates on outstanding amounts (%) | Principal Dwelling Houses, fixed rate, over 3 years, rates on outstanding amounts (%) | Buy-to-let properties, floating rate, standard or LTV variable, outstanding amounts volumes (€ million) | Buy-to-let properties, floating rate, tracker mortgages, outstanding amounts volumes (€ million) | Buy-to-let properties, fixed rate, from 1 to 3 years, outstanding amounts volumes (€ million) | Buy-to-let properties, fixed rate, over 3 years, outstanding amounts volumes (€ million) | Principal Dwelling Houses, floating rate, standard or LTV variable, outstanding amounts volumes (€ million) | Principal Dwelling Houses, floating rate, tracker mortgages, outstanding amounts volumes (€ million) | Principal Dwelling Houses, floating rate, up to 1 year fixed, outstanding amounts volumes (€ million) | Principal Dwelling Houses, fixed rate, from 1 to 3 years, outstanding amounts volumes (€ million) | Principal Dwelling Houses, fixed rate, over 3 years, outstanding amounts volumes (€ million) | Buy-to-let properties, floating rate, standard or LTV variable, rates on new business (%) | Buy-to-let properties, floating rate, tracker mortgages, rates on new business (%) | Buy-to-let properties, fixed rate, from 1 to 3 years, rates on new business (%) | Buy-to-let properties, fixed rate, over 3 years, rates on new business (%) | Principal Dwelling Houses, floating rate, standard or LTV variable, rates on new business (%) | Principal Dwelling Houses, floating rate, tracker mortgages, rates on new business (%) | Principal Dwelling Houses, floating rate, up to 1 year fixed, rates on new business (%) | Principal Dwelling Houses, fixed rate, from 1 to 3 years, rates on new business (%) | Principal Dwelling Houses, fixed rate, over 3 years, rates on new business (%) | Buy-to-let properties, floating rate, standard or LTV variable, new business volumes (€ million) | Buy-to-let properties, floating rate, tracker mortgages, new business volumes (€ million) | Buy-to-let properties, fixed rate, from 1 to 3 years, new business volumes (€ million) | Buy-to-let properties, fixed rate, over 3 years, new business volumes (€ million) | Principal Dwelling Houses, floating rate, standard or LTV variable, new business volumes (€ million) | Principal Dwelling Houses, floating rate, tracker mortgages, new business volumes (€ million) | Principal Dwelling Houses, floating rate, up to 1 year fixed, new business volumes (€ million) | Principal Dwelling Houses, fixed rate, from 1 to 3 years, new business volumes (€ million) | Principal Dwelling Houses, fixed rate, over 3 years, new business volumes (€ million)","[{""columns"": 37, ""rows"": 48}]",True,0.0,https://opendata.centralbank.ie/dataset/e92c1985-9da0-47e2-af77-c88a3fa37cec/resource/fb07a41b-15f7-4697-a7f7-ce8209d794e5/download/b.3.1.csv,files\opendata.centralbank.ie\_long\5b43f924bc1746444d473d6e\b.3.1__u-5b43f924bc17.csv,"[[""31/12/2014"", ""4.53"", ""1.09"", ""5.33"", ""4.54"", ""4.19"", ""1.03"", ""3.33"", ""4.49"", ""3.94"", ""5473"", ""12333"", ""52"", ""166"", ""27398"", ""26286"", ""1054"", ""2094"", ""2597"", ""5.19"", """", ""5.68"", ""6.24"", ""4.2"", """", ""3.6"", ""4.24"", ""4.03"", ""39"", """", ""1"", ""1"", ""517"", """", ""195"", ""129"", ""59""], [""31/03/2015"", ""4.52"", ""1.09"", ""5.1"", ""4.43"", ""4.26"", ""1.05"", ""3.33"", ""4.31"", ""3.83"", ""5322"", ""11596"", ""55"", ""151"", ""26537"", ""25805"", ""1085"", ""2504"", ""2739"", ""5.12"", """", ""5.64"", """", ""4.14"", """", ""3.59"", ""3.93"", ""3.93"", ""36"", """", ""2"", ""0"", ""409"", """", ""135"", ""162"", ""93""], [""30/06/2015"", ""4.39"", ""1.09"", ""4.93"", ""4.25"", ""4.11"", ""1.05"", ""3.41"", ""4.19"", ""3.75"", ""5287"", ""11334"", ""56"", ""134"", ""26606"", ""25426"", ""1110"", ""2800"", ""2747"", ""5.05"", """", ""4.41"", """", ""4.12"", """", ""3.61"", ""3.8"", ""3.86"", ""24"", """", ""1"", ""1"", ""455"", """", ""135"", ""252"", ""129""], [""30/09/2015"", ""4.56"", ""1.09"", ""4.84"", ""3.79"", ""4.08"", ""1.07"", ""3.5"", ""4.01"", ""3.68"", ""5172"", ""10893"", ""57"", ""143"", ""25821"", ""24947"", ""1236"", ""3610"", ""2885"", ""4.93"", """", ""4.56"", ""4.3"", ""3.96"", """", ""3.56"", ""3.69"", ""3.8"", ""39"", """", ""1"", ""1"", ""548"", """", ""148"", ""345"", ""140""]]"
ac3c7541c7df84da64c008a81d5adf7ee1d9beb5b100f357053a44326dda2546,opendata,"Retail Interest Rates and Volumes  - Loans and Deposits, New Business",B.2.1.csv,45868,282,35,cp1252,"Reporting date | Loans to households for house purchase, interest rate (%) | Loans to households for house purchase, o/w new lending ex. renegotiations, interest rate (%) | Loans to households for house purchase, Floating rate and up to 1 year fixation, interest rate (%) | Loans to households for house purchase, Floating rate and up to 1 year fixation, o/w new lending ex. renegotiations, interest rate (%) | Loans to households for house purchase, Over 1 year fixation, interest rate (%) | Loans to households for house purchase, Over 1 year fixation, o/w new lending ex. renegotiations, interest rate (%) | Loans to households for house purchase, APRC, interest rate (%) | Loans to households, for consumer purposes, interest rate (%) | Loans to households, for consumer purposes, Floating rate and up to 1 year fixation, interest rate (%) | Loans to households, for consumer purposes, Over 1 year fixation, interest rate (%) | Loans to households, for consumer purposes, APRC, interest rate (%) | Loans to households For other purposes, interest rate (%) | Loans to Non-financial corporations, interest rate (%) | Loans to Non-financial corporations, Loans up to and including €250,000, interest rate (%) | Loans to Non-financial corporations, Loans over €250,000 and up to €1 million, interest rate (%) | Loans to Non-financial corporations, Loans over €1 million, interest rate (%) | Deposits from households, With agreed maturity, interest rate (%) | Deposits from Non-financial corporations With agreed maturity, interest rate (%) | Loans to households for house purchase, volumes (€ million) | Loans to households for house purchase, o/w new lending ex. renegotiations, volumes (€ million) | Loans to households for house purchase, Floating rate and up to 1 year fixation, volumes (€ million) | Loans to households for house purchase, Floating rate and up to 1 year fixation, o/w new lending ex. renegotiations, volumes (€ million) | Loans to households for house purchase, Over 1 year fixation, volumes (€ million) | Loans to households for house purchase, Over 1 year fixation, o/w new lending ex. renegotiations, volumes (€ million) | Loans to households, for consumer purposes, volumes (€ million) | Loans to households, for consumer purposes, Floating rate and up to 1 year fixation, volumes (€ million) | Loans to households, for consumer purposes, Over 1 year fixation, volumes (€ million) | Loans to households For other purposes, volumes (€ million) | Loans to Non-financial corporations, volumes (€ million) | Loans to Non-financial corporations, Loans up to and including €250,000, volumes (€ million) | Loans to Non-financial corporations, Loans over €250,000 and up to €1 million, volumes (€ million) | Loans to Non-financial corporations, Loans over €1 million, volumes (€ million) | Deposits from households, With agreed maturity, volumes (€ million) | Deposits from Non-financial corporations With agreed maturity, volumes (€ million)","[{""columns"": 35, ""rows"": 283}]",True,0.0,https://opendata.centralbank.ie/dataset/dadd792b-87d1-4b9e-9ce9-8fa6e81a3378/resource/fc4dddc5-c36d-4de0-9605-076d765a0efa/download/b.2.1.csv,files\opendata.centralbank.ie\_long\625ee67074ffc478981b3595\b.2.1__u-625ee67074ff.csv,"[[""31/01/2003"", ""4.14"", """", ""4.08"", """", ""4.45"", """", ""4.16"", ""6.81"", ""5.79"", ""8.26"", ""6.86"", ""5.76"", ""5.08"", """", """", """", ""2.49"", ""2.57"", ""2898"", """", ""2422"", """", ""476"", """", ""377"", ""221"", ""156"", ""166"", ""2301"", """", """", """", ""6810"", ""6489""], [""28/02/2003"", ""4.32"", """", ""4.28"", """", ""4.46"", """", ""4.59"", ""6.86"", ""5.97"", ""7.95"", ""6.9"", ""5.56"", ""4.99"", """", """", """", ""2.34"", ""2.49"", ""2671"", """", ""2140"", """", ""530"", """", ""373"", ""206"", ""167"", ""411"", ""2880"", """", """", """", ""9734"", ""8171""], [""31/03/2003"", ""4.08"", """", ""4.04"", """", ""4.27"", """", ""4.09"", ""6.7"", ""5.82"", ""7.88"", ""6.74"", ""5.55"", ""4.97"", """", """", """", ""2.2"", ""2.25"", ""3005"", """", ""2452"", """", ""553"", """", ""341"", ""196"", ""145"", ""222"", ""2820"", """", """", """", ""10178"", ""8356""], [""30/04/2003"", ""4.03"", """", ""4"", """", ""4.14"", """", ""4.1"", ""6.89"", ""6.18"", ""7.5"", ""6.97"", ""5.25"", ""4.79"", """", """", """", ""2.12"", ""2.23"", ""2659"", """", ""2021"", """", ""637"", """", ""369"", ""171"", ""198"", ""264"", ""2257"", """", """", """", ""10437"", ""8510""]]"
769bebb6fc0ec49c68c2550049a667c101a236fafc60346cb3ed3c27ba5f56f9,opendata,Retail Interest Rates and Volumes - Renegotiated Loans,B.2.2.csv,8800,139,9,cp1252,"Reporting Date | Loans to households, for consumption and other purposes, floating rate and up to 1 year fixation, interest rate (%) | Loans to households, for consumption and other purposes, over 1 year fixation, interest rate (%) | Loans to households, for house purchase, floating rate and up to 1 year fixation, interest rate (%) | Loans to households, for house purchase, over 1 year fixation, interest rate (%) | Loans to households, for consumption and other purposes, floating rate and up to 1 year fixation, aggregated Volumes (€ thousands) | Loans to households, for consumption and other purposes, over 1 year fixation, aggregated Volumes (€ thousands) | Loans to households, for house purchase, floating rate and up to 1 year fixation, aggregated Volumes (€ thousands) | Loans to households, for house purchase, over 1 year fixation, aggregated Volumes (€ thousands)","[{""columns"": 9, ""rows"": 140}]",True,0.0,https://opendata.centralbank.ie/dataset/e828c9d3-da00-4914-9a0c-0db52b4e95ba/resource/16186eb5-a19f-4dfc-95c4-5e2410d96cae/download/b.2.2.csv,files\opendata.centralbank.ie\_long\b2f727cff262d6122aa3bca1\b.2.2__u-b2f727cff262.csv,"[[""31/12/2014"", ""3.95"", ""3.52"", ""3.07"", ""4.28"", ""4226"", ""6068"", ""344634"", ""172454""], [""30/01/2015"", ""4.68"", ""4.07"", ""2.87"", ""4.19"", ""5906"", ""7107"", ""335095"", ""180246""], [""27/02/2015"", ""5.34"", ""4.27"", ""2.94"", ""4.06"", ""7009"", ""10284"", ""283387"", ""188945""], [""31/03/2015"", ""4.29"", ""3.53"", ""3.09"", ""4"", ""5809"", ""13479"", ""318818"", ""153173""]]"
df9977a44c2e7defccd287a6785d57c954666b5ab10a8ae4a29c87eb622f1370,opendata,Securities Issues Statistics,current securities issue statistics,13427189,27880,16,utf-8-sig,Date | Value | Obs. status | Obs. Conf. | Series key | Title complement | Decimals | Units | Issuance Type | Currency | Security Type | Coupon | Maturity | Sector | Amount Type | Value type,"[{""columns"": 16, ""rows"": 27881}]",True,0.125,https://opendata.centralbank.ie/dataset/710dfae6-e3ae-429e-95de-a02498ea5183/resource/c63c7d7a-2a58-4e4e-9879-746474638a6d/download/securities-issue-statistics-current.csv,files\opendata.centralbank.ie\_long\d1a0391c1b2000c148246a09\securities-issue-statistics-current__u-d1a0391c1b20.csv,"[[""2026-07"", ""462.5513807"", ""P"", ""F"", ""CSEC.M.N.IE.W0.S122.S1.N.LI.F.F3.S._Z.EUR.X1.F.V.N._T"", ""Deposit taking corporations, except the Central Bank issuing Debt securities in Face value , Gross incurrence of liabilities, Transactions in financial assets and liabilities, Short-term original maturity (up to 1 year), Ireland, denominated in  All currencies except national domestic currency, Non transformed data"", ""3"", ""Millions of Euro"", ""Gross issuance"", ""Non-Euro"", ""Debt Securities"", ""All"", ""Short-term"", ""DTC"", ""Transactions"", ""Face Value""], [""2026-06"", ""611.38407"", ""A"", ""F"", ""CSEC.M.N.IE.W0.S122.S1.N.LI.F.F3.S._Z.EUR.X1.F.V.N._T"", ""Deposit taking corporations, except the Central Bank issuing Debt securities in Face value , Gross incurrence of liabilities, Transactions in financial assets and liabilities, Short-term original maturity (up to 1 year), Ireland, denominated in  All currencies except national domestic currency, Non transformed data"", ""3"", ""Millions of Euro"", ""Gross issuance"", ""Non-Euro"", ""Debt Securities"", ""All"", ""Short-term"", ""DTC"", ""Transactions"", ""Face Value""], [""2026-05"", ""49.69356"", ""A"", ""F"", ""CSEC.M.N.IE.W0.S122.S1.N.LI.F.F3.S._Z.EUR.X1.F.V.N._T"", ""Deposit taking corporations, except the Central Bank issuing Debt securities in Face value , Gross incurrence of liabilities, Transactions in financial assets and liabilities, Short-term original maturity (up to 1 year), Ireland, denominated in  All currencies except national domestic currency, Non transformed data"", ""3"", ""Millions of Euro"", ""Gross issuance"", ""Non-Euro"", ""Debt Securities"", ""All"", ""Short-term"", ""DTC"", ""Transactions"", ""Face Value""], [""2026-04"", ""405.6138839"", ""A"", ""F"", ""CSEC.M.N.IE.W0.S122.S1.N.LI.F.F3.S._Z.EUR.X1.F.V.N._T"", ""Deposit taking corporations, except the Central Bank issuing Debt securities in Face value , Gross incurrence of liabilities, Transactions in financial assets and liabilities, Short-term original maturity (up to 1 year), Ireland, denominated in  All currencies except national domestic currency, Non transformed data"", ""3"", ""Millions of Euro"", ""Gross issuance"", ""Non-Euro"", ""Debt Securities"", ""All"", ""Short-term"", ""DTC"", ""Transactions"", ""Face Value""]]"
dded99f7dddaad5b8b780e966435b12a4f848834d380b611ed0c46d0c40f543d,opendata,Securities Issues Statistics,securities issue statistics 2009-2020,966703,11241,13,utf-8-sig,Reporting Date | Currency | Instrument Type | Coupon | Issuer Sector | Outstanding Amounts / Market Capitalisation | Amount Type | Euro Millions |  |  |  |  | ,"[{""columns"": 13, ""rows"": 11242}]",True,0.016,https://opendata.centralbank.ie/dataset/710dfae6-e3ae-429e-95de-a02498ea5183/resource/bb0b97ff-626d-4387-b1c2-06a47380a82f/download/securities-issue-statistics-2009-2020.csv,files\opendata.centralbank.ie\_long\0809e85fdb3e439c2981aa34\securities-issue-statistics-2009-2020__u-0809e85fdb3e.csv,"[[""2009-12-31"", ""Euro"", ""Long-term bonds"", ""Fixed"", ""GOVT"", ""Gross Issues"", ""Debt Securities"", ""344"", """", """", """", """", """"], [""2009-12-31"", ""Euro"", ""Long-term bonds"", ""Fixed"", ""GOVT"", ""Net Issues"", ""Debt Securities"", ""276"", """", """", """", """", """"], [""2009-12-31"", ""Euro"", ""Long-term bonds"", ""Fixed"", ""GOVT"", ""Outstanding amounts"", ""Debt Securities"", ""70858"", """", """", """", """", """"], [""2009-12-31"", ""Euro"", ""Long-term bonds"", ""Fixed"", ""IC&PF"", ""Outstanding amounts"", ""Debt Securities"", ""0"", """", """", """", """", """"]]"
fa825669aac13da558f397b00f983971ebb8946e283079f0aecee3b2b78b1f69,opendata,Template on International Reserves,Template on International Reserves,27904559,42768,37,utf-8-sig,Reference_Date | BOP_BPM6_RA_M_series_key | FREQ | FREQ_Description | ADJUSTMENT | ADJUSTMENT_Description | REF_AREA | REF_AREA_Description | COUNTERPART_AREA | COUNTERPART_AREA_Description | REF_SECTOR | REF_SECTOR_Description | COUNTERPART_SECTOR | COUNTERPART_SECTOR_Description | FLOW_STOCK_ENTRY | FLOW_STOCK_ENTRY_Description | ACCOUNTING_ENTRY | ACCOUNTING_ENTRY_Description | INT_ACC_ITEM | INT_ACC_ITEM_Description | FUNCTIONAL_CAT | FUNCTIONAL_CAT_Description | INSTR_ASSET | INSTR_ASSET_Description | MATURITY | MATURITY_Description | UNIT_MEASURE | UNIT_MEASURE_Description | CURRENCY_DENOM | CURRENCY_DENOM_Description | VALUATION | VALUATION_Description | COMP_METHOD | COMP_METHOD_Description | TYPE_ENTITY | TYPE_ENTITY_Description | Value_in_EUR_Millions,"[{""columns"": 37, ""rows"": 42769}]",True,0.234,https://opendata.centralbank.ie/dataset/2e7d767c-1bf5-4fd9-911b-808487cfa76b/resource/ad3a2fae-2b38-4660-8e45-cfafbf0ed59f/download/template_on_international_reserves.csv,files\opendata.centralbank.ie\_long\18cf34063d7dfcbb1e3db91c\template_on_international_reserves__u-18cf34063d7d.csv,"[[""2013-01-31"", ""M:N:IE:W1:S121:S1:LE:A:FA:R:F:_Z:EUR:X1:_X:N:ALL"", ""M"", ""Monthly"", ""N"", ""Neither seasonally adjusted nor calendar adjusted data"", ""IE"", ""Ireland"", ""W1"", ""Rest of the World"", ""S121"", ""Central bank"", ""S1"", ""Total economy"", ""LE"", ""Closing balance sheet/Positions/Stocks"", ""A"", ""Assets (Net Acquisition of)"", ""FA"", ""Financial account"", ""R"", ""Reserve Assets"", ""F"", ""Total financial assets/liabilities"", ""_Z"", ""Not applicable"", ""EUR"", ""Euro"", ""X1"", ""All currencies except national domestic currency"", ""_X"", ""Not allocated/unspecified (including all kinds of valuation methods)"", ""N"", ""Compilation methodology based on international standards"", ""ALL"", ""All resident units"", ""1295.8""], [""2013-01-31"", ""M:N:IE:W1:S121:S1:LE:A:FA:R:FR3:_Z:EUR:X1:_X:N:ALL"", ""M"", ""Monthly"", ""N"", ""Neither seasonally adjusted nor calendar adjusted data"", ""IE"", ""Ireland"", ""W1"", ""Rest of the World"", ""S121"", ""Central bank"", ""S1"", ""Total economy"", ""LE"", ""Closing balance sheet/Positions/Stocks"", ""A"", ""Assets (Net Acquisition of)"", ""FA"", ""Financial account"", ""R"", ""Reserve Assets"", ""FR3"", ""Securities; currency and deposits"", ""_Z"", ""Not applicable"", ""EUR"", ""Euro"", ""X1"", ""All currencies except national domestic currency"", ""_X"", ""Not allocated/unspecified (including all kinds of valuation methods)"", ""N"", ""Compilation methodology based on international standards"", ""ALL"", ""All resident units"", ""3.3""], [""2013-01-31"", ""M:N:IE:W1:S121:S1:LE:A:FA:R:FR1:_Z:EUR:X1:M:N:ALL"", ""M"", ""Monthly"", ""N"", ""Neither seasonally adjusted nor calendar adjusted data"", ""IE"", ""Ireland"", ""W1"", ""Rest of the World"", ""S121"", ""Central bank"", ""S1"", ""Total economy"", ""LE"", ""Closing balance sheet/Positions/Stocks"", ""A"", ""Assets (Net Acquisition of)"", ""FA"", ""Financial account"", ""R"", ""Reserve Assets"", ""FR1"", ""Securities (Equity, investment fund shares/units and debt securities)"", ""_Z"", ""Not applicable"", ""EUR"", ""Euro"", ""X1"", ""All currencies except national domestic currency"", ""M"", ""Market value"", ""N"", ""Compilation methodology based on international standards"", ""ALL"", ""All resident units"", ""0.2""], [""2013-01-31"", ""M:N:IE:W1:S121:S1H:LE:A:FA:R:FR1:_Z:EUR:X1:M:N:ALL"", ""M"", ""Monthly"", ""N"", ""Neither seasonally adjusted nor calendar adjusted data"", ""IE"", ""Ireland"", ""W1"", ""Rest of the World"", ""S121"", ""Central bank"", ""S1H"", ""Issuer headquartered in the reporting country or currency area"", ""LE"", ""Closing balance sheet/Positions/Stocks"", ""A"", ""Assets (Net Acquisition of)"", ""FA"", ""Financial account"", ""R"", ""Reserve Assets"", ""FR1"", ""Securities (Equity, investment fund shares/units and debt securities)"", ""_Z"", ""Not applicable"", ""EUR"", ""Euro"", ""X1"", ""All currencies except national domestic currency"", ""M"", ""Market value"", ""N"", ""Compilation methodology based on international standards"", ""ALL"", ""All resident units"", ""0""]]"
