sha256,format,bytes,source,dataset_title,resource_name,local_path,canonical_url,url_alias_count,all_urls,referrers
d61e5b8821abfac0debbac74ce9ab7b988ba0babff115c15e1d9c280f60110e8,CSV,19390,documents,,,files\www.centralbank.ie\_long\0d9a8677e29e2d282fc3d242\figure-1__q-c3122d61d8__u-0d9a8677e29e.csv,https://www.centralbank.ie/docs/default-source/publications/quarterly-bulletins/qb-2-2025/figure-1.csv?sfvrsn=123e681a_1,1,https://www.centralbank.ie/docs/default-source/publications/quarterly-bulletins/qb-2-2025/figure-1.csv?sfvrsn=123e681a_1,https://www.centralbank.ie/publication/quarterly-bulletins/quarterly-bulletin-q2-2025
2412a831c456b8824a1f5b016b24d7c9ab427a776d8bf2a6efd26bbdfc4bd684,CSV,2438,documents,,,files\www.centralbank.ie\_long\dd6978598e07543ac49ff6b0\figure-10__q-0b5233e053__u-dd6978598e07.csv,https://www.centralbank.ie/docs/default-source/publications/quarterly-bulletins/qb-2-2025/figure-10.csv?sfvrsn=8e3e681a_1,1,https://www.centralbank.ie/docs/default-source/publications/quarterly-bulletins/qb-2-2025/figure-10.csv?sfvrsn=8e3e681a_1,https://www.centralbank.ie/publication/quarterly-bulletins/quarterly-bulletin-q2-2025
27ca12a8e2348b644131eb8197ee2f59f596e7c605d1400d99599e0f18d84b0f,CSV,2398,documents,,,files\www.centralbank.ie\_long\5936c3abb14b55f4510fcb96\figure-11__q-f708be53ed__u-5936c3abb14b.csv,https://www.centralbank.ie/docs/default-source/publications/quarterly-bulletins/qb-2-2025/figure-11.csv?sfvrsn=3c3e681a_1,1,https://www.centralbank.ie/docs/default-source/publications/quarterly-bulletins/qb-2-2025/figure-11.csv?sfvrsn=3c3e681a_1,https://www.centralbank.ie/publication/quarterly-bulletins/quarterly-bulletin-q2-2025
d27b1d1273a28cbbf02f30b1de6d1ea147d8fc217248f131900795795468f4c2,CSV,754,documents,,,files\www.centralbank.ie\_long\cc4999e9a6421173f3283262\figure-12__q-1e4171d327__u-cc4999e9a642.csv,https://www.centralbank.ie/docs/default-source/publications/quarterly-bulletins/qb-2-2025/figure-12.csv?sfvrsn=c53e681a_1,1,https://www.centralbank.ie/docs/default-source/publications/quarterly-bulletins/qb-2-2025/figure-12.csv?sfvrsn=c53e681a_1,https://www.centralbank.ie/publication/quarterly-bulletins/quarterly-bulletin-q2-2025
291d78c18a720b7e61ca190e535f99879a2e382a3410c961c61d434f15869be4,CSV,6696,documents,,,files\www.centralbank.ie\_long\2910cb87fd44757f384cac98\figure-13__q-a2ea822356__u-2910cb87fd44.csv,https://www.centralbank.ie/docs/default-source/publications/quarterly-bulletins/qb-2-2025/figure-13.csv?sfvrsn=d73e681a_1,1,https://www.centralbank.ie/docs/default-source/publications/quarterly-bulletins/qb-2-2025/figure-13.csv?sfvrsn=d73e681a_1,https://www.centralbank.ie/publication/quarterly-bulletins/quarterly-bulletin-q2-2025
8c6439c373fd7385c0f8c17fb9c0ebd7fd1afa0b0e2af6257c561ac8604d2dc9,CSV,4186,documents,,,files\www.centralbank.ie\_long\1fb0354dde968cc42071d539\figure-14__q-f787cff3dc__u-1fb0354dde96.csv,https://www.centralbank.ie/docs/default-source/publications/quarterly-bulletins/qb-2-2025/figure-14.csv?sfvrsn=983e681a_1,1,https://www.centralbank.ie/docs/default-source/publications/quarterly-bulletins/qb-2-2025/figure-14.csv?sfvrsn=983e681a_1,https://www.centralbank.ie/publication/quarterly-bulletins/quarterly-bulletin-q2-2025
cf592fa943d4b71049cde3ccc5dcc500bef06cc3a077a9aab2706fd37cb4a845,CSV,266,documents,,,files\www.centralbank.ie\_long\588e146eaf9b2c09883e1a5c\figure-15__q-8a5fb544cb__u-588e146eaf9b.csv,https://www.centralbank.ie/docs/default-source/publications/quarterly-bulletins/qb-2-2025/figure-15.csv?sfvrsn=e73e681a_1,1,https://www.centralbank.ie/docs/default-source/publications/quarterly-bulletins/qb-2-2025/figure-15.csv?sfvrsn=e73e681a_1,https://www.centralbank.ie/publication/quarterly-bulletins/quarterly-bulletin-q2-2025
9dee84a829b8635c6413f4b0bb316c6c7921eee15b1dd8de46fbe0619f82c09c,CSV,1340,documents,,,files\www.centralbank.ie\_long\0382508052ebed9fb6121278\figure-16__q-9794463a8e__u-0382508052eb.csv,https://www.centralbank.ie/docs/default-source/publications/quarterly-bulletins/qb-2-2025/figure-16.csv?sfvrsn=f13e681a_1,1,https://www.centralbank.ie/docs/default-source/publications/quarterly-bulletins/qb-2-2025/figure-16.csv?sfvrsn=f13e681a_1,https://www.centralbank.ie/publication/quarterly-bulletins/quarterly-bulletin-q2-2025
01f7b7914f2655c8933ad8e09f6c110d8cc2e5c52c3362be497ab10a92027264,CSV,3288,documents,,,files\www.centralbank.ie\_long\a2237f1d022396c2ba5d5efb\figure-17__q-2ffc370aa9__u-a2237f1d0223.csv,https://www.centralbank.ie/docs/default-source/publications/quarterly-bulletins/qb-2-2025/figure-17.csv?sfvrsn=543d681a_1,1,https://www.centralbank.ie/docs/default-source/publications/quarterly-bulletins/qb-2-2025/figure-17.csv?sfvrsn=543d681a_1,https://www.centralbank.ie/publication/quarterly-bulletins/quarterly-bulletin-q2-2025
2fd70887ccd687885ce5d5a8294441368759c6da85262c7c66ed3e4f463b706d,CSV,1041,documents,,,files\www.centralbank.ie\_long\c1a47e1dca8da6d6dd41ad57\figure-18__q-93c2eb98e1__u-c1a47e1dca8d.csv,https://www.centralbank.ie/docs/default-source/publications/quarterly-bulletins/qb-2-2025/figure-18.csv?sfvrsn=513d681a_1,1,https://www.centralbank.ie/docs/default-source/publications/quarterly-bulletins/qb-2-2025/figure-18.csv?sfvrsn=513d681a_1,https://www.centralbank.ie/publication/quarterly-bulletins/quarterly-bulletin-q2-2025
4f47828fbfc82e4bfc43dbdf9aac3bab6fdabbe59c1c2c1f58f911bb0dbfbcb1,CSV,743,documents,,,files\www.centralbank.ie\_long\015b35c00cc586d8072aa8f4\figure-19__q-bc9ded62b0__u-015b35c00cc5.csv,https://www.centralbank.ie/docs/default-source/publications/quarterly-bulletins/qb-2-2025/figure-19.csv?sfvrsn=243d681a_1,1,https://www.centralbank.ie/docs/default-source/publications/quarterly-bulletins/qb-2-2025/figure-19.csv?sfvrsn=243d681a_1,https://www.centralbank.ie/publication/quarterly-bulletins/quarterly-bulletin-q2-2025
25b832c1f976bdb7ed18c139300bb1ef5ad33e7c3a9ecd7bf47b6fbaf2d87a88,CSV,863,documents,,,files\www.centralbank.ie\_long\a30743fb7bd0667155031dc5\figure-2__q-2dc706bd94__u-a30743fb7bd0.csv,https://www.centralbank.ie/docs/default-source/publications/quarterly-bulletins/qb-2-2025/figure-2.csv?sfvrsn=3e3d681a_1,1,https://www.centralbank.ie/docs/default-source/publications/quarterly-bulletins/qb-2-2025/figure-2.csv?sfvrsn=3e3d681a_1,https://www.centralbank.ie/publication/quarterly-bulletins/quarterly-bulletin-q2-2025
31e832b15bf7a8a9279067796b544382f07e2996cfa984d74e7415f057d2bbef,CSV,525,documents,,,files\www.centralbank.ie\_long\f8f96bead86dcdad1beae315\figure-20__q-ea69a8a431__u-f8f96bead86d.csv,https://www.centralbank.ie/docs/default-source/publications/quarterly-bulletins/qb-2-2025/figure-20.csv?sfvrsn=ce3d681a_1,1,https://www.centralbank.ie/docs/default-source/publications/quarterly-bulletins/qb-2-2025/figure-20.csv?sfvrsn=ce3d681a_1,https://www.centralbank.ie/publication/quarterly-bulletins/quarterly-bulletin-q2-2025
18d6a33fe28022851c8a54dbcef3e16125917ef1853f1ca9b2266b1533b2fe52,CSV,783,documents,,,files\www.centralbank.ie\_long\97c1d968e188b39dac5fc242\figure-21__q-9c752365b6__u-97c1d968e188.csv,https://www.centralbank.ie/docs/default-source/publications/quarterly-bulletins/qb-2-2025/figure-21.csv?sfvrsn=123d681a_1,1,https://www.centralbank.ie/docs/default-source/publications/quarterly-bulletins/qb-2-2025/figure-21.csv?sfvrsn=123d681a_1,https://www.centralbank.ie/publication/quarterly-bulletins/quarterly-bulletin-q2-2025
b58513e02ba92dfea8569a2bc78cf247b237f81aca54efdddf94f559f1b371b0,CSV,424,documents,,,files\www.centralbank.ie\_long\1487e2e55d921daec4fa5280\figure-22__q-24208ff71d__u-1487e2e55d92.csv,https://www.centralbank.ie/docs/default-source/publications/quarterly-bulletins/qb-2-2025/figure-22.csv?sfvrsn=e73d681a_1,1,https://www.centralbank.ie/docs/default-source/publications/quarterly-bulletins/qb-2-2025/figure-22.csv?sfvrsn=e73d681a_1,https://www.centralbank.ie/publication/quarterly-bulletins/quarterly-bulletin-q2-2025
75c8567668b2ff27b9c21966d5b1949dacc8f523611532658a97e01d3794cd19,CSV,118,documents,,,files\www.centralbank.ie\_long\4b8da5764e5c98b58dd7a7e4\figure-23__q-d559144ec0__u-4b8da5764e5c.csv,https://www.centralbank.ie/docs/default-source/publications/quarterly-bulletins/qb-2-2025/figure-23.csv?sfvrsn=ed3d681a_1,1,https://www.centralbank.ie/docs/default-source/publications/quarterly-bulletins/qb-2-2025/figure-23.csv?sfvrsn=ed3d681a_1,https://www.centralbank.ie/publication/quarterly-bulletins/quarterly-bulletin-q2-2025
c074f93445f095cda1ea76f81a4bfde8bce9783541f1aa6865cc205e9840e936,CSV,121,documents,,,files\www.centralbank.ie\_long\5aad2c326382f6f251aec34d\figure-24__q-3e1e8f44cd__u-5aad2c326382.csv,https://www.centralbank.ie/docs/default-source/publications/quarterly-bulletins/qb-2-2025/figure-24.csv?sfvrsn=f73d681a_1,1,https://www.centralbank.ie/docs/default-source/publications/quarterly-bulletins/qb-2-2025/figure-24.csv?sfvrsn=f73d681a_1,https://www.centralbank.ie/publication/quarterly-bulletins/quarterly-bulletin-q2-2025
be1bf3d5fa60db05848ecb9d7af68c3040c2538ba2809b1443beb7b3463e20d9,CSV,124,documents,,,files\www.centralbank.ie\_long\8cbee946d7793464d667719b\figure-25__q-71fd910b1d__u-8cbee946d779.csv,https://www.centralbank.ie/docs/default-source/publications/quarterly-bulletins/qb-2-2025/figure-25.csv?sfvrsn=3e3c681a_1,1,https://www.centralbank.ie/docs/default-source/publications/quarterly-bulletins/qb-2-2025/figure-25.csv?sfvrsn=3e3c681a_1,https://www.centralbank.ie/publication/quarterly-bulletins/quarterly-bulletin-q2-2025
d7bb16e031e15caf17cd1349d391701fbc4efb70a9f28f9afdbaa40efe71d9bf,CSV,1631,documents,,,files\www.centralbank.ie\_long\e3a35b46a219678da4449b15\figure-3__q-c96d63103b__u-e3a35b46a219.csv,https://www.centralbank.ie/docs/default-source/publications/quarterly-bulletins/qb-2-2025/figure-3.csv?sfvrsn=943d681a_1,1,https://www.centralbank.ie/docs/default-source/publications/quarterly-bulletins/qb-2-2025/figure-3.csv?sfvrsn=943d681a_1,https://www.centralbank.ie/publication/quarterly-bulletins/quarterly-bulletin-q2-2025
9f88b78eacd46a1db5ed34b9e64b7c69e4647e3b7bb1186d120860d3d9b10a2c,CSV,3562,documents,,,files\www.centralbank.ie\_long\366a7aed77139208c475eae6\figure-4__q-dfbbc5ae9d__u-366a7aed7713.csv,https://www.centralbank.ie/docs/default-source/publications/quarterly-bulletins/qb-2-2025/figure-4.csv?sfvrsn=383c681a_1,1,https://www.centralbank.ie/docs/default-source/publications/quarterly-bulletins/qb-2-2025/figure-4.csv?sfvrsn=383c681a_1,https://www.centralbank.ie/publication/quarterly-bulletins/quarterly-bulletin-q2-2025
845e68d2c8e6d5c58edcba70aff92833158dd709de23f72b802eea0068301e85,CSV,563,documents,,,files\www.centralbank.ie\_long\3b01b57a89b6181ef79edfb8\figure-5__q-f768864856__u-3b01b57a89b6.csv,https://www.centralbank.ie/docs/default-source/publications/quarterly-bulletins/qb-2-2025/figure-5.csv?sfvrsn=bf3d681a_1,1,https://www.centralbank.ie/docs/default-source/publications/quarterly-bulletins/qb-2-2025/figure-5.csv?sfvrsn=bf3d681a_1,https://www.centralbank.ie/publication/quarterly-bulletins/quarterly-bulletin-q2-2025
f97ee8acaab1e4d21516363688b1f9d4d3c09857004349682c503161e7cfa751,CSV,542,documents,,,files\www.centralbank.ie\_long\50de54319c8a993a24d999bc\figure-6__q-c81c52a518__u-50de54319c8a.csv,https://www.centralbank.ie/docs/default-source/publications/quarterly-bulletins/qb-2-2025/figure-6.csv?sfvrsn=4b3c681a_1,1,https://www.centralbank.ie/docs/default-source/publications/quarterly-bulletins/qb-2-2025/figure-6.csv?sfvrsn=4b3c681a_1,https://www.centralbank.ie/publication/quarterly-bulletins/quarterly-bulletin-q2-2025
8eb46c0e29d5a00f7fa2d17946ac8cf8202cd9ca0e95a0d67f54d10aed0d2979,CSV,1212,documents,,,files\www.centralbank.ie\_long\6543d37578ab1471d57160c2\figure-7__q-ae450e9aa5__u-6543d37578ab.csv,https://www.centralbank.ie/docs/default-source/publications/quarterly-bulletins/qb-2-2025/figure-7.csv?sfvrsn=5d3c681a_1,1,https://www.centralbank.ie/docs/default-source/publications/quarterly-bulletins/qb-2-2025/figure-7.csv?sfvrsn=5d3c681a_1,https://www.centralbank.ie/publication/quarterly-bulletins/quarterly-bulletin-q2-2025
af157ba25e4f36827540d88e5dfd3b520c1bb88d39a471bef4b7fb96da1467a9,CSV,1941,documents,,,files\www.centralbank.ie\_long\c2c7ace444bf29e10eeaaa0e\figure-8__q-7e12b573d6__u-c2c7ace444bf.csv,https://www.centralbank.ie/docs/default-source/publications/quarterly-bulletins/qb-2-2025/figure-8.csv?sfvrsn=6f3c681a_1,1,https://www.centralbank.ie/docs/default-source/publications/quarterly-bulletins/qb-2-2025/figure-8.csv?sfvrsn=6f3c681a_1,https://www.centralbank.ie/publication/quarterly-bulletins/quarterly-bulletin-q2-2025
9e38dd9b3a92a4ccb4ee26e60a7f1fa5f3b603863a5b0da9b8c7a9da5b30984a,CSV,801,documents,,,files\www.centralbank.ie\_long\806a9822fc7944d629aa35a2\figure-1__q-41ace3c5c0__u-806a9822fc79.csv,https://www.centralbank.ie/docs/default-source/publications/quarterly-bulletins/quarterly-bulletin-3-csvs/figure-1.csv?sfvrsn=97596e1a_1,1,https://www.centralbank.ie/docs/default-source/publications/quarterly-bulletins/quarterly-bulletin-3-csvs/figure-1.csv?sfvrsn=97596e1a_1,https://www.centralbank.ie/publication/quarterly-bulletins/quarterly-bulletin-q3-2025
23336825a6cc2769a3785111e22cdb1621a60c5fc7df93a8c7c057d4d5e573c0,CSV,1171,documents,,,files\www.centralbank.ie\_long\086f1cabc1041b3661534dac\figure-10__q-84c465066a__u-086f1cabc104.csv,https://www.centralbank.ie/docs/default-source/publications/quarterly-bulletins/quarterly-bulletin-3-csvs/figure-10.csv?sfvrsn=bc5a6e1a_1,1,https://www.centralbank.ie/docs/default-source/publications/quarterly-bulletins/quarterly-bulletin-3-csvs/figure-10.csv?sfvrsn=bc5a6e1a_1,https://www.centralbank.ie/publication/quarterly-bulletins/quarterly-bulletin-q3-2025
be0b9bfcba9c4f3d7adbd2df1bd8ebb8c3cb6db45dcc2526db17dcc8f1f22ef1,CSV,486,documents,,,files\www.centralbank.ie\_long\0fa89e9b7631643e723673f6\figure-11__q-fc04a0bf2a__u-0fa89e9b7631.csv,https://www.centralbank.ie/docs/default-source/publications/quarterly-bulletins/quarterly-bulletin-3-csvs/figure-11.csv?sfvrsn=ab5a6e1a_1,1,https://www.centralbank.ie/docs/default-source/publications/quarterly-bulletins/quarterly-bulletin-3-csvs/figure-11.csv?sfvrsn=ab5a6e1a_1,https://www.centralbank.ie/publication/quarterly-bulletins/quarterly-bulletin-q3-2025
64345c001e1a038c0739c4d9ccaa29b2a52e9c9335fb7c98fe564810f52be985,CSV,582,documents,,,files\www.centralbank.ie\_long\494e442e89ddca32b058ee6e\figure-12__q-171ee436ed__u-494e442e89dd.csv,https://www.centralbank.ie/docs/default-source/publications/quarterly-bulletins/quarterly-bulletin-3-csvs/figure-12.csv?sfvrsn=905a6e1a_1,1,https://www.centralbank.ie/docs/default-source/publications/quarterly-bulletins/quarterly-bulletin-3-csvs/figure-12.csv?sfvrsn=905a6e1a_1,https://www.centralbank.ie/publication/quarterly-bulletins/quarterly-bulletin-q3-2025
ded3f4dfdfbdedd697602a17da7b6c671bb5716c427a4a8c74af81782771f138,CSV,4548,documents,,,files\www.centralbank.ie\_long\1ff368ccf720b6033a106ab9\figure-13__q-4c8eb752a5__u-1ff368ccf720.csv,https://www.centralbank.ie/docs/default-source/publications/quarterly-bulletins/quarterly-bulletin-3-csvs/figure-13.csv?sfvrsn=845a6e1a_1,1,https://www.centralbank.ie/docs/default-source/publications/quarterly-bulletins/quarterly-bulletin-3-csvs/figure-13.csv?sfvrsn=845a6e1a_1,https://www.centralbank.ie/publication/quarterly-bulletins/quarterly-bulletin-q3-2025
f08b495491fc13d22d9eca027aa022f7c27472b112da39c715d5829b6dd96ac2,CSV,7574,documents,,,files\www.centralbank.ie\_long\840f80508b95e083bd4e5c2a\figure-14__q-ffb4b19821__u-840f80508b95.csv,https://www.centralbank.ie/docs/default-source/publications/quarterly-bulletins/quarterly-bulletin-3-csvs/figure-14.csv?sfvrsn=da5a6e1a_1,1,https://www.centralbank.ie/docs/default-source/publications/quarterly-bulletins/quarterly-bulletin-3-csvs/figure-14.csv?sfvrsn=da5a6e1a_1,https://www.centralbank.ie/publication/quarterly-bulletins/quarterly-bulletin-q3-2025
bee8536f071f5986eaea4cafe8629285c7d54f6409902b5dc16548c07a36dc25,CSV,1660,documents,,,files\www.centralbank.ie\_long\857f42e1b6205e1e204d89b1\figure-15__q-0ac610ae0c__u-857f42e1b620.csv,https://www.centralbank.ie/docs/default-source/publications/quarterly-bulletins/quarterly-bulletin-3-csvs/figure-15.csv?sfvrsn=ed586e1a_1,1,https://www.centralbank.ie/docs/default-source/publications/quarterly-bulletins/quarterly-bulletin-3-csvs/figure-15.csv?sfvrsn=ed586e1a_1,https://www.centralbank.ie/publication/quarterly-bulletins/quarterly-bulletin-q3-2025
5cc37baffe4812f4272ecb2072912e9f79dbc8100068b7224d21ca720af3533b,CSV,228,documents,,,files\www.centralbank.ie\_long\da794f23522a5e867e21add3\figure-16__q-f0c3c89cb5__u-da794f23522a.csv,https://www.centralbank.ie/docs/default-source/publications/quarterly-bulletins/quarterly-bulletin-3-csvs/figure-16.csv?sfvrsn=ee586e1a_1,1,https://www.centralbank.ie/docs/default-source/publications/quarterly-bulletins/quarterly-bulletin-3-csvs/figure-16.csv?sfvrsn=ee586e1a_1,https://www.centralbank.ie/publication/quarterly-bulletins/quarterly-bulletin-q3-2025
f64a3cadc5b45285339e759ad8024e688d271cb13763d8aa43dcda4a8a69948a,CSV,3273,documents,,,files\www.centralbank.ie\_long\a0ad28aaeccd907835be2014\figure-17__q-70457831bc__u-a0ad28aaeccd.csv,https://www.centralbank.ie/docs/default-source/publications/quarterly-bulletins/quarterly-bulletin-3-csvs/figure-17.csv?sfvrsn=d8586e1a_1,1,https://www.centralbank.ie/docs/default-source/publications/quarterly-bulletins/quarterly-bulletin-3-csvs/figure-17.csv?sfvrsn=d8586e1a_1,https://www.centralbank.ie/publication/quarterly-bulletins/quarterly-bulletin-q3-2025
6a85c33660d83080e94fb4b3d0d23fae15d28d5a0768a52adf40bf4f38e57b53,CSV,364,documents,,,files\www.centralbank.ie\_long\8a7c0f0f1173d60bd59f66ee\figure-18__q-60c9db0ada__u-8a7c0f0f1173.csv,https://www.centralbank.ie/docs/default-source/publications/quarterly-bulletins/quarterly-bulletin-3-csvs/figure-18.csv?sfvrsn=cf586e1a_1,1,https://www.centralbank.ie/docs/default-source/publications/quarterly-bulletins/quarterly-bulletin-3-csvs/figure-18.csv?sfvrsn=cf586e1a_1,https://www.centralbank.ie/publication/quarterly-bulletins/quarterly-bulletin-q3-2025
221087b84e367366d66897346dc907f44a0d8543603e82e281ac9fcd3e2aaad3,CSV,1992,documents,,,files\www.centralbank.ie\_long\7b331a56c4e45d0351156cd6\figure-19__q-882eba7703__u-7b331a56c4e4.csv,https://www.centralbank.ie/docs/default-source/publications/quarterly-bulletins/quarterly-bulletin-3-csvs/figure-19.csv?sfvrsn=c4586e1a_1,1,https://www.centralbank.ie/docs/default-source/publications/quarterly-bulletins/quarterly-bulletin-3-csvs/figure-19.csv?sfvrsn=c4586e1a_1,https://www.centralbank.ie/publication/quarterly-bulletins/quarterly-bulletin-q3-2025
0032c47d3db62e40d5f1a3667b5f383b4ca60d9a0b36cc71e0d7cfe2e05044ae,CSV,3230,documents,,,files\www.centralbank.ie\_long\be800794019caafd0a0778f0\figure-2__q-240399db7b__u-be800794019c.csv,https://www.centralbank.ie/docs/default-source/publications/quarterly-bulletins/quarterly-bulletin-3-csvs/figure-2.csv?sfvrsn=f6596e1a_1,1,https://www.centralbank.ie/docs/default-source/publications/quarterly-bulletins/quarterly-bulletin-3-csvs/figure-2.csv?sfvrsn=f6596e1a_1,https://www.centralbank.ie/publication/quarterly-bulletins/quarterly-bulletin-q3-2025
ab95a31dc974990832124d7e071a47fed0c1b3b0897386265870abaad782022e,CSV,487,documents,,,files\www.centralbank.ie\_long\80173b54b12ee574aa831855\figure-20__q-dc59bcf2e3__u-80173b54b12e.csv,https://www.centralbank.ie/docs/default-source/publications/quarterly-bulletins/quarterly-bulletin-3-csvs/figure-20.csv?sfvrsn=23586e1a_1,1,https://www.centralbank.ie/docs/default-source/publications/quarterly-bulletins/quarterly-bulletin-3-csvs/figure-20.csv?sfvrsn=23586e1a_1,https://www.centralbank.ie/publication/quarterly-bulletins/quarterly-bulletin-q3-2025
95bc02ebac02781943aadf35afa78e0f3458621577c3da2e5e0aa267e518b24c,CSV,177,documents,,,files\www.centralbank.ie\_long\f8123ca04b670af4bbaaba11\figure-21__q-28df680e5b__u-f8123ca04b67.csv,https://www.centralbank.ie/docs/default-source/publications/quarterly-bulletins/quarterly-bulletin-3-csvs/figure-21.csv?sfvrsn=586e1a_1,1,https://www.centralbank.ie/docs/default-source/publications/quarterly-bulletins/quarterly-bulletin-3-csvs/figure-21.csv?sfvrsn=586e1a_1,https://www.centralbank.ie/publication/quarterly-bulletins/quarterly-bulletin-q3-2025
b6d8e23c96957ecb7f3dbc9df59e2ca30688fa071af9bb54d4628f428a281a9d,CSV,222,documents,,,files\www.centralbank.ie\_long\9ff2a27d41f9683b4a666cd9\figure-22__q-bc660e805c__u-9ff2a27d41f9.csv,https://www.centralbank.ie/docs/default-source/publications/quarterly-bulletins/quarterly-bulletin-3-csvs/figure-22.csv?sfvrsn=77586e1a_1,1,https://www.centralbank.ie/docs/default-source/publications/quarterly-bulletins/quarterly-bulletin-3-csvs/figure-22.csv?sfvrsn=77586e1a_1,https://www.centralbank.ie/publication/quarterly-bulletins/quarterly-bulletin-q3-2025
882bf0dffd6defd7e5613d75b1d6bbe858515615efbfe190add0beee9ce0a625,CSV,1073,documents,,,files\www.centralbank.ie\_long\51c70411249103961cd9f780\figure-23__q-c7f40b1e4c__u-51c704112491.csv,https://www.centralbank.ie/docs/default-source/publications/quarterly-bulletins/quarterly-bulletin-3-csvs/figure-23.csv?sfvrsn=53586e1a_1,1,https://www.centralbank.ie/docs/default-source/publications/quarterly-bulletins/quarterly-bulletin-3-csvs/figure-23.csv?sfvrsn=53586e1a_1,https://www.centralbank.ie/publication/quarterly-bulletins/quarterly-bulletin-q3-2025
3f90e8f0d4fbb960179146ccf7a440d8f9be29aa1ad678ea90d97b3cf3eb4e51,CSV,192,documents,,,files\www.centralbank.ie\_long\e18fa0c1e04abb9c344d1ae6\figure-24__q-db898e0ea5__u-e18fa0c1e04a.csv,https://www.centralbank.ie/docs/default-source/publications/quarterly-bulletins/quarterly-bulletin-3-csvs/figure-24.csv?sfvrsn=b0596e1a_1,1,https://www.centralbank.ie/docs/default-source/publications/quarterly-bulletins/quarterly-bulletin-3-csvs/figure-24.csv?sfvrsn=b0596e1a_1,https://www.centralbank.ie/publication/quarterly-bulletins/quarterly-bulletin-q3-2025
d26435f2d61e7b173ae757ac28a4ae3d08d4e2a32b7f9db7137d198d8de8f18e,CSV,3701,documents,,,files\www.centralbank.ie\_long\31780936c1a0f7fb9e186dc4\figure-3__q-80a8a55a48__u-31780936c1a0.csv,https://www.centralbank.ie/docs/default-source/publications/quarterly-bulletins/quarterly-bulletin-3-csvs/figure-3.csv?sfvrsn=d9596e1a_1,1,https://www.centralbank.ie/docs/default-source/publications/quarterly-bulletins/quarterly-bulletin-3-csvs/figure-3.csv?sfvrsn=d9596e1a_1,https://www.centralbank.ie/publication/quarterly-bulletins/quarterly-bulletin-q3-2025
07ae57fcd6f5e19e90d4549fd5671f16ce2b94d4d9332f52eb3397ff3880a79a,CSV,358,documents,,,files\www.centralbank.ie\_long\4c02f03c7eede7d20c8407cc\figure-4__q-059ae6365e__u-4c02f03c7eed.csv,https://www.centralbank.ie/docs/default-source/publications/quarterly-bulletins/quarterly-bulletin-3-csvs/figure-4.csv?sfvrsn=ce596e1a_1,1,https://www.centralbank.ie/docs/default-source/publications/quarterly-bulletins/quarterly-bulletin-3-csvs/figure-4.csv?sfvrsn=ce596e1a_1,https://www.centralbank.ie/publication/quarterly-bulletins/quarterly-bulletin-q3-2025
54faa5249a40dbc27df9f142a50218595ef347a831883c575f9bd8adff6bae2b,CSV,221,documents,,,files\www.centralbank.ie\_long\f9ef996cd48b030fe7734404\figure-5__q-74e5c94f6c__u-f9ef996cd48b.csv,https://www.centralbank.ie/docs/default-source/publications/quarterly-bulletins/quarterly-bulletin-3-csvs/figure-5.csv?sfvrsn=c3596e1a_1,1,https://www.centralbank.ie/docs/default-source/publications/quarterly-bulletins/quarterly-bulletin-3-csvs/figure-5.csv?sfvrsn=c3596e1a_1,https://www.centralbank.ie/publication/quarterly-bulletins/quarterly-bulletin-q3-2025
37a036ca4f85935935cb69c606d8bbc9d3ef48b0ff63eb63fcf08b62ca456da8,CSV,22590,documents,,,files\www.centralbank.ie\_long\5ebfa17b540a1e04ff91830f\figure-6__q-44d458f75e__u-5ebfa17b540a.csv,https://www.centralbank.ie/docs/default-source/publications/quarterly-bulletins/quarterly-bulletin-3-csvs/figure-6.csv?sfvrsn=33596e1a_1,1,https://www.centralbank.ie/docs/default-source/publications/quarterly-bulletins/quarterly-bulletin-3-csvs/figure-6.csv?sfvrsn=33596e1a_1,https://www.centralbank.ie/publication/quarterly-bulletins/quarterly-bulletin-q3-2025
26c40745957d08e6ea713b9991667268c913dc7bc05c10755615f619e20cee48,CSV,415,documents,,,files\www.centralbank.ie\_long\200a255416782441860400c6\figure-7__q-7406f8f192__u-200a25541678.csv,https://www.centralbank.ie/docs/default-source/publications/quarterly-bulletins/quarterly-bulletin-3-csvs/figure-7.csv?sfvrsn=15596e1a_2,1,https://www.centralbank.ie/docs/default-source/publications/quarterly-bulletins/quarterly-bulletin-3-csvs/figure-7.csv?sfvrsn=15596e1a_2,https://www.centralbank.ie/publication/quarterly-bulletins/quarterly-bulletin-q3-2025
426a54c8b63c2e801d413eb2c07051f693533a673297e2d6fce24606c98a39b8,CSV,280,documents,,,files\www.centralbank.ie\_long\f11399220c46d2a5e69cffe5\figure-8__q-c65d550db4__u-f11399220c46.csv,https://www.centralbank.ie/docs/default-source/publications/quarterly-bulletins/quarterly-bulletin-3-csvs/figure-8.csv?sfvrsn=1596e1a_1,1,https://www.centralbank.ie/docs/default-source/publications/quarterly-bulletins/quarterly-bulletin-3-csvs/figure-8.csv?sfvrsn=1596e1a_1,https://www.centralbank.ie/publication/quarterly-bulletins/quarterly-bulletin-q3-2025
c10f3117b6e1a7d68fced29ad4c8e181ba0263d32e3878fe3b3a2dc2edf69f68,CSV,2258,documents,,,files\www.centralbank.ie\_long\600fee1e2297694d11d5b97b\figure-9__q-d20547c150__u-600fee1e2297.csv,https://www.centralbank.ie/docs/default-source/publications/quarterly-bulletins/quarterly-bulletin-3-csvs/figure-9.csv?sfvrsn=61596e1a_1,1,https://www.centralbank.ie/docs/default-source/publications/quarterly-bulletins/quarterly-bulletin-3-csvs/figure-9.csv?sfvrsn=61596e1a_1,https://www.centralbank.ie/publication/quarterly-bulletins/quarterly-bulletin-q3-2025
374cdb8b49394d9bb81e6e9f4322712d82cbfa9aa36be4d2596a59a427240bf4,CSV,6293,documents,,,files\www.centralbank.ie\_long\b5101009c202c56b0501fcb0\figure-a1__q-f8c333df82__u-b5101009c202.csv,https://www.centralbank.ie/docs/default-source/publications/quarterly-bulletins/quarterly-bulletin-3-csvs/figure-a1.csv?sfvrsn=67756e1a_1,1,https://www.centralbank.ie/docs/default-source/publications/quarterly-bulletins/quarterly-bulletin-3-csvs/figure-a1.csv?sfvrsn=67756e1a_1,https://www.centralbank.ie/publication/quarterly-bulletins/quarterly-bulletin-q3-2025
c51db652bc350f1b35ae2e5da9ecc9190cf3a9ec8b7b2c576fded77d6e5b7c72,CSV,489,documents,,,files\www.centralbank.ie\_long\272b87a7c9fd932c9d2e9bc6\figure-a2__q-968a29e2c0__u-272b87a7c9fd.csv,https://www.centralbank.ie/docs/default-source/publications/quarterly-bulletins/quarterly-bulletin-3-csvs/figure-a2.csv?sfvrsn=47756e1a_1,1,https://www.centralbank.ie/docs/default-source/publications/quarterly-bulletins/quarterly-bulletin-3-csvs/figure-a2.csv?sfvrsn=47756e1a_1,https://www.centralbank.ie/publication/quarterly-bulletins/quarterly-bulletin-q3-2025
58552b439fd3e7e69312475bf83346f9052e869be45a85b47cfed3684900f5be,CSV,1624,documents,,,files\www.centralbank.ie\_long\74b81ccf3ccedf088373e21d\figure-a3__q-8b4f2e354f__u-74b81ccf3cce.csv,https://www.centralbank.ie/docs/default-source/publications/quarterly-bulletins/quarterly-bulletin-3-csvs/figure-a3.csv?sfvrsn=b8766e1a_1,1,https://www.centralbank.ie/docs/default-source/publications/quarterly-bulletins/quarterly-bulletin-3-csvs/figure-a3.csv?sfvrsn=b8766e1a_1,https://www.centralbank.ie/publication/quarterly-bulletins/quarterly-bulletin-q3-2025
76afba868c051f93ac86e468b7a550aefbbc1d86c101162a7372fc308b95def6,CSV,313,documents,,,files\www.centralbank.ie\_long\04ca915fb685d5bbf2a2b3bf\figure-a4__q-8f1c4eb88e__u-04ca915fb685.csv,https://www.centralbank.ie/docs/default-source/publications/quarterly-bulletins/quarterly-bulletin-3-csvs/figure-a4.csv?sfvrsn=a2766e1a_1,1,https://www.centralbank.ie/docs/default-source/publications/quarterly-bulletins/quarterly-bulletin-3-csvs/figure-a4.csv?sfvrsn=a2766e1a_1,https://www.centralbank.ie/publication/quarterly-bulletins/quarterly-bulletin-q3-2025
cbabbf8ef394ae700a4b3889201b3ae7c96a8a04d3c851f2a7020354b2a98885,CSV,438,documents,,,files\www.centralbank.ie\_long\06bfae16e57698f3c0ad46d8\figure-b1__q-dfa6496272__u-06bfae16e576.csv,https://www.centralbank.ie/docs/default-source/publications/quarterly-bulletins/quarterly-bulletin-3-csvs/figure-b1.csv?sfvrsn=dc756e1a_1,1,https://www.centralbank.ie/docs/default-source/publications/quarterly-bulletins/quarterly-bulletin-3-csvs/figure-b1.csv?sfvrsn=dc756e1a_1,https://www.centralbank.ie/publication/quarterly-bulletins/quarterly-bulletin-q3-2025
54fe41f209b8a1d9f97726acb9b2def60d93bcb05a8e48e2b38783322aa5fddf,CSV,386,documents,,,files\www.centralbank.ie\_long\d4ed94298addb6e28415db64\figure-b2__q-ce8e0a10aa__u-d4ed94298add.csv,https://www.centralbank.ie/docs/default-source/publications/quarterly-bulletins/quarterly-bulletin-3-csvs/figure-b2.csv?sfvrsn=d2756e1a_1,1,https://www.centralbank.ie/docs/default-source/publications/quarterly-bulletins/quarterly-bulletin-3-csvs/figure-b2.csv?sfvrsn=d2756e1a_1,https://www.centralbank.ie/publication/quarterly-bulletins/quarterly-bulletin-q3-2025
be5228e5cf12c611969c9c6c0ba831598b73e6ad7cb47c270fd90edeffea6af8,CSV,4515,documents,,,files\www.centralbank.ie\_long\e68fa72fca3cdcd5aa91b0fb\figure-b3__q-5b63b6933c__u-e68fa72fca3c.csv,https://www.centralbank.ie/docs/default-source/publications/quarterly-bulletins/quarterly-bulletin-3-csvs/figure-b3.csv?sfvrsn=c0756e1a_1,1,https://www.centralbank.ie/docs/default-source/publications/quarterly-bulletins/quarterly-bulletin-3-csvs/figure-b3.csv?sfvrsn=c0756e1a_1,https://www.centralbank.ie/publication/quarterly-bulletins/quarterly-bulletin-q3-2025
fdc0d508282d09a06e1dd190d6bcc0c9b8abd913865b340d65a02d778c657742,CSV,4547,documents,,,files\www.centralbank.ie\_long\994c09a8cf39dde62165424a\figure-b4__q-179007fce6__u-994c09a8cf39.csv,https://www.centralbank.ie/docs/default-source/publications/quarterly-bulletins/quarterly-bulletin-3-csvs/figure-b4.csv?sfvrsn=3c756e1a_1,1,https://www.centralbank.ie/docs/default-source/publications/quarterly-bulletins/quarterly-bulletin-3-csvs/figure-b4.csv?sfvrsn=3c756e1a_1,https://www.centralbank.ie/publication/quarterly-bulletins/quarterly-bulletin-q3-2025
56e5028b2c0c9d68eca4275d16534aa0abe510e9f6e4a66df1c4d65b3a18fca7,CSV,384,documents,,,files\www.centralbank.ie\_long\a2bb86bbb0999c2cb64173f5\figure-b5__q-e5feb3ab50__u-a2bb86bbb099.csv,https://www.centralbank.ie/docs/default-source/publications/quarterly-bulletins/quarterly-bulletin-3-csvs/figure-b5.csv?sfvrsn=14756e1a_1,1,https://www.centralbank.ie/docs/default-source/publications/quarterly-bulletins/quarterly-bulletin-3-csvs/figure-b5.csv?sfvrsn=14756e1a_1,https://www.centralbank.ie/publication/quarterly-bulletins/quarterly-bulletin-q3-2025
5c18adda6756ee60ae39ca4d18e81cbedab2b4d88e9350f11abc6e4b881f13df,CSV,383,documents,,,files\www.centralbank.ie\_long\7641158b25c8425be540d88a\figure-b6__q-b4ad342856__u-7641158b25c8.csv,https://www.centralbank.ie/docs/default-source/publications/quarterly-bulletins/quarterly-bulletin-3-csvs/figure-b6.csv?sfvrsn=2756e1a_1,1,https://www.centralbank.ie/docs/default-source/publications/quarterly-bulletins/quarterly-bulletin-3-csvs/figure-b6.csv?sfvrsn=2756e1a_1,https://www.centralbank.ie/publication/quarterly-bulletins/quarterly-bulletin-q3-2025
39bef53861e0639d6a1b1e06d4d5e2658da99a9c4473bf931ca1d420a6c25379,CSV,16316829,documents,,,files\www.centralbank.ie\_long\53cfae201ead1d3e6de0d659\data-repository-sfcr-template-information-2018-version-1-1__q.csv,https://www.centralbank.ie/docs/default-source/regulation/industry-market-sectors/insurance-reinsurance/solvency-ii/solvency-and-financial-condition-report-repository/data-repository-sfcr-template-information-2018-version-1-1.csv?download=true&sfvrsn=b3b1821d_6,1,https://www.centralbank.ie/docs/default-source/regulation/industry-market-sectors/insurance-reinsurance/solvency-ii/solvency-and-financial-condition-report-repository/data-repository-sfcr-template-information-2018-version-1-1.csv?download=true&sfvrsn=b3b1821d_6,https://www.centralbank.ie/regulation/industry-market-sectors/insurance-reinsurance/solvency-and-financial-condition-report-repository
218653ea5668861daa4418efbf0efd2ad98a2a6957fc417214b657362c08ecc4,CSV,15874299,documents,,,files\www.centralbank.ie\_long\490a86f57cb8ca97e7361f96\data-repository-sfcr-template-information-2019__q-4afaaf6673_.csv,https://www.centralbank.ie/docs/default-source/regulation/industry-market-sectors/insurance-reinsurance/solvency-ii/solvency-and-financial-condition-report-repository/data-repository-sfcr-template-information-2019.csv?download=true&sfvrsn=aa08b1d_4,1,https://www.centralbank.ie/docs/default-source/regulation/industry-market-sectors/insurance-reinsurance/solvency-ii/solvency-and-financial-condition-report-repository/data-repository-sfcr-template-information-2019.csv?download=true&sfvrsn=aa08b1d_4,https://www.centralbank.ie/regulation/industry-market-sectors/insurance-reinsurance/solvency-and-financial-condition-report-repository
23763663141f37f2010ba0df1b257ce036cb2310c9d92390d042876b8412b536,CSV,15750589,documents,,,files\www.centralbank.ie\_long\07c8ba9d3ca57cdd7cc04657\data-repository-sfcr-template-information-2020-final__q-55026.csv,https://www.centralbank.ie/docs/default-source/regulation/industry-market-sectors/insurance-reinsurance/solvency-ii/solvency-and-financial-condition-report-repository/data-repository-sfcr-template-information-2020-final.csv?download=true&sfvrsn=d9128d1d_2,1,https://www.centralbank.ie/docs/default-source/regulation/industry-market-sectors/insurance-reinsurance/solvency-ii/solvency-and-financial-condition-report-repository/data-repository-sfcr-template-information-2020-final.csv?download=true&sfvrsn=d9128d1d_2,https://www.centralbank.ie/regulation/industry-market-sectors/insurance-reinsurance/solvency-and-financial-condition-report-repository
0cf55cae4554e9a290720e9cbcc55452e86cb207b226ae3548539d6d716dd541,CSV,15968441,documents,,,files\www.centralbank.ie\_long\947fe30047368ca8a5b87ec1\data-repository-sfcr-template-information-2021__q-2a5c15d06b_.csv,https://www.centralbank.ie/docs/default-source/regulation/industry-market-sectors/insurance-reinsurance/solvency-ii/solvency-and-financial-condition-report-repository/data-repository-sfcr-template-information-2021.csv?download=true&sfvrsn=d2a5941d_1,1,https://www.centralbank.ie/docs/default-source/regulation/industry-market-sectors/insurance-reinsurance/solvency-ii/solvency-and-financial-condition-report-repository/data-repository-sfcr-template-information-2021.csv?download=true&sfvrsn=d2a5941d_1,https://www.centralbank.ie/regulation/industry-market-sectors/insurance-reinsurance/solvency-and-financial-condition-report-repository
b929c25f7890eb5488d1019dc10abf644a349b17de2ae91657b63cf8bf2efeb4,CSV,16193722,documents,,,files\www.centralbank.ie\_long\48f0d984c9c3d55e0f1ce749\data-repository-sfcr-template-information-2022__q-0cf05c67e8_.csv,https://www.centralbank.ie/docs/default-source/regulation/industry-market-sectors/insurance-reinsurance/solvency-ii/solvency-and-financial-condition-report-repository/data-repository-sfcr-template-information-2022.csv?download=true&sfvrsn=a1aa9c1d_1,1,https://www.centralbank.ie/docs/default-source/regulation/industry-market-sectors/insurance-reinsurance/solvency-ii/solvency-and-financial-condition-report-repository/data-repository-sfcr-template-information-2022.csv?download=true&sfvrsn=a1aa9c1d_1,https://www.centralbank.ie/regulation/industry-market-sectors/insurance-reinsurance/solvency-and-financial-condition-report-repository
7082afed23e5fe62fa9a9dd12947050b20d90f7c592dd483ba8cfcdf4108a56e,CSV,13116301,documents,,,files\www.centralbank.ie\_long\2b3595d0a55244b10b1e1f48\data-repository-sfcr-template-information-2023__q-1236a55af5_.csv,https://www.centralbank.ie/docs/default-source/regulation/industry-market-sectors/insurance-reinsurance/solvency-ii/solvency-and-financial-condition-report-repository/data-repository-sfcr-template-information-2023.csv?download=true&sfvrsn=dbe4671a_1,1,https://www.centralbank.ie/docs/default-source/regulation/industry-market-sectors/insurance-reinsurance/solvency-ii/solvency-and-financial-condition-report-repository/data-repository-sfcr-template-information-2023.csv?download=true&sfvrsn=dbe4671a_1,https://www.centralbank.ie/regulation/industry-market-sectors/insurance-reinsurance/solvency-and-financial-condition-report-repository
02d4cf86a7da56cc8be72c4e3df0a37ca604d3dc211fecf7e89024d423bf113c,CSV,544,documents,,,files\www.centralbank.ie\_long\294338075e92dcf281d13fbd\figure1__q-1c7d807d37__u-294338075e92.csv,https://www.centralbank.ie/docs/default-source/research-exchange/staff-insights/attitudes-to-digital-euro/figure1.csv?sfvrsn=36a8721a_1,1,https://www.centralbank.ie/docs/default-source/research-exchange/staff-insights/attitudes-to-digital-euro/figure1.csv?sfvrsn=36a8721a_1,https://www.centralbank.ie/publication/research-publications/staff-insights/attitudes-to-the-digital-euro
5f5a9fa1cd4b3ad1700b6724a08707566b3db39001687af19382f2d497fd5874,CSV,923,documents,,,files\www.centralbank.ie\_long\73241302a0bcb1c51bf78e53\figure2__q-626e872c6d__u-73241302a0bc.csv,https://www.centralbank.ie/docs/default-source/research-exchange/staff-insights/attitudes-to-digital-euro/figure2.csv?sfvrsn=7aa8721a_1,1,https://www.centralbank.ie/docs/default-source/research-exchange/staff-insights/attitudes-to-digital-euro/figure2.csv?sfvrsn=7aa8721a_1,https://www.centralbank.ie/publication/research-publications/staff-insights/attitudes-to-the-digital-euro
ba6899478e12a87eafe0b13ff1fb680d6115aca5c314290ce476d9f0f428aeab,CSV,625,documents,,,files\www.centralbank.ie\_long\7e7a99f0c20f08f6a0cae0cc\figure3__q-a74d2c6aa7__u-7e7a99f0c20f.csv,https://www.centralbank.ie/docs/default-source/research-exchange/staff-insights/attitudes-to-digital-euro/figure3.csv?sfvrsn=7fa8721a_1,1,https://www.centralbank.ie/docs/default-source/research-exchange/staff-insights/attitudes-to-digital-euro/figure3.csv?sfvrsn=7fa8721a_1,https://www.centralbank.ie/publication/research-publications/staff-insights/attitudes-to-the-digital-euro
d070f6deb0f6ce18e4cd9d93266aa8cc52b9bed4de491de1186f6b593db9b391,CSV,1093,documents,,,files\www.centralbank.ie\_long\02a810ad8d8c8d2933156d90\figure4__q-27914212b6__u-02a810ad8d8c.csv,https://www.centralbank.ie/docs/default-source/research-exchange/staff-insights/attitudes-to-digital-euro/figure4.csv?sfvrsn=2ba8721a_1,1,https://www.centralbank.ie/docs/default-source/research-exchange/staff-insights/attitudes-to-digital-euro/figure4.csv?sfvrsn=2ba8721a_1,https://www.centralbank.ie/publication/research-publications/staff-insights/attitudes-to-the-digital-euro
a6b5b8f2a29c9d382e199bd6939e118e25449c8e3472ca75bd679d7f14422d36,CSV,780,documents,,,files\www.centralbank.ie\_long\276cda6262c7fe1ad273da57\figure5__q-f458d2b9cd__u-276cda6262c7.csv,https://www.centralbank.ie/docs/default-source/research-exchange/staff-insights/attitudes-to-digital-euro/figure5.csv?sfvrsn=2ca8721a_1,1,https://www.centralbank.ie/docs/default-source/research-exchange/staff-insights/attitudes-to-digital-euro/figure5.csv?sfvrsn=2ca8721a_1,https://www.centralbank.ie/publication/research-publications/staff-insights/attitudes-to-the-digital-euro
50f2ec4f801afebed783245ce57a5ea60cf644775481ec12c639d022ec9b0bf3,CSV,2408,documents,,,files\www.centralbank.ie\_long\78723dbb8463820d3cdcdaa3\figure6__q-2a3815e465__u-78723dbb8463.csv,https://www.centralbank.ie/docs/default-source/research-exchange/staff-insights/attitudes-to-digital-euro/figure6.csv?sfvrsn=21a8721a_1,1,https://www.centralbank.ie/docs/default-source/research-exchange/staff-insights/attitudes-to-digital-euro/figure6.csv?sfvrsn=21a8721a_1,https://www.centralbank.ie/publication/research-publications/staff-insights/attitudes-to-the-digital-euro
ff2a40a5ac505839bf3822555072d69188daa47a51b10a1dd746c0b2919f449d,CSV,611,documents,,,files\www.centralbank.ie\_long\a6900d1f7bc5958962b6508c\figure7__q-111fedb073__u-a6900d1f7bc5.csv,https://www.centralbank.ie/docs/default-source/research-exchange/staff-insights/attitudes-to-digital-euro/figure7.csv?sfvrsn=22a8721a_1,1,https://www.centralbank.ie/docs/default-source/research-exchange/staff-insights/attitudes-to-digital-euro/figure7.csv?sfvrsn=22a8721a_1,https://www.centralbank.ie/publication/research-publications/staff-insights/attitudes-to-the-digital-euro
f6c36451b112ca5af26261582f507a092840d489352d5cc300020ebc4fc1000b,CSV,700,documents,,,files\www.centralbank.ie\_long\c64b7ba6f194335c22fe3f77\figure8__q-f0051e8e9c__u-c64b7ba6f194.csv,https://www.centralbank.ie/docs/default-source/research-exchange/staff-insights/attitudes-to-digital-euro/figure8.csv?sfvrsn=27a8721a_1,1,https://www.centralbank.ie/docs/default-source/research-exchange/staff-insights/attitudes-to-digital-euro/figure8.csv?sfvrsn=27a8721a_1,https://www.centralbank.ie/publication/research-publications/staff-insights/attitudes-to-the-digital-euro
eabfe109861c40fa2ab60864bfef0cb98b0873f5e889724116474c977447d886,CSV,533,documents,,,files\www.centralbank.ie\_long\891578f31f3e96d06e35392d\figure-1__q-78e98b8a8a__u-891578f31f3e.csv,https://www.centralbank.ie/docs/default-source/research-exchange/staff-insights/budgetary-policy/figure-1.csv?sfvrsn=53f56f1a_1,1,https://www.centralbank.ie/docs/default-source/research-exchange/staff-insights/budgetary-policy/figure-1.csv?sfvrsn=53f56f1a_1,https://www.centralbank.ie/publication/research-publications/staff-insights/budgetary-policy-and-the-irish-income-tax-system-since-2011
5a84fc5536e5a696072723d1ea7da55e761e5feb9a4b142641e1c9e3b258761a,CSV,285,documents,,,files\www.centralbank.ie\_long\e0d41850c8a36131d33541e0\figure-2__q-38d989da49__u-e0d41850c8a3.csv,https://www.centralbank.ie/docs/default-source/research-exchange/staff-insights/budgetary-policy/figure-2.csv?sfvrsn=54f56f1a_1,1,https://www.centralbank.ie/docs/default-source/research-exchange/staff-insights/budgetary-policy/figure-2.csv?sfvrsn=54f56f1a_1,https://www.centralbank.ie/publication/research-publications/staff-insights/budgetary-policy-and-the-irish-income-tax-system-since-2011
e6dd46e511df36058098aefb8539da2daf63720c9cab4e88674b96532c8449d8,CSV,317,documents,,,files\www.centralbank.ie\_long\15d21e4dd8250c8de383e6a4\figure-3__q-e92aab4563__u-15d21e4dd825.csv,https://www.centralbank.ie/docs/default-source/research-exchange/staff-insights/budgetary-policy/figure-3.csv?sfvrsn=4df56f1a_1,1,https://www.centralbank.ie/docs/default-source/research-exchange/staff-insights/budgetary-policy/figure-3.csv?sfvrsn=4df56f1a_1,https://www.centralbank.ie/publication/research-publications/staff-insights/budgetary-policy-and-the-irish-income-tax-system-since-2011
d9cfe920a1f204d5fe7f039e61a8eb114346f7c5d70762e1e60de84508d795a3,CSV,521,documents,,,files\www.centralbank.ie\_long\933362d0229592c7399e25fe\figure-4__q-fbf43cac78__u-933362d02295.csv,https://www.centralbank.ie/docs/default-source/research-exchange/staff-insights/budgetary-policy/figure-4.csv?sfvrsn=40f56f1a_1,1,https://www.centralbank.ie/docs/default-source/research-exchange/staff-insights/budgetary-policy/figure-4.csv?sfvrsn=40f56f1a_1,https://www.centralbank.ie/publication/research-publications/staff-insights/budgetary-policy-and-the-irish-income-tax-system-since-2011
09ca91c3181f55f55f01f3007d8bda938e0d981532bf49f63250d0f2186fb20e,CSV,396,documents,,,files\www.centralbank.ie\_long\bd5920560b911098cd79731f\figure-5__q-f35cf0bf86__u-bd5920560b91.csv,https://www.centralbank.ie/docs/default-source/research-exchange/staff-insights/budgetary-policy/figure-5.csv?sfvrsn=bbf66f1a_1,1,https://www.centralbank.ie/docs/default-source/research-exchange/staff-insights/budgetary-policy/figure-5.csv?sfvrsn=bbf66f1a_1,https://www.centralbank.ie/publication/research-publications/staff-insights/budgetary-policy-and-the-irish-income-tax-system-since-2011
e2013195fabae9ca5643cd42dc1bf02eb5727a24e391e3cfc0f3e22845a7975e,CSV,525,documents,,,files\www.centralbank.ie\_long\fa9bf16fe603fbc04e872213\figure-6__q-148dd7ae54__u-fa9bf16fe603.csv,https://www.centralbank.ie/docs/default-source/research-exchange/staff-insights/budgetary-policy/figure-6.csv?sfvrsn=a0f66f1a_1,1,https://www.centralbank.ie/docs/default-source/research-exchange/staff-insights/budgetary-policy/figure-6.csv?sfvrsn=a0f66f1a_1,https://www.centralbank.ie/publication/research-publications/staff-insights/budgetary-policy-and-the-irish-income-tax-system-since-2011
31b2df287d16fd9179c42f0f0bedaadcda99460e18855dc349768beec7f9e37e,CSV,1440,documents,,,files\www.centralbank.ie\_long\8a08f03d0cce7e993cd911c1\fig1c_worldmap_2019__q-133c96ff65__u-8a08f03d0cce.csv,https://www.centralbank.ie/docs/default-source/research-exchange/staff-insights/climate-geography-multinationals/fig1c_worldmap_2019.csv?sfvrsn=da3701a_1,1,https://www.centralbank.ie/docs/default-source/research-exchange/staff-insights/climate-geography-multinationals/fig1c_worldmap_2019.csv?sfvrsn=da3701a_1,https://www.centralbank.ie/publication/research-publications/staff-insights/climate-and-the-geography-of-multinationals
b2bd1c25833b4c3785d66069ccefdf4e3f86d8771d8d614ab8932c025775646b,CSV,784,documents,,,files\www.centralbank.ie\_long\7cc8afc4dee2d301cd97fed6\fig2_fdi_by_country__q-225ac752d8__u-7cc8afc4dee2.csv,https://www.centralbank.ie/docs/default-source/research-exchange/staff-insights/climate-geography-multinationals/fig2_fdi_by_country.csv?sfvrsn=d5a3701a_1,1,https://www.centralbank.ie/docs/default-source/research-exchange/staff-insights/climate-geography-multinationals/fig2_fdi_by_country.csv?sfvrsn=d5a3701a_1,https://www.centralbank.ie/publication/research-publications/staff-insights/climate-and-the-geography-of-multinationals
8abcae72c333c8fe9b121b057c9d062438f959e8b735f4877a68c10d78064549,CSV,873,documents,,,files\www.centralbank.ie\_long\264a7df63e2057d38d78e2d9\fig3_fdi_by_sector__q-679f041877__u-264a7df63e20.csv,https://www.centralbank.ie/docs/default-source/research-exchange/staff-insights/climate-geography-multinationals/fig3_fdi_by_sector.csv?sfvrsn=ea3701a_1,1,https://www.centralbank.ie/docs/default-source/research-exchange/staff-insights/climate-geography-multinationals/fig3_fdi_by_sector.csv?sfvrsn=ea3701a_1,https://www.centralbank.ie/publication/research-publications/staff-insights/climate-and-the-geography-of-multinationals
3fc8782adb8b45d70dafea4a6a326244cfe49308da3e7d4f2129f5e158507ab4,CSV,493,documents,,,files\www.centralbank.ie\_long\1f64880de1c004757e1704d0\fig4_emissions__q-2bf42d7ced__u-1f64880de1c0.csv,https://www.centralbank.ie/docs/default-source/research-exchange/staff-insights/climate-geography-multinationals/fig4_emissions.csv?sfvrsn=d6a3701a_1,1,https://www.centralbank.ie/docs/default-source/research-exchange/staff-insights/climate-geography-multinationals/fig4_emissions.csv?sfvrsn=d6a3701a_1,https://www.centralbank.ie/publication/research-publications/staff-insights/climate-and-the-geography-of-multinationals
b290e8700c94db3d362aeb8541e0f82c3102dee62f1af3a93643b0abd1f1e928,CSV,578,documents,,,files\www.centralbank.ie\_long\364396427f4b47670fe0e733\fig5a_lp_het_assets__q-e3045ec733__u-364396427f4b.csv,https://www.centralbank.ie/docs/default-source/research-exchange/staff-insights/climate-geography-multinationals/fig5a_lp_het_assets.csv?sfvrsn=cba3701a_1,1,https://www.centralbank.ie/docs/default-source/research-exchange/staff-insights/climate-geography-multinationals/fig5a_lp_het_assets.csv?sfvrsn=cba3701a_1,https://www.centralbank.ie/publication/research-publications/staff-insights/climate-and-the-geography-of-multinationals
bd769085e0e6954baa389ae5be7bf16aa0f89594c9306aeba7ab334be73d81a6,CSV,580,documents,,,files\www.centralbank.ie\_long\2ab746081da8e95e414e1bff\fig5b_lp_het_empl__q-45cb5c65cc__u-2ab746081da8.csv,https://www.centralbank.ie/docs/default-source/research-exchange/staff-insights/climate-geography-multinationals/fig5b_lp_het_empl.csv?sfvrsn=3a3701a_1,1,https://www.centralbank.ie/docs/default-source/research-exchange/staff-insights/climate-geography-multinationals/fig5b_lp_het_empl.csv?sfvrsn=3a3701a_1,https://www.centralbank.ie/publication/research-publications/staff-insights/climate-and-the-geography-of-multinationals
f482a3c78ae1aa5a6148969327ed5abf3a7cbf20eb9b9b42f6b80141ffcc3f7d,CSV,563,documents,,,files\www.centralbank.ie\_long\7b4801d73d3d4efc69f3f164\fig6a_lp_het_assets__q-2b7484fe8b__u-7b4801d73d3d.csv,https://www.centralbank.ie/docs/default-source/research-exchange/staff-insights/climate-geography-multinationals/fig6a_lp_het_assets.csv?sfvrsn=cca3701a_1,1,https://www.centralbank.ie/docs/default-source/research-exchange/staff-insights/climate-geography-multinationals/fig6a_lp_het_assets.csv?sfvrsn=cca3701a_1,https://www.centralbank.ie/publication/research-publications/staff-insights/climate-and-the-geography-of-multinationals
4ee846df9fd6ae2f35b48d660f5a544c572a19b43425e27adfa64ca4f27f8783,CSV,568,documents,,,files\www.centralbank.ie\_long\b3c93d3301e6d7bfff3e4496\fig6b_lp_het_empl__q-8b80188a2f__u-b3c93d3301e6.csv,https://www.centralbank.ie/docs/default-source/research-exchange/staff-insights/climate-geography-multinationals/fig6b_lp_het_empl.csv?sfvrsn=65a3701a_1,1,https://www.centralbank.ie/docs/default-source/research-exchange/staff-insights/climate-geography-multinationals/fig6b_lp_het_empl.csv?sfvrsn=65a3701a_1,https://www.centralbank.ie/publication/research-publications/staff-insights/climate-and-the-geography-of-multinationals
1710992fb21a21a70b812ae1a57c67bdb99c7e799d9959da5fda755f3137eee1,CSV,429,documents,,,files\www.centralbank.ie\_long\5c195cbec7c537d8d5b3458d\fig7a_irish_aff_assets__q-affc255f2e__u-5c195cbec7c5.csv,https://www.centralbank.ie/docs/default-source/research-exchange/staff-insights/climate-geography-multinationals/fig7a_irish_aff_assets.csv?sfvrsn=64a3701a_1,1,https://www.centralbank.ie/docs/default-source/research-exchange/staff-insights/climate-geography-multinationals/fig7a_irish_aff_assets.csv?sfvrsn=64a3701a_1,https://www.centralbank.ie/publication/research-publications/staff-insights/climate-and-the-geography-of-multinationals
ae83fd4b6723f4c88cfdf91a3efd74940f6c1a5ba67ae76c5e45a1f0fd688fc7,CSV,436,documents,,,files\www.centralbank.ie\_long\e56dc311673c9174ba29f574\fig7b_irish_aff_empl__q-5774872f17__u-e56dc311673c.csv,https://www.centralbank.ie/docs/default-source/research-exchange/staff-insights/climate-geography-multinationals/fig7b_irish_aff_empl.csv?sfvrsn=59a3701a_1,1,https://www.centralbank.ie/docs/default-source/research-exchange/staff-insights/climate-geography-multinationals/fig7b_irish_aff_empl.csv?sfvrsn=59a3701a_1,https://www.centralbank.ie/publication/research-publications/staff-insights/climate-and-the-geography-of-multinationals
14d5e6192d04d52af4bb340f843cd14a2835ee1f9df66573cd1f18d0ceeb0a8b,CSV,1468,documents,,,files\www.centralbank.ie\_long\d6a54c5dea2d19c2f7583049\figure1-sme__q-69ae184e94__u-d6a54c5dea2d.csv,https://www.centralbank.ie/docs/default-source/research-exchange/staff-insights/drivers-of-sme-investment/figure1-sme.csv?sfvrsn=81476e1a_1,1,https://www.centralbank.ie/docs/default-source/research-exchange/staff-insights/drivers-of-sme-investment/figure1-sme.csv?sfvrsn=81476e1a_1,https://www.centralbank.ie/publication/research-publications/staff-insights/the-drivers-of-sme-investment-in-ireland
32d3ce19b44255b8e77890d29ba45f98ec26c84a6237da0582446f1491479af3,CSV,76,documents,,,files\www.centralbank.ie\_long\5627d7c71eb6092f4f79e738\figure2-sme__q-8db0659e27__u-5627d7c71eb6.csv,https://www.centralbank.ie/docs/default-source/research-exchange/staff-insights/drivers-of-sme-investment/figure2-sme.csv?sfvrsn=83476e1a_1,1,https://www.centralbank.ie/docs/default-source/research-exchange/staff-insights/drivers-of-sme-investment/figure2-sme.csv?sfvrsn=83476e1a_1,https://www.centralbank.ie/publication/research-publications/staff-insights/the-drivers-of-sme-investment-in-ireland
c4a48bcf75e9bb9c372f253b22e53363d4a040421639add2df45c491689807e5,CSV,81,documents,,,files\www.centralbank.ie\_long\be35345cb2d71325929f9765\figure3-sme__q-f74affaf68__u-be35345cb2d7.csv,https://www.centralbank.ie/docs/default-source/research-exchange/staff-insights/drivers-of-sme-investment/figure3-sme.csv?sfvrsn=87476e1a_1,1,https://www.centralbank.ie/docs/default-source/research-exchange/staff-insights/drivers-of-sme-investment/figure3-sme.csv?sfvrsn=87476e1a_1,https://www.centralbank.ie/publication/research-publications/staff-insights/the-drivers-of-sme-investment-in-ireland
e233a1cbbfe0c3969929ab82e5ae0a2bf916a68f5868052dd45d476ed4bdfcd0,CSV,187,documents,,,files\www.centralbank.ie\_long\7e481ce120a30f49591137bf\figure4-sme__q-90c889ffcc__u-7e481ce120a3.csv,https://www.centralbank.ie/docs/default-source/research-exchange/staff-insights/drivers-of-sme-investment/figure4-sme.csv?sfvrsn=f4476e1a_1,1,https://www.centralbank.ie/docs/default-source/research-exchange/staff-insights/drivers-of-sme-investment/figure4-sme.csv?sfvrsn=f4476e1a_1,https://www.centralbank.ie/publication/research-publications/staff-insights/the-drivers-of-sme-investment-in-ireland
f7ef0b9b919a19b719728a26b0e82d6ce4315ca61c6cbad9652d2d6a8ce22525,CSV,926,documents,,,files\www.centralbank.ie\_long\66ed5e053de852eb361953d3\figure5-sme__q-5475d489d6__u-66ed5e053de8.csv,https://www.centralbank.ie/docs/default-source/research-exchange/staff-insights/drivers-of-sme-investment/figure5-sme.csv?sfvrsn=d9476e1a_1,1,https://www.centralbank.ie/docs/default-source/research-exchange/staff-insights/drivers-of-sme-investment/figure5-sme.csv?sfvrsn=d9476e1a_1,https://www.centralbank.ie/publication/research-publications/staff-insights/the-drivers-of-sme-investment-in-ireland
d121e0a70b8b1f0d186bdf727a0f2bf590171a2cc5337622eafa76268a0e2479,CSV,1884,documents,,,files\www.centralbank.ie\_long\bde07f667ba410b001bb7b8a\figure6-sme__q-a14bff04d0__u-bde07f667ba4.csv,https://www.centralbank.ie/docs/default-source/research-exchange/staff-insights/drivers-of-sme-investment/figure6-sme.csv?sfvrsn=d5476e1a_1,1,https://www.centralbank.ie/docs/default-source/research-exchange/staff-insights/drivers-of-sme-investment/figure6-sme.csv?sfvrsn=d5476e1a_1,https://www.centralbank.ie/publication/research-publications/staff-insights/the-drivers-of-sme-investment-in-ireland
8bfc52083053e06a9d88e9cdee11c31f586645e1fac951885ea97e6ee6aa90f1,CSV,1767,documents,,,files\www.centralbank.ie\_long\7e96fb8f92e9e8e96cf15dd1\dublin-office-vacancy-rate_si_fig-1__q-657d2588f3__u-7e96fb8f.csv,https://www.centralbank.ie/docs/default-source/research-exchange/staff-insights/dublin-office-vacancy-rates/dublin-office-vacancy-rate_si_fig-1.csv?sfvrsn=d0246f1a_1,1,https://www.centralbank.ie/docs/default-source/research-exchange/staff-insights/dublin-office-vacancy-rates/dublin-office-vacancy-rate_si_fig-1.csv?sfvrsn=d0246f1a_1,https://www.centralbank.ie/publication/research-publications/staff-insights/what-next-for-the-dublin-office-vacancy-rate--a-framework-to-examine-short-run-scenarios
f3a3d7fb210197921e9d7893b0c07c80602b30ea24dc21e622b67c32566895da,CSV,1993,documents,,,files\www.centralbank.ie\_long\0ebb3c9479390a405dac6870\dublin-office-vacancy-rate_si_fig-2__q-7866c5dc00__u-0ebb3c94.csv,https://www.centralbank.ie/docs/default-source/research-exchange/staff-insights/dublin-office-vacancy-rates/dublin-office-vacancy-rate_si_fig-2.csv?sfvrsn=d5246f1a_1,1,https://www.centralbank.ie/docs/default-source/research-exchange/staff-insights/dublin-office-vacancy-rates/dublin-office-vacancy-rate_si_fig-2.csv?sfvrsn=d5246f1a_1,https://www.centralbank.ie/publication/research-publications/staff-insights/what-next-for-the-dublin-office-vacancy-rate--a-framework-to-examine-short-run-scenarios
cad2dc4cc3defb2706bd2ec24273840e252042efeb8274be978638e8ac19e819,CSV,1107,documents,,,files\www.centralbank.ie\_long\1b1cdc14687906eb973cac95\dublin-office-vacancy-rate_si_fig-3__q-f4996ce136__u-1b1cdc14.csv,https://www.centralbank.ie/docs/default-source/research-exchange/staff-insights/dublin-office-vacancy-rates/dublin-office-vacancy-rate_si_fig-3.csv?sfvrsn=d4246f1a_1,1,https://www.centralbank.ie/docs/default-source/research-exchange/staff-insights/dublin-office-vacancy-rates/dublin-office-vacancy-rate_si_fig-3.csv?sfvrsn=d4246f1a_1,https://www.centralbank.ie/publication/research-publications/staff-insights/what-next-for-the-dublin-office-vacancy-rate--a-framework-to-examine-short-run-scenarios
be7b7e923d9b5c66a39b924358358dd92a3c5871e6c48090496346c9bfdb1744,CSV,1632,documents,,,files\www.centralbank.ie\_long\256bea412d004d8ca416d7ac\dublin-office-vacancy-rate_si_fig-4__q-d6cfd8cce7__u-256bea41.csv,https://www.centralbank.ie/docs/default-source/research-exchange/staff-insights/dublin-office-vacancy-rates/dublin-office-vacancy-rate_si_fig-4.csv?sfvrsn=c5246f1a_1,1,https://www.centralbank.ie/docs/default-source/research-exchange/staff-insights/dublin-office-vacancy-rates/dublin-office-vacancy-rate_si_fig-4.csv?sfvrsn=c5246f1a_1,https://www.centralbank.ie/publication/research-publications/staff-insights/what-next-for-the-dublin-office-vacancy-rate--a-framework-to-examine-short-run-scenarios
ee491c349176eef659525076176ba5638952341641070e0725577d8693410855,CSV,1029,documents,,,files\www.centralbank.ie\_long\d52aff339ccb270589fb191e\dublin-office-vacancy-rate_si_fig-5__q-4f02265e42__u-d52aff33.csv,https://www.centralbank.ie/docs/default-source/research-exchange/staff-insights/dublin-office-vacancy-rates/dublin-office-vacancy-rate_si_fig-5.csv?sfvrsn=25246f1a_1,1,https://www.centralbank.ie/docs/default-source/research-exchange/staff-insights/dublin-office-vacancy-rates/dublin-office-vacancy-rate_si_fig-5.csv?sfvrsn=25246f1a_1,https://www.centralbank.ie/publication/research-publications/staff-insights/what-next-for-the-dublin-office-vacancy-rate--a-framework-to-examine-short-run-scenarios
70a2de93fd243a408658d6af51a9763acbcba31f6552ef33502f599f58b573ae,CSV,916,documents,,,files\www.centralbank.ie\_long\8bc989df928eb57819a56b3b\figure-1-data__q-a885ea3d97__u-8bc989df928e.csv,https://www.centralbank.ie/docs/default-source/research-exchange/staff-insights/figure-1-data.csv?sfvrsn=b05a681a_1,1,https://www.centralbank.ie/docs/default-source/research-exchange/staff-insights/figure-1-data.csv?sfvrsn=b05a681a_1,https://www.centralbank.ie/research-exchange/research-publications/staff-insights/access-or-competition
04d276d57a3cdbef7989627648a4e989a5dbb41740c76634cdb80dd25744ca67,CSV,111,documents,,,files\www.centralbank.ie\_long\98f34ee691a98b332b39c755\figure-2-data__q-785da19a88__u-98f34ee691a9.csv,https://www.centralbank.ie/docs/default-source/research-exchange/staff-insights/figure-2-data.csv?sfvrsn=a25a681a_1,1,https://www.centralbank.ie/docs/default-source/research-exchange/staff-insights/figure-2-data.csv?sfvrsn=a25a681a_1,https://www.centralbank.ie/research-exchange/research-publications/staff-insights/access-or-competition
01c920bc2565b30ecf0d1c6ad760bed114188e2ea846b7d442dd1d27de317fb2,CSV,172,documents,,,files\www.centralbank.ie\_long\16a76c99924a60c95b1ef479\figure-3-data__q-e30e708f59__u-16a76c99924a.csv,https://www.centralbank.ie/docs/default-source/research-exchange/staff-insights/figure-3-data.csv?sfvrsn=259681a_1,1,https://www.centralbank.ie/docs/default-source/research-exchange/staff-insights/figure-3-data.csv?sfvrsn=259681a_1,https://www.centralbank.ie/research-exchange/research-publications/staff-insights/access-or-competition
7006c0d8022ac10b2649d794e38ee511b263b32b429c2dff294e2207879fc006,CSV,1128,documents,,,files\www.centralbank.ie\_long\3e915c307c8766735e42e397\figure-4-data__q-ca4d30444e__u-3e915c307c87.csv,https://www.centralbank.ie/docs/default-source/research-exchange/staff-insights/figure-4-data.csv?sfvrsn=7b59681a_1,1,https://www.centralbank.ie/docs/default-source/research-exchange/staff-insights/figure-4-data.csv?sfvrsn=7b59681a_1,https://www.centralbank.ie/research-exchange/research-publications/staff-insights/access-or-competition
78a6ade326cef610201cebec6176b20ed68f3ce0d2962013e49893ed73dfecb7,CSV,501,documents,,,files\www.centralbank.ie\_long\d882e3872a179abc072b0fde\figure-5-data__q-ec9f57362e__u-d882e3872a17.csv,https://www.centralbank.ie/docs/default-source/research-exchange/staff-insights/figure-5-data.csv?sfvrsn=6259681a_1,1,https://www.centralbank.ie/docs/default-source/research-exchange/staff-insights/figure-5-data.csv?sfvrsn=6259681a_1,https://www.centralbank.ie/research-exchange/research-publications/staff-insights/access-or-competition | https://www.centralbank.ie/publication/research-publications/staff-insights/fiscal-drag-across-the-distribution
da91c5ec624500eb1ad52bce2e0f70389daa434d186f8e255ffb24afe1545d0c,CSV,317,documents,,,files\www.centralbank.ie\_long\ede1b9206277c7d202f42383\figure-6-data__q-952045320b__u-ede1b9206277.csv,https://www.centralbank.ie/docs/default-source/research-exchange/staff-insights/figure-6-data.csv?sfvrsn=5059681a_2,1,https://www.centralbank.ie/docs/default-source/research-exchange/staff-insights/figure-6-data.csv?sfvrsn=5059681a_2,https://www.centralbank.ie/research-exchange/research-publications/staff-insights/access-or-competition
b885dc92aa2259345fdd20f85a0621d53bdb317c04e34c7443071fe9a2192be1,CSV,243,documents,,,files\www.centralbank.ie\_long\79fc56a97027091d2b6135a8\fig1__q-9f05580db4__u-79fc56a97027.csv,https://www.centralbank.ie/docs/default-source/research-exchange/staff-insights/fiscal-drag/fig1.csv?sfvrsn=32546e1a_1,1,https://www.centralbank.ie/docs/default-source/research-exchange/staff-insights/fiscal-drag/fig1.csv?sfvrsn=32546e1a_1,https://www.centralbank.ie/publication/research-publications/staff-insights/fiscal-drag-across-the-distribution
631dd9272c6c25ebc6139ef56c3708ca496811f20a55e25797ac94b58f16ec96,CSV,310,documents,,,files\www.centralbank.ie\_long\cdc9a58816b0f71d0165f99a\fig2__q-1c192d3d0a__u-cdc9a58816b0.csv,https://www.centralbank.ie/docs/default-source/research-exchange/staff-insights/fiscal-drag/fig2.csv?sfvrsn=23546e1a_1,1,https://www.centralbank.ie/docs/default-source/research-exchange/staff-insights/fiscal-drag/fig2.csv?sfvrsn=23546e1a_1,https://www.centralbank.ie/publication/research-publications/staff-insights/fiscal-drag-across-the-distribution
74bed28de27f01e6a295cca9b9cf4351efecf3cbc3336c13b0badf22b1df862b,CSV,539,documents,,,files\www.centralbank.ie\_long\bf0a63e1b58517bd908c2db9\fig3__q-e468f4bad6__u-bf0a63e1b585.csv,https://www.centralbank.ie/docs/default-source/research-exchange/staff-insights/fiscal-drag/fig3.csv?sfvrsn=13546e1a_1,1,https://www.centralbank.ie/docs/default-source/research-exchange/staff-insights/fiscal-drag/fig3.csv?sfvrsn=13546e1a_1,https://www.centralbank.ie/publication/research-publications/staff-insights/fiscal-drag-across-the-distribution
a4c6b891e415d54f921caa0080ea07401ff22c1e667cb1df3dfa65a59e892e30,CSV,409,documents,,,files\www.centralbank.ie\_long\b6b967ec7388f989eb248012\fig4__q-e7e3edb4fd__u-b6b967ec7388.csv,https://www.centralbank.ie/docs/default-source/research-exchange/staff-insights/fiscal-drag/fig4.csv?sfvrsn=8b546e1a_1,1,https://www.centralbank.ie/docs/default-source/research-exchange/staff-insights/fiscal-drag/fig4.csv?sfvrsn=8b546e1a_1,https://www.centralbank.ie/publication/research-publications/staff-insights/fiscal-drag-across-the-distribution
6d6aea0b84702df27818eef0eefb803a5eacd7bd543e22d487a91c1e0d2d2744,CSV,736,documents,,,files\www.centralbank.ie\_long\e77b266df6dccaac4ed82e74\fig6__q-20f436f44c__u-e77b266df6dc.csv,https://www.centralbank.ie/docs/default-source/research-exchange/staff-insights/fiscal-drag/fig6.csv?sfvrsn=f2546e1a_1,1,https://www.centralbank.ie/docs/default-source/research-exchange/staff-insights/fiscal-drag/fig6.csv?sfvrsn=f2546e1a_1,https://www.centralbank.ie/publication/research-publications/staff-insights/fiscal-drag-across-the-distribution
214f59dbd47f5d8d3ee0fa0d4464543db2fd43d5c142efae71cbddf08f5f481e,CSV,366,documents,,,files\www.centralbank.ie\_long\8eae39db71e13a84cc5e3496\figure-1__q-8a83de4669__u-8eae39db71e1.csv,https://www.centralbank.ie/docs/default-source/research-exchange/staff-insights/fiscal-support/figure-1.csv?sfvrsn=56ef721a_1,1,https://www.centralbank.ie/docs/default-source/research-exchange/staff-insights/fiscal-support/figure-1.csv?sfvrsn=56ef721a_1,https://www.centralbank.ie/publication/research-publications/staff-insights/fiscal-support-during-a-period-of-high-inflation--a-distributional-perspective
1bb5712c6398126580feb7225f28e71df0b95ae2e44fa0516896af28f0e471f0,CSV,300,documents,,,files\www.centralbank.ie\_long\3ff83961b73832146f7bd943\figure-2__q-a5feb7ad81__u-3ff83961b738.csv,https://www.centralbank.ie/docs/default-source/research-exchange/staff-insights/fiscal-support/figure-2.csv?sfvrsn=cee8721a_1,1,https://www.centralbank.ie/docs/default-source/research-exchange/staff-insights/fiscal-support/figure-2.csv?sfvrsn=cee8721a_1,https://www.centralbank.ie/publication/research-publications/staff-insights/fiscal-support-during-a-period-of-high-inflation--a-distributional-perspective
32543f95222f33c5a99ce040f8916b15f1ae10c99c3a78a2b58346af7cfc0324,CSV,646,documents,,,files\www.centralbank.ie\_long\5e2ed225daff2042578d95d2\figure-3__q-b8b3b9671a__u-5e2ed225daff.csv,https://www.centralbank.ie/docs/default-source/research-exchange/staff-insights/fiscal-support/figure-3.csv?sfvrsn=c3e8721a_1,1,https://www.centralbank.ie/docs/default-source/research-exchange/staff-insights/fiscal-support/figure-3.csv?sfvrsn=c3e8721a_1,https://www.centralbank.ie/publication/research-publications/staff-insights/fiscal-support-during-a-period-of-high-inflation--a-distributional-perspective
a1203c9628b253ac0cf29a99f5eeeb031786c81299a4189ebaf977688464b5d9,CSV,1206,documents,,,files\www.centralbank.ie\_long\7a032f2cbcccf2d6b2ded4be\figure-4__q-195e15b198__u-7a032f2cbccc.csv,https://www.centralbank.ie/docs/default-source/research-exchange/staff-insights/fiscal-support/figure-4.csv?sfvrsn=c4e8721a_1,1,https://www.centralbank.ie/docs/default-source/research-exchange/staff-insights/fiscal-support/figure-4.csv?sfvrsn=c4e8721a_1,https://www.centralbank.ie/publication/research-publications/staff-insights/fiscal-support-during-a-period-of-high-inflation--a-distributional-perspective
829c7dc94966ebaf324da8890fdc22ee4ac8d967d5a5d89a4563065af81e499b,CSV,830,documents,,,files\www.centralbank.ie\_long\7995496232fb098252f14214\figure-5__q-ee88db1682__u-7995496232fb.csv,https://www.centralbank.ie/docs/default-source/research-exchange/staff-insights/fiscal-support/figure-5.csv?sfvrsn=39e8721a_1,1,https://www.centralbank.ie/docs/default-source/research-exchange/staff-insights/fiscal-support/figure-5.csv?sfvrsn=39e8721a_1,https://www.centralbank.ie/publication/research-publications/staff-insights/fiscal-support-during-a-period-of-high-inflation--a-distributional-perspective
515198830079a5f83da631b60b5daba62a08328aaab7c71cf9e076fde3417ab2,CSV,497,documents,,,files\www.centralbank.ie\_long\94548c20fedf03c431414f29\figure-6__q-b55b744057__u-94548c20fedf.csv,https://www.centralbank.ie/docs/default-source/research-exchange/staff-insights/fiscal-support/figure-6.csv?sfvrsn=4bef721a_1,1,https://www.centralbank.ie/docs/default-source/research-exchange/staff-insights/fiscal-support/figure-6.csv?sfvrsn=4bef721a_1,https://www.centralbank.ie/publication/research-publications/staff-insights/fiscal-support-during-a-period-of-high-inflation--a-distributional-perspective
1a8d8baa4e85fd26ef3f4ef657a81add1224d270fa87881b6ff6762567fd4481,CSV,766,documents,,,files\www.centralbank.ie\_long\2f58f0611e41268f946487fe\figure-2__q-f2bd39c1b0__u-2f58f0611e41.csv,https://www.centralbank.ie/docs/default-source/research-exchange/staff-insights/flood-risk--interest-rates-and-collateral-requirements/figure-2.csv?sfvrsn=88ca731a_1,1,https://www.centralbank.ie/docs/default-source/research-exchange/staff-insights/flood-risk--interest-rates-and-collateral-requirements/figure-2.csv?sfvrsn=88ca731a_1,https://www.centralbank.ie/publication/research-publications/staff-insights/flood-risk--interest-rates-and-collateral-requirements--evidence-from-irish-firms
15bd27c429340c6297a209bf9906d7dad6941f950723e78075a46a5a051b21c1,CSV,1185,documents,,,files\www.centralbank.ie\_long\f27756e261f72d0bbca42338\figure-1__q-c2de975cf9__u-f27756e261f7.csv,https://www.centralbank.ie/docs/default-source/research-exchange/staff-insights/household-exposure-to-flooding/figure-1.csv?sfvrsn=1e836d1a_1,1,https://www.centralbank.ie/docs/default-source/research-exchange/staff-insights/household-exposure-to-flooding/figure-1.csv?sfvrsn=1e836d1a_1,https://www.centralbank.ie/publication/research-publications/staff-insights/household-exposure-to-flooding
e2d29bcefe4f7445e6b7266faa514597190a1c6d8e6489c59f01e10eef201e66,CSV,711,documents,,,files\www.centralbank.ie\_long\c0c19b457b39ab810d79cadc\figure-2__q-730d1ff45b__u-c0c19b457b39.csv,https://www.centralbank.ie/docs/default-source/research-exchange/staff-insights/household-exposure-to-flooding/figure-2.csv?sfvrsn=b28c6d1a_2,1,https://www.centralbank.ie/docs/default-source/research-exchange/staff-insights/household-exposure-to-flooding/figure-2.csv?sfvrsn=b28c6d1a_2,https://www.centralbank.ie/publication/research-publications/staff-insights/household-exposure-to-flooding
eaeb88445bf7c8a60f1cdc60ae97e94506a2f6218b9dce70f9ccd10fadff85d1,CSV,1732,documents,,,files\www.centralbank.ie\_long\19c44c7bb5f364027a0eed0d\table4_county_summary__q-263640e18e__u-19c44c7bb5f3.csv,https://www.centralbank.ie/docs/default-source/research-exchange/staff-insights/household-exposure-to-flooding/table4_county_summary.csv?sfvrsn=7baf6d1a_3,1,https://www.centralbank.ie/docs/default-source/research-exchange/staff-insights/household-exposure-to-flooding/table4_county_summary.csv?sfvrsn=7baf6d1a_3,https://www.centralbank.ie/publication/research-publications/staff-insights/household-exposure-to-flooding
8e5310df89c5360c1f72e519ee166203af250ae5a085651973825729d40ee13a,CSV,215,documents,,,files\www.centralbank.ie\_long\d0238ac0da29bf0aed6b9a55\figure-1__q-89af294ce4__u-d0238ac0da29.csv,https://www.centralbank.ie/docs/default-source/research-exchange/staff-insights/household-resilience/figure-1.csv?sfvrsn=dcc26f1a_1,1,https://www.centralbank.ie/docs/default-source/research-exchange/staff-insights/household-resilience/figure-1.csv?sfvrsn=dcc26f1a_1,https://www.centralbank.ie/publication/research-publications/staff-insights/household-resilience-to-current-income-and-cost-of-living-shocks
baa694da10a3a957aaa7b1dcec3240e3d4324d9e75a980c481efeeda4d48b88f,CSV,94,documents,,,files\www.centralbank.ie\_long\4485edf57a63fbc0ad7b1a2b\figure-2__q-019b6e369b__u-4485edf57a63.csv,https://www.centralbank.ie/docs/default-source/research-exchange/staff-insights/household-resilience/figure-2.csv?sfvrsn=d1c26f1a_1,1,https://www.centralbank.ie/docs/default-source/research-exchange/staff-insights/household-resilience/figure-2.csv?sfvrsn=d1c26f1a_1,https://www.centralbank.ie/publication/research-publications/staff-insights/household-resilience-to-current-income-and-cost-of-living-shocks
99fa1691afb9f6cac9388a129c227ba4b44dc7b0b6e9604e67836988853716a0,CSV,270,documents,,,files\www.centralbank.ie\_long\aff399ef2c1717dca96d1e26\figure-3__q-70082e60da__u-aff399ef2c17.csv,https://www.centralbank.ie/docs/default-source/research-exchange/staff-insights/household-resilience/figure-3.csv?sfvrsn=d2c26f1a_1,1,https://www.centralbank.ie/docs/default-source/research-exchange/staff-insights/household-resilience/figure-3.csv?sfvrsn=d2c26f1a_1,https://www.centralbank.ie/publication/research-publications/staff-insights/household-resilience-to-current-income-and-cost-of-living-shocks
9dbeb87d53493929fc5a15e14ca2ade163fb6b6f08ba7a7ef6ae41cc7da48b84,CSV,69,documents,,,files\www.centralbank.ie\_long\71bbecdd822ae076850032f6\figure-4__q-bdbcfa1100__u-71bbecdd822a.csv,https://www.centralbank.ie/docs/default-source/research-exchange/staff-insights/household-resilience/figure-4.csv?sfvrsn=d7c26f1a_1,1,https://www.centralbank.ie/docs/default-source/research-exchange/staff-insights/household-resilience/figure-4.csv?sfvrsn=d7c26f1a_1,https://www.centralbank.ie/publication/research-publications/staff-insights/household-resilience-to-current-income-and-cost-of-living-shocks
e0835240b96d62ceac5d14fac19a47b80b6c576aafcd04fd9f53a4b2609bae5a,CSV,161,documents,,,files\www.centralbank.ie\_long\7b5bb7a503738a3da6679ab0\figure-a1__q-b2042f4253__u-7b5bb7a50373.csv,https://www.centralbank.ie/docs/default-source/research-exchange/staff-insights/household-resilience/figure-a1.csv?sfvrsn=c1c26f1a_1,1,https://www.centralbank.ie/docs/default-source/research-exchange/staff-insights/household-resilience/figure-a1.csv?sfvrsn=c1c26f1a_1,https://www.centralbank.ie/publication/research-publications/staff-insights/household-resilience-to-current-income-and-cost-of-living-shocks
cbeab2e9bab01725656ef78599b05e09e3d25a063760bd5217d6de73b9ec2c51,CSV,1794,documents,,,files\www.centralbank.ie\_long\94f73ec604fedefd9574e4a3\figure-1__q-b0139e44fb__u-94f73ec604fe.csv,https://www.centralbank.ie/docs/default-source/research-exchange/staff-insights/irish-gdp-ldi/figure-1.csv?sfvrsn=1a7e711a_1,1,https://www.centralbank.ie/docs/default-source/research-exchange/staff-insights/irish-gdp-ldi/figure-1.csv?sfvrsn=1a7e711a_1,https://www.centralbank.ie/publication/research-publications/staff-insights/an-update-on-the-size-and-resilience-of-the-irish-gbp-ldi-fund-cohort
7ae173b1354025d731c174f5c339eb2049cf6791ccb3fbe8a8c3c1910d75b3d9,CSV,1196,documents,,,files\www.centralbank.ie\_long\757df9dc409b03a3e7bb867e\figure-2__q-2b6a471a20__u-757df9dc409b.csv,https://www.centralbank.ie/docs/default-source/research-exchange/staff-insights/irish-gdp-ldi/figure-2.csv?sfvrsn=1d7e711a_1,1,https://www.centralbank.ie/docs/default-source/research-exchange/staff-insights/irish-gdp-ldi/figure-2.csv?sfvrsn=1d7e711a_1,https://www.centralbank.ie/publication/research-publications/staff-insights/an-update-on-the-size-and-resilience-of-the-irish-gbp-ldi-fund-cohort
80cb21d2ae092b0a93a377c8c25f06caa91ae7aaee4d1863b491ef109a1e9adb,CSV,2848,documents,,,files\www.centralbank.ie\_long\652e2dc5578b8f1900b032f7\figure-3__q-dbd911c193__u-652e2dc5578b.csv,https://www.centralbank.ie/docs/default-source/research-exchange/staff-insights/irish-gdp-ldi/figure-3.csv?sfvrsn=107e711a_1,1,https://www.centralbank.ie/docs/default-source/research-exchange/staff-insights/irish-gdp-ldi/figure-3.csv?sfvrsn=107e711a_1,https://www.centralbank.ie/publication/research-publications/staff-insights/an-update-on-the-size-and-resilience-of-the-irish-gbp-ldi-fund-cohort
27623c0be68b7241a8673c7c856728fc642042e00c518924826687b2e922ea36,CSV,1833,documents,,,files\www.centralbank.ie\_long\1fcfdfffacb53d7109866fe1\figure-4__q-c1a42baa83__u-1fcfdfffacb5.csv,https://www.centralbank.ie/docs/default-source/research-exchange/staff-insights/irish-gdp-ldi/figure-4.csv?sfvrsn=b7e711a_1,1,https://www.centralbank.ie/docs/default-source/research-exchange/staff-insights/irish-gdp-ldi/figure-4.csv?sfvrsn=b7e711a_1,https://www.centralbank.ie/publication/research-publications/staff-insights/an-update-on-the-size-and-resilience-of-the-irish-gbp-ldi-fund-cohort
89c41fb31584ebeec81488ac0306d06c2e9c22ce039ff5c6638efcb70cd82315,CSV,168,documents,,,files\www.centralbank.ie\_long\7e67fa55b36e6cc69d987d4f\figure-5__q-4e94a05f05__u-7e67fa55b36e.csv,https://www.centralbank.ie/docs/default-source/research-exchange/staff-insights/irish-gdp-ldi/figure-5.csv?sfvrsn=677e711a_1,1,https://www.centralbank.ie/docs/default-source/research-exchange/staff-insights/irish-gdp-ldi/figure-5.csv?sfvrsn=677e711a_1,https://www.centralbank.ie/publication/research-publications/staff-insights/an-update-on-the-size-and-resilience-of-the-irish-gbp-ldi-fund-cohort
480afcc30ca1d13e36b2c0f7493e419f58b4ff8989ad2f5aa4e38e9625219224,CSV,2331,documents,,,files\www.centralbank.ie\_long\49850a0bbec78ce576450f2e\figure-6__q-ba3b8e8344__u-49850a0bbec7.csv,https://www.centralbank.ie/docs/default-source/research-exchange/staff-insights/irish-gdp-ldi/figure-6.csv?sfvrsn=587e711a_1,1,https://www.centralbank.ie/docs/default-source/research-exchange/staff-insights/irish-gdp-ldi/figure-6.csv?sfvrsn=587e711a_1,https://www.centralbank.ie/publication/research-publications/staff-insights/an-update-on-the-size-and-resilience-of-the-irish-gbp-ldi-fund-cohort
a4b0961ee77fa361e7a934643b3eb170ba0bfc1dc66ac6c5601a8daf60b03d8e,CSV,127,documents,,,files\www.centralbank.ie\_long\e3ef8f08ee138c75b6c54817\figure-1__q-029b0adcf3__u-e3ef8f08ee13.csv,https://www.centralbank.ie/docs/default-source/research-exchange/staff-insights/liquidity-management-tools/figure-1.csv?sfvrsn=9e6c731a_1,1,https://www.centralbank.ie/docs/default-source/research-exchange/staff-insights/liquidity-management-tools/figure-1.csv?sfvrsn=9e6c731a_1,https://www.centralbank.ie/publication/research-publications/staff-insights/availability-and-use-of-liquidity-management-tools-in-irish-domiciled-investment-funds
1c6f43947ea3931593517a276655a8765249bef83b36c4ad573902320253cbcc,CSV,175,documents,,,files\www.centralbank.ie\_long\0cc58c1d18fcdbce8d83fa08\figure-2__q-be82342a48__u-0cc58c1d18fc.csv,https://www.centralbank.ie/docs/default-source/research-exchange/staff-insights/liquidity-management-tools/figure-2.csv?sfvrsn=e26c731a_1,1,https://www.centralbank.ie/docs/default-source/research-exchange/staff-insights/liquidity-management-tools/figure-2.csv?sfvrsn=e26c731a_1,https://www.centralbank.ie/publication/research-publications/staff-insights/availability-and-use-of-liquidity-management-tools-in-irish-domiciled-investment-funds
6cc1a748e927820b1c4e69e26508961f09115b33617fcaca05aeb1ec6208a851,CSV,1859,documents,,,files\www.centralbank.ie\_long\a2116635df82753de1ea6c1c\fig-2-housing-prices__q-8944d18def__u-a2116635df82.csv,https://www.centralbank.ie/docs/default-source/research-exchange/staff-insights/mortgage-measures/fig-2-housing-prices.csv?sfvrsn=ddb3691a_1,1,https://www.centralbank.ie/docs/default-source/research-exchange/staff-insights/mortgage-measures/fig-2-housing-prices.csv?sfvrsn=ddb3691a_1,https://www.centralbank.ie/publication/research-publications/staff-insights/mortgage-measures-and-rental-yields-in-ireland
b3f6abb91da108f1b8bcd5d5800195eaf42866cb8ed69a167e0d8eb6347aadf1,CSV,462,documents,,,files\www.centralbank.ie\_long\d86021f931d0747a57bb5f12\fig-3-coeffs__q-d1bc3e0d77__u-d86021f931d0.csv,https://www.centralbank.ie/docs/default-source/research-exchange/staff-insights/mortgage-measures/fig-3-coeffs.csv?sfvrsn=c2b3691a_1,1,https://www.centralbank.ie/docs/default-source/research-exchange/staff-insights/mortgage-measures/fig-3-coeffs.csv?sfvrsn=c2b3691a_1,https://www.centralbank.ie/publication/research-publications/staff-insights/mortgage-measures-and-rental-yields-in-ireland
fa064fb8569411ad21c1404aa3e04d6b3ea8ab4abb5f82c30ac8f7b7c2a133a9,CSV,8500,documents,,,files\www.centralbank.ie\_long\3e99bbb3fc17db210cb7d34d\figure_1__q-9e0f11f708__u-3e99bbb3fc17.csv,https://www.centralbank.ie/docs/default-source/research-exchange/staff-insights/nowcasting-euro-area-inflation/figure_1.csv?sfvrsn=8425711a_1,1,https://www.centralbank.ie/docs/default-source/research-exchange/staff-insights/nowcasting-euro-area-inflation/figure_1.csv?sfvrsn=8425711a_1,https://www.centralbank.ie/publication/research-publications/staff-insights/nowcasting-euro-area-inflation
ba4595cfac586656f6781248fc9f2a9def5cf2fe26216ab0504c4e3ed5fd88ab,CSV,1530,documents,,,files\www.centralbank.ie\_long\334ec80d4ad4ff1ff64a5214\figure_2__q-5f9697081e__u-334ec80d4ad4.csv,https://www.centralbank.ie/docs/default-source/research-exchange/staff-insights/nowcasting-euro-area-inflation/figure_2.csv?sfvrsn=c324711a_1,1,https://www.centralbank.ie/docs/default-source/research-exchange/staff-insights/nowcasting-euro-area-inflation/figure_2.csv?sfvrsn=c324711a_1,https://www.centralbank.ie/publication/research-publications/staff-insights/nowcasting-euro-area-inflation
0ef71f67defa7f7ac15d135acb267d0dde1cb830889e7be73e5023dade26db9c,CSV,722,documents,,,files\www.centralbank.ie\_long\56e1e1029a9877f23a753b13\figure_3__q-f8b84dbced__u-56e1e1029a98.csv,https://www.centralbank.ie/docs/default-source/research-exchange/staff-insights/nowcasting-euro-area-inflation/figure_3.csv?sfvrsn=5525711a_1,1,https://www.centralbank.ie/docs/default-source/research-exchange/staff-insights/nowcasting-euro-area-inflation/figure_3.csv?sfvrsn=5525711a_1,https://www.centralbank.ie/publication/research-publications/staff-insights/nowcasting-euro-area-inflation
fe90117d18170f2f5ee6901af94836a29133bc9061afb1f20842732fe891f3c3,CSV,378,documents,,,files\www.centralbank.ie\_long\054824c8092ef2c6adda8a7d\figure1__q-bfed4350ee__u-054824c8092e.csv,https://www.centralbank.ie/docs/default-source/research-exchange/staff-insights/sme-profitability/figure1.csv?sfvrsn=5d0c6f1a_4,1,https://www.centralbank.ie/docs/default-source/research-exchange/staff-insights/sme-profitability/figure1.csv?sfvrsn=5d0c6f1a_4,https://www.centralbank.ie/publication/research-publications/staff-insights/sme-profitability-in-an-adverse-macroeconomic-environment
07b68b1a47e06422ad098652cb42ea956187bd1c9bb9783e305777487750a644,CSV,474,documents,,,files\www.centralbank.ie\_long\b64766f41bf3b0592ee37e73\figure2__q-b3fb4c521e__u-b64766f41bf3.csv,https://www.centralbank.ie/docs/default-source/research-exchange/staff-insights/sme-profitability/figure2.csv?sfvrsn=500c6f1a_4,1,https://www.centralbank.ie/docs/default-source/research-exchange/staff-insights/sme-profitability/figure2.csv?sfvrsn=500c6f1a_4,https://www.centralbank.ie/publication/research-publications/staff-insights/sme-profitability-in-an-adverse-macroeconomic-environment
25534c1e5d673f4c20c3fb625a77a31697e4b27e56565708a0917838d29aeaa0,CSV,483,documents,,,files\www.centralbank.ie\_long\b212187dcc70fd70694df2de\figure3__q-31626b9099__u-b212187dcc70.csv,https://www.centralbank.ie/docs/default-source/research-exchange/staff-insights/sme-profitability/figure3.csv?sfvrsn=4f0c6f1a_4,1,https://www.centralbank.ie/docs/default-source/research-exchange/staff-insights/sme-profitability/figure3.csv?sfvrsn=4f0c6f1a_4,https://www.centralbank.ie/publication/research-publications/staff-insights/sme-profitability-in-an-adverse-macroeconomic-environment
3e56e187a48a55f4fbf1246f7e544656e235484426d07262a672391857844a73,CSV,437,documents,,,files\www.centralbank.ie\_long\d7576be1e99092f8da2bc16b\figure4__q-cd1df6bb7a__u-d7576be1e990.csv,https://www.centralbank.ie/docs/default-source/research-exchange/staff-insights/sme-profitability/figure4.csv?sfvrsn=b10d6f1a_4,1,https://www.centralbank.ie/docs/default-source/research-exchange/staff-insights/sme-profitability/figure4.csv?sfvrsn=b10d6f1a_4,https://www.centralbank.ie/publication/research-publications/staff-insights/sme-profitability-in-an-adverse-macroeconomic-environment
3eb0d5a36aede40713f0076c40aa6fd3045115dbb52d433348f6977d03b9a1a0,CSV,110,documents,,,files\www.centralbank.ie\_long\ba5d1c3d8b45922dedc12a17\figure5__q-2462c66487__u-ba5d1c3d8b45.csv,https://www.centralbank.ie/docs/default-source/research-exchange/staff-insights/sme-profitability/figure5.csv?sfvrsn=a40d6f1a_4,1,https://www.centralbank.ie/docs/default-source/research-exchange/staff-insights/sme-profitability/figure5.csv?sfvrsn=a40d6f1a_4,https://www.centralbank.ie/publication/research-publications/staff-insights/sme-profitability-in-an-adverse-macroeconomic-environment
6f3ca7974d737ef8811170b1e446d361c01c8acf716dbaa00ec498b326726fe0,CSV,113,documents,,,files\www.centralbank.ie\_long\a242bf30b6553821f14f6f02\figure6__q-70041f16b1__u-a242bf30b655.csv,https://www.centralbank.ie/docs/default-source/research-exchange/staff-insights/sme-profitability/figure6.csv?sfvrsn=970d6f1a_4,1,https://www.centralbank.ie/docs/default-source/research-exchange/staff-insights/sme-profitability/figure6.csv?sfvrsn=970d6f1a_4,https://www.centralbank.ie/publication/research-publications/staff-insights/sme-profitability-in-an-adverse-macroeconomic-environment
2ef190328e2a4dc2233dc8578b9f075d58ca320bdd64ff8797101c7988f3cab5,CSV,367,documents,,,files\www.centralbank.ie\_long\6024963c3d159196218191b8\figurea1__q-5074566aca__u-6024963c3d15.csv,https://www.centralbank.ie/docs/default-source/research-exchange/staff-insights/sme-profitability/figurea1.csv?sfvrsn=850d6f1a_4,1,https://www.centralbank.ie/docs/default-source/research-exchange/staff-insights/sme-profitability/figurea1.csv?sfvrsn=850d6f1a_4,https://www.centralbank.ie/publication/research-publications/staff-insights/sme-profitability-in-an-adverse-macroeconomic-environment
84d766c7e6c5b9e0ec28780b4553cad91bad1cf6ba78e74a377e3a459ee3ae65,CSV,930,documents,,,files\www.centralbank.ie\_long\203fbc812e823ba849178ccb\fig1__q-506403ed60__u-203fbc812e82.csv,https://www.centralbank.ie/docs/default-source/research-exchange/staff-insights/stablising-sentiment/fig1.csv?sfvrsn=8bd36c1a_3,1,https://www.centralbank.ie/docs/default-source/research-exchange/staff-insights/stablising-sentiment/fig1.csv?sfvrsn=8bd36c1a_3,https://www.centralbank.ie/publication/research-publications/staff-insights/stabilising-sentiment-macroprudential-policy-and-house-price-expectations-in-ireland
ffb7853e161855a2422051367515680d75e44f049269c1bdc99185d14d04953a,CSV,2939,documents,,,files\www.centralbank.ie\_long\058b0cb37a97645a59b306c9\fig2__q-884be3db4c__u-058b0cb37a97.csv,https://www.centralbank.ie/docs/default-source/research-exchange/staff-insights/stablising-sentiment/fig2.csv?sfvrsn=55e76c1a_3,1,https://www.centralbank.ie/docs/default-source/research-exchange/staff-insights/stablising-sentiment/fig2.csv?sfvrsn=55e76c1a_3,https://www.centralbank.ie/publication/research-publications/staff-insights/stabilising-sentiment-macroprudential-policy-and-house-price-expectations-in-ireland
9c531a6465d803fc522ee02d11bc9ab21052c68d166b5d8cab5225f8beb46284,CSV,1113,documents,,,files\www.centralbank.ie\_long\9a981421431c341dfef1ee4e\fig3__q-f13a860089__u-9a981421431c.csv,https://www.centralbank.ie/docs/default-source/research-exchange/staff-insights/stablising-sentiment/fig3.csv?sfvrsn=8cd36c1a_3,1,https://www.centralbank.ie/docs/default-source/research-exchange/staff-insights/stablising-sentiment/fig3.csv?sfvrsn=8cd36c1a_3,https://www.centralbank.ie/publication/research-publications/staff-insights/stabilising-sentiment-macroprudential-policy-and-house-price-expectations-in-ireland
e0a9d6383b4779e4859d895e26a789b36cb5df284616ded2c06fb0cae6aeb193,CSV,832,documents,,,files\www.centralbank.ie\_long\c2eaea87de4c4fe073d4cec0\fig4__q-3e8f9687b4__u-c2eaea87de4c.csv,https://www.centralbank.ie/docs/default-source/research-exchange/staff-insights/stablising-sentiment/fig4.csv?sfvrsn=63d36c1a_3,1,https://www.centralbank.ie/docs/default-source/research-exchange/staff-insights/stablising-sentiment/fig4.csv?sfvrsn=63d36c1a_3,https://www.centralbank.ie/publication/research-publications/staff-insights/stabilising-sentiment-macroprudential-policy-and-house-price-expectations-in-ireland
742cef10cb9470c0e6975e610cc232132c9257a6079a6dc09d09755a44f83ac1,CSV,992,documents,,,files\www.centralbank.ie\_long\6f1d292011222f4b70b59e6a\fig5__q-bdf7c8d153__u-6f1d29201122.csv,https://www.centralbank.ie/docs/default-source/research-exchange/staff-insights/stablising-sentiment/fig5.csv?sfvrsn=81d36c1a_3,1,https://www.centralbank.ie/docs/default-source/research-exchange/staff-insights/stablising-sentiment/fig5.csv?sfvrsn=81d36c1a_3,https://www.centralbank.ie/publication/research-publications/staff-insights/stabilising-sentiment-macroprudential-policy-and-house-price-expectations-in-ireland
b457012a81caa3efef7696aeb16857e4f39d69a3af10c2855c5b933f3b73801c,CSV,664,documents,,,files\www.centralbank.ie\_long\38de1be6efbc743db52ae1fe\fig_1__q-3f7e30b4ce__u-38de1be6efbc.csv,https://www.centralbank.ie/docs/default-source/research-exchange/staff-insights/trade-fragmentation-and-tariffs/fig_1.csv?sfvrsn=c2566e1a_1,2,https://www.centralbank.ie/docs/default-source/research-exchange/staff-insights/trade-fragmentation-and-tariffs/fig_1.csv?sfvrsn=c2566e1a_1 | https://www.centralbank.ie/docs/default-source/research-exchange/staff-insights/trade-fragmentation-and-tariffs/fig_1e40f79fd-100e-44d8-a6ad-df7baf434c7d.csv?sfvrsn=20736e1a_1,https://www.centralbank.ie/publication/research-publications/staff-insights/the-sectoral-impacts-of-tariffs-and-trade-fragmentation-in-the-irish-economy
d0380205f19a86a78b2e6e15bd879ccdaf75d292947281f04dbbbc7920a60959,CSV,1442,documents,,,files\www.centralbank.ie\_long\aef0922fa7ce7866607cc6db\fig_2b5d51328f-24c6-458c-9248-e475d52e4137__q-a2608d9b51__u-a.csv,https://www.centralbank.ie/docs/default-source/research-exchange/staff-insights/trade-fragmentation-and-tariffs/fig_2b5d51328f-24c6-458c-9248-e475d52e4137.csv?sfvrsn=1f736e1a_1,1,https://www.centralbank.ie/docs/default-source/research-exchange/staff-insights/trade-fragmentation-and-tariffs/fig_2b5d51328f-24c6-458c-9248-e475d52e4137.csv?sfvrsn=1f736e1a_1,https://www.centralbank.ie/publication/research-publications/staff-insights/the-sectoral-impacts-of-tariffs-and-trade-fragmentation-in-the-irish-economy
74f38337ed6ee4f23d67fe07c3b6a1241f0414ac6cccc7deab6ec526132a0576,CSV,859,documents,,,files\www.centralbank.ie\_long\f17d0bf9b0e09e596fc9cac3\fig_3__q-b195e202f0__u-f17d0bf9b0e0.csv,https://www.centralbank.ie/docs/default-source/research-exchange/staff-insights/trade-fragmentation-and-tariffs/fig_3.csv?sfvrsn=23566e1a_1,1,https://www.centralbank.ie/docs/default-source/research-exchange/staff-insights/trade-fragmentation-and-tariffs/fig_3.csv?sfvrsn=23566e1a_1,https://www.centralbank.ie/publication/research-publications/staff-insights/the-sectoral-impacts-of-tariffs-and-trade-fragmentation-in-the-irish-economy
66319767673e3f63ea3dcf5072bc40e86036f4ff8096eb1bd6dd57a1bb29bf87,CSV,1492,documents,,,files\www.centralbank.ie\_long\2ad4621da4f5067a9db2b052\fig_494bc3812-588e-4261-afe3-a9ba3654ec3f__q-44fedf713d__u-2a.csv,https://www.centralbank.ie/docs/default-source/research-exchange/staff-insights/trade-fragmentation-and-tariffs/fig_494bc3812-588e-4261-afe3-a9ba3654ec3f.csv?sfvrsn=6e736e1a_1,1,https://www.centralbank.ie/docs/default-source/research-exchange/staff-insights/trade-fragmentation-and-tariffs/fig_494bc3812-588e-4261-afe3-a9ba3654ec3f.csv?sfvrsn=6e736e1a_1,https://www.centralbank.ie/publication/research-publications/staff-insights/the-sectoral-impacts-of-tariffs-and-trade-fragmentation-in-the-irish-economy
71717721acaad3bbeef087b3f02c3a1c0773ebcaafaff71507b3ff32f94b9045,CSV,1703,documents,,,files\www.centralbank.ie\_long\c0ef72ccc02891276acf3b6b\fig_5a__q-0197655d26__u-c0ef72ccc028.csv,https://www.centralbank.ie/docs/default-source/research-exchange/staff-insights/trade-fragmentation-and-tariffs/fig_5a.csv?sfvrsn=70566e1a_1,1,https://www.centralbank.ie/docs/default-source/research-exchange/staff-insights/trade-fragmentation-and-tariffs/fig_5a.csv?sfvrsn=70566e1a_1,https://www.centralbank.ie/publication/research-publications/staff-insights/the-sectoral-impacts-of-tariffs-and-trade-fragmentation-in-the-irish-economy
d7be40d89528380567934def2e3b0d7a4006fd15632cafb79cde1c88736e387e,CSV,2011,documents,,,files\www.centralbank.ie\_long\a9aee2b209f47dce0563d1d6\fig_5b__q-f3589158e8__u-a9aee2b209f4.csv,https://www.centralbank.ie/docs/default-source/research-exchange/staff-insights/trade-fragmentation-and-tariffs/fig_5b.csv?sfvrsn=43566e1a_1,1,https://www.centralbank.ie/docs/default-source/research-exchange/staff-insights/trade-fragmentation-and-tariffs/fig_5b.csv?sfvrsn=43566e1a_1,https://www.centralbank.ie/publication/research-publications/staff-insights/the-sectoral-impacts-of-tariffs-and-trade-fragmentation-in-the-irish-economy
8ea73dc5b8ce66b762ec04790786defb8ce5ac0f3909a671c256188c4432f0c5,CSV,1732,documents,,,files\www.centralbank.ie\_long\3c41b7767817f60ca8dfd00e\fig_6a__q-f93fdf2d27__u-3c41b7767817.csv,https://www.centralbank.ie/docs/default-source/research-exchange/staff-insights/trade-fragmentation-and-tariffs/fig_6a.csv?sfvrsn=af576e1a_1,1,https://www.centralbank.ie/docs/default-source/research-exchange/staff-insights/trade-fragmentation-and-tariffs/fig_6a.csv?sfvrsn=af576e1a_1,https://www.centralbank.ie/publication/research-publications/staff-insights/the-sectoral-impacts-of-tariffs-and-trade-fragmentation-in-the-irish-economy
fc9014877df991a6cee927405b38c677d9867f13af07aaad38be27513e940e20,CSV,2022,documents,,,files\www.centralbank.ie\_long\c2a94af41607ea15f6dd177e\fig_6b__q-6e16c78f1b__u-c2a94af41607.csv,https://www.centralbank.ie/docs/default-source/research-exchange/staff-insights/trade-fragmentation-and-tariffs/fig_6b.csv?sfvrsn=92576e1a_1,1,https://www.centralbank.ie/docs/default-source/research-exchange/staff-insights/trade-fragmentation-and-tariffs/fig_6b.csv?sfvrsn=92576e1a_1,https://www.centralbank.ie/publication/research-publications/staff-insights/the-sectoral-impacts-of-tariffs-and-trade-fragmentation-in-the-irish-economy
12a009aa8137e137f020f04ab02305ed88e093b701044d8f7ab9a6c1f50ed904,CSV,954,documents,,,files\www.centralbank.ie\_long\6798a5057282ae348469740f\fig_7__q-9d7d9df570__u-6798a5057282.csv,https://www.centralbank.ie/docs/default-source/research-exchange/staff-insights/trade-fragmentation-and-tariffs/fig_7.csv?sfvrsn=fb576e1a_1,1,https://www.centralbank.ie/docs/default-source/research-exchange/staff-insights/trade-fragmentation-and-tariffs/fig_7.csv?sfvrsn=fb576e1a_1,https://www.centralbank.ie/publication/research-publications/staff-insights/the-sectoral-impacts-of-tariffs-and-trade-fragmentation-in-the-irish-economy
a96e83582a71c2c10064423312b8888b0fc8595d1d3c9f6144b5cc18ddb6a346,CSV,160,documents,,,files\www.centralbank.ie\_long\97ab46cfdd975d91033b2e45\figure-8__q-2515ed54c8__u-97ab46cfdd97.csv,https://www.centralbank.ie/docs/default-source/research-exchange/staff-insights/trade-fragmentation-and-tariffs/figure-8.csv?sfvrsn=5a7c6e1a_1,1,https://www.centralbank.ie/docs/default-source/research-exchange/staff-insights/trade-fragmentation-and-tariffs/figure-8.csv?sfvrsn=5a7c6e1a_1,https://www.centralbank.ie/publication/research-publications/staff-insights/the-sectoral-impacts-of-tariffs-and-trade-fragmentation-in-the-irish-economy
05ba6660c773ec2d1cd1da8e7234afc0f8e1f01d3810d1909c31a0b7135b36ca,CSV,365,documents,,,files\www.centralbank.ie\_long\a1a37ec6e9d20e20a19d4f8b\figure10__q-2968504ae0__u-a1a37ec6e9d2.csv,https://www.centralbank.ie/docs/default-source/research-exchange/staff-insights/trade-fragmentation-and-tariffs/figure10.csv?sfvrsn=3f7c6e1a_1,1,https://www.centralbank.ie/docs/default-source/research-exchange/staff-insights/trade-fragmentation-and-tariffs/figure10.csv?sfvrsn=3f7c6e1a_1,https://www.centralbank.ie/publication/research-publications/staff-insights/the-sectoral-impacts-of-tariffs-and-trade-fragmentation-in-the-irish-economy
09ac73256b27e8e2bba461e1e2dc04a0663982f7ec5cf94bb6da641f4c8254cf,CSV,428,documents,,,files\www.centralbank.ie\_long\b6d7163fcd11a760919266ca\figure9__q-0b9e6edb7f__u-b6d7163fcd11.csv,https://www.centralbank.ie/docs/default-source/research-exchange/staff-insights/trade-fragmentation-and-tariffs/figure9.csv?sfvrsn=387c6e1a_2,1,https://www.centralbank.ie/docs/default-source/research-exchange/staff-insights/trade-fragmentation-and-tariffs/figure9.csv?sfvrsn=387c6e1a_2,https://www.centralbank.ie/publication/research-publications/staff-insights/the-sectoral-impacts-of-tariffs-and-trade-fragmentation-in-the-irish-economy
7856b1232361a05d3daa530a215a407262ec5fe8d8d695a321975deb355ee495,CSV,277,documents,,,files\www.centralbank.ie\_long\5fcb9d1c0811307d00d3c657\figurea1__q-3a0c961f0a__u-5fcb9d1c0811.csv,https://www.centralbank.ie/docs/default-source/research-exchange/staff-insights/trade-fragmentation-and-tariffs/figurea1.csv?sfvrsn=337c6e1a_1,1,https://www.centralbank.ie/docs/default-source/research-exchange/staff-insights/trade-fragmentation-and-tariffs/figurea1.csv?sfvrsn=337c6e1a_1,https://www.centralbank.ie/publication/research-publications/staff-insights/the-sectoral-impacts-of-tariffs-and-trade-fragmentation-in-the-irish-economy
ac5cc48efad2f4d43ca1ba4610c3d2b02ee1e2a74a3c82ba00fcf7ea6e7a3267,CSV,358,documents,,,files\www.centralbank.ie\_long\cc11470fe686cf2d46f8c477\figureb1__q-c488e0b12d__u-cc11470fe686.csv,https://www.centralbank.ie/docs/default-source/research-exchange/staff-insights/trade-fragmentation-and-tariffs/figureb1.csv?sfvrsn=207c6e1a_1,1,https://www.centralbank.ie/docs/default-source/research-exchange/staff-insights/trade-fragmentation-and-tariffs/figureb1.csv?sfvrsn=207c6e1a_1,https://www.centralbank.ie/publication/research-publications/staff-insights/the-sectoral-impacts-of-tariffs-and-trade-fragmentation-in-the-irish-economy
c6a0beea6ff2d16f56d89f9bcf6569576c8bf65fa25ec1568ca6c42e86d30632,CSV,277,documents,,,files\www.centralbank.ie\_long\78013db991ed2e1973036576\figureb3__q-96e7910cf6__u-78013db991ed.csv,https://www.centralbank.ie/docs/default-source/research-exchange/staff-insights/trade-fragmentation-and-tariffs/figureb3.csv?sfvrsn=5b7c6e1a_1,1,https://www.centralbank.ie/docs/default-source/research-exchange/staff-insights/trade-fragmentation-and-tariffs/figureb3.csv?sfvrsn=5b7c6e1a_1,https://www.centralbank.ie/publication/research-publications/staff-insights/the-sectoral-impacts-of-tariffs-and-trade-fragmentation-in-the-irish-economy
7ff49b8e3ae7289c14de9d8b62b79f9e1255220b81d2e380dd929fb3475977e3,CSV,15314107,documents,,,files\www.centralbank.ie\_long\a8a322fd0f27ae5d4688c0bf\figure-1__q-eb42b96a6b__u-a8a322fd0f27.csv,https://www.centralbank.ie/docs/default-source/research-exchange/staff-insights/watt's-it-worth/figure-1.csv?sfvrsn=1241761a_1,1,https://www.centralbank.ie/docs/default-source/research-exchange/staff-insights/watt's-it-worth/figure-1.csv?sfvrsn=1241761a_1,https://www.centralbank.ie/publication/research-publications/staff-insights/residential-energy-efficiency-premiums
3bcb48069d7180bccaab5d0677b6b2c1b7bdefa2aba7b15bf224e4fca468f418,CSV,330,documents,,,files\www.centralbank.ie\_long\927dacd9eae27b4919c60cda\figure-3__q-710727d038__u-927dacd9eae2.csv,https://www.centralbank.ie/docs/default-source/research-exchange/staff-insights/watt's-it-worth/figure-3.csv?sfvrsn=f441761a_1,1,https://www.centralbank.ie/docs/default-source/research-exchange/staff-insights/watt's-it-worth/figure-3.csv?sfvrsn=f441761a_1,https://www.centralbank.ie/publication/research-publications/staff-insights/residential-energy-efficiency-premiums
91a5c5c36715760687cee5389ac56e96db8fc7e73d188f39b0c232192123a822,CSV,159,documents,,,files\www.centralbank.ie\_long\60cc5f5af73af0fee9180e1b\figure-4__q-b46d663239__u-60cc5f5af73a.csv,https://www.centralbank.ie/docs/default-source/research-exchange/staff-insights/watt's-it-worth/figure-4.csv?sfvrsn=c941761a_1,1,https://www.centralbank.ie/docs/default-source/research-exchange/staff-insights/watt's-it-worth/figure-4.csv?sfvrsn=c941761a_1,https://www.centralbank.ie/publication/research-publications/staff-insights/residential-energy-efficiency-premiums
f30bab563129ac65297c0e1f62e806ec30c091f6d8faf159e6cbaab63cf32c66,CSV,4026,documents,,,files\www.centralbank.ie\_long\83d33bc908d3e5b84c88e2d2\new-non-bank-lending-to-irish-enterprises-chart-1f82613144644.csv,https://www.centralbank.ie/docs/default-source/statistics/frontier-statistics/new-non-bank-lending/new-non-bank-lending-to-irish-enterprises-chart-1f82613144644629bacc1ff0000269695.csv?sfvrsn=4162711a_0,1,https://www.centralbank.ie/docs/default-source/statistics/frontier-statistics/new-non-bank-lending/new-non-bank-lending-to-irish-enterprises-chart-1f82613144644629bacc1ff0000269695.csv?sfvrsn=4162711a_0,https://www.centralbank.ie/statistics/frontierstatistics/non-bank-new-lending-to-irish-enterprises
8a3ffefa5666e5fedcf2d70e2c1da936dd748b71efc274ceed6c8eb98be42be6,CSV,3835,documents,,,files\www.centralbank.ie\_long\a897c0bba25d0de557dc9b63\new-non-bank-lending-to-irish-enterprises-chart-2272713144644.csv,https://www.centralbank.ie/docs/default-source/statistics/frontier-statistics/new-non-bank-lending/new-non-bank-lending-to-irish-enterprises-chart-2272713144644629bacc1ff0000269695.csv?sfvrsn=9e63711a_0,1,https://www.centralbank.ie/docs/default-source/statistics/frontier-statistics/new-non-bank-lending/new-non-bank-lending-to-irish-enterprises-chart-2272713144644629bacc1ff0000269695.csv?sfvrsn=9e63711a_0,https://www.centralbank.ie/statistics/frontierstatistics/non-bank-new-lending-to-irish-enterprises
a1baa30d28646e896e28672fb792eec4738b0658a56a42d2a5429fb3ab22d562,CSV,1031,documents,,,files\www.centralbank.ie\_long\38be49de23d5c6d1b5f4fe9b\new-non-bank-lending-to-irish-enterprises-chart-3ee2613144644.csv,https://www.centralbank.ie/docs/default-source/statistics/frontier-statistics/new-non-bank-lending/new-non-bank-lending-to-irish-enterprises-chart-3ee2613144644629bacc1ff0000269695.csv?sfvrsn=5762711a_0,1,https://www.centralbank.ie/docs/default-source/statistics/frontier-statistics/new-non-bank-lending/new-non-bank-lending-to-irish-enterprises-chart-3ee2613144644629bacc1ff0000269695.csv?sfvrsn=5762711a_0,https://www.centralbank.ie/statistics/frontierstatistics/non-bank-new-lending-to-irish-enterprises
1d694a2e382580fbc57bbe9f73b5f86478f0cdfb001115b135a2c77acbd76e29,CSV,478,documents,,,files\www.centralbank.ie\_long\45d2dd28f6c3389fce490d96\new-non-bank-lending-to-irish-enterprises-chart-4b82713144644.csv,https://www.centralbank.ie/docs/default-source/statistics/frontier-statistics/new-non-bank-lending/new-non-bank-lending-to-irish-enterprises-chart-4b82713144644629bacc1ff0000269695.csv?sfvrsn=163711a_0,1,https://www.centralbank.ie/docs/default-source/statistics/frontier-statistics/new-non-bank-lending/new-non-bank-lending-to-irish-enterprises-chart-4b82713144644629bacc1ff0000269695.csv?sfvrsn=163711a_0,https://www.centralbank.ie/statistics/frontierstatistics/non-bank-new-lending-to-irish-enterprises
4b44d21a13ed3454d81a831ca2c4b0441c35d93a0df7be7c33eb29a156ae4356,CSV,1393,documents,,,files\www.centralbank.ie\_long\3cd1cec00b1973b237b78943\new-non-bank-lending-to-irish-enterprises-chart-5c32713144644.csv,https://www.centralbank.ie/docs/default-source/statistics/frontier-statistics/new-non-bank-lending/new-non-bank-lending-to-irish-enterprises-chart-5c32713144644629bacc1ff0000269695.csv?sfvrsn=7a63711a_0,1,https://www.centralbank.ie/docs/default-source/statistics/frontier-statistics/new-non-bank-lending/new-non-bank-lending-to-irish-enterprises-chart-5c32713144644629bacc1ff0000269695.csv?sfvrsn=7a63711a_0,https://www.centralbank.ie/statistics/frontierstatistics/non-bank-new-lending-to-irish-enterprises
c0e0a8e74d1a890d9bffa2f23720df97b70642811b36ccda0830318523972a69,CSV,169,documents,,,files\www.centralbank.ie\_long\e91daed0c88a6d0d82f3457a\new-non-bank-lending-to-irish-enterprises-chart-6dc2713144644.csv,https://www.centralbank.ie/docs/default-source/statistics/frontier-statistics/new-non-bank-lending/new-non-bank-lending-to-irish-enterprises-chart-6dc2713144644629bacc1ff0000269695.csv?sfvrsn=6563711a_0,1,https://www.centralbank.ie/docs/default-source/statistics/frontier-statistics/new-non-bank-lending/new-non-bank-lending-to-irish-enterprises-chart-6dc2713144644629bacc1ff0000269695.csv?sfvrsn=6563711a_0,https://www.centralbank.ie/statistics/frontierstatistics/non-bank-new-lending-to-irish-enterprises
1dcdf231bc8781a9adfaaad19e881971fc7666099052f01156bbbd372a81c2b1,CSV,534,documents,,,files\www.centralbank.ie\_long\2ddcf6a5a2506f501479e209\new-non-bank-lending-to-irish-enterprises-chart-7ed2713144644.csv,https://www.centralbank.ie/docs/default-source/statistics/frontier-statistics/new-non-bank-lending/new-non-bank-lending-to-irish-enterprises-chart-7ed2713144644629bacc1ff0000269695.csv?sfvrsn=5463711a_0,1,https://www.centralbank.ie/docs/default-source/statistics/frontier-statistics/new-non-bank-lending/new-non-bank-lending-to-irish-enterprises-chart-7ed2713144644629bacc1ff0000269695.csv?sfvrsn=5463711a_0,https://www.centralbank.ie/statistics/frontierstatistics/non-bank-new-lending-to-irish-enterprises
267151defab5ed6188e8739e71764ddd31fcf55568df63626c0676f01e7366a7,CSV,12304,opendata,Bank Lending to Irish Businesses,Ana. 1 Loans to Irish businesses,files\opendata.centralbank.ie\_long\38e74179c320702399b8c57b\ana.-1-loans-to-irish-businesses__u-38e74179c320.csv,https://opendata.centralbank.ie/dataset/802c4ab7-61b8-4481-83ba-9da5665150d3/resource/59c9b335-2375-4264-bd71-9d9656356217/download/ana.-1-loans-to-irish-businesses.csv,1,https://opendata.centralbank.ie/dataset/802c4ab7-61b8-4481-83ba-9da5665150d3/resource/59c9b335-2375-4264-bd71-9d9656356217/download/ana.-1-loans-to-irish-businesses.csv,https://opendata.centralbank.ie/dataset/802c4ab7-61b8-4481-83ba-9da5665150d3
f53dac11d2b2c5a0c62c47dae8aaf9599aa8d4414b2edb97b992469d6f3a159b,CSV,16157,opendata,Bank Lending to Irish Businesses,Ana. 2 Loans to Irish SME's.csv,files\opendata.centralbank.ie\_long\2e2e7752a2c679286b5c0dc2\ana.-2-loans-to-irish-smes__u-2e2e7752a2c6.csv,https://opendata.centralbank.ie/dataset/802c4ab7-61b8-4481-83ba-9da5665150d3/resource/a1f4aa8c-cf84-4fdb-a148-55305609725b/download/ana.-2-loans-to-irish-smes.csv,1,https://opendata.centralbank.ie/dataset/802c4ab7-61b8-4481-83ba-9da5665150d3/resource/a1f4aa8c-cf84-4fdb-a148-55305609725b/download/ana.-2-loans-to-irish-smes.csv,https://opendata.centralbank.ie/dataset/802c4ab7-61b8-4481-83ba-9da5665150d3
e1740bdea204e7fb3e0cf06238287709a33616a7afbc922f03b2a0e62ada2ef5,CSV,1191817,opendata,Card Payments,ie_table_a-13_credit_card_statistics.csv,files\opendata.centralbank.ie\_long\5cf120e6479b4fc19de121b2\ie_table_a-13_credit_card_statistics__u-5cf120e6479b.csv,https://opendata.centralbank.ie/dataset/382c3cf6-a718-4aaa-9008-b5d7a3372ffe/resource/a59de450-a461-4188-8bc6-1177c47237c8/download/ie_table_a-13_credit_card_statistics.csv,1,https://opendata.centralbank.ie/dataset/382c3cf6-a718-4aaa-9008-b5d7a3372ffe/resource/a59de450-a461-4188-8bc6-1177c47237c8/download/ie_table_a-13_credit_card_statistics.csv,https://opendata.centralbank.ie/dataset/382c3cf6-a718-4aaa-9008-b5d7a3372ffe
de02915f339bfe478deee166f38d020235afbbc8b7dc792ebac726ec18de6a47,CSV,228915,opendata,Credit Card Statistics,Table-a-13-1-credit-card-statistics---discontinued.csv,files\opendata.centralbank.ie\_long\54eeb543cc5832490641523b\table-a-13-1-credit-card-statistics-discontinued__u-54ee.csv,https://opendata.centralbank.ie/dataset/43815c9c-222e-48fe-afe4-af30ccdb53cd/resource/b3236677-a2df-4127-86e3-3b459f6da049/download/table-a-13-1-credit-card-statistics-discontinued.csv,1,https://opendata.centralbank.ie/dataset/43815c9c-222e-48fe-afe4-af30ccdb53cd/resource/b3236677-a2df-4127-86e3-3b459f6da049/download/table-a-13-1-credit-card-statistics-discontinued.csv,https://opendata.centralbank.ie/dataset/43815c9c-222e-48fe-afe4-af30ccdb53cd
7d30b4ef86ffbfbfc0d1d5ee63d60ce075bd3229bad8089c540df2dff38ee257,CSV,881933,opendata,Daily Credit and Debit Card Statistics,Table A.13.2 Daily Card Payments Data.csv,files\opendata.centralbank.ie\_long\6a2567999249cb4fb462b504\table-a.13.2-daily-card-payments-data__u-6a2567999249.csv,https://opendata.centralbank.ie/dataset/5ca0e5b4-3f2b-4865-b9f8-ed47f5e550ec/resource/0bd3196c-1688-44de-94c3-f8deb1be04a4/download/table-a.13.2-daily-card-payments-data.csv,1,https://opendata.centralbank.ie/dataset/5ca0e5b4-3f2b-4865-b9f8-ed47f5e550ec/resource/0bd3196c-1688-44de-94c3-f8deb1be04a4/download/table-a.13.2-daily-card-payments-data.csv,https://opendata.centralbank.ie/dataset/5ca0e5b4-3f2b-4865-b9f8-ed47f5e550ec
6ec24d7f047934b1442e65d269fca5f0120a10f31da7612165550b4b33c661db,CSV,16193724,opendata,Data Repository SFCR Template Information,Data Repository SFCR Template Information 2022,files\opendata.centralbank.ie\_long\2b9899e76931f071ae3794b4\data-repository-sfcr-template-information-2022__u-2b9899.csv,https://opendata.centralbank.ie/dataset/c0ba9fbe-0103-4b96-b47d-b2041abec5ce/resource/27e3399c-b007-4c3f-871b-7ad53726622a/download/data-repository-sfcr-template-information-2022.csv,1,https://opendata.centralbank.ie/dataset/c0ba9fbe-0103-4b96-b47d-b2041abec5ce/resource/27e3399c-b007-4c3f-871b-7ad53726622a/download/data-repository-sfcr-template-information-2022.csv,https://opendata.centralbank.ie/dataset/c0ba9fbe-0103-4b96-b47d-b2041abec5ce
61796f259f7a6f93f0c5ca7f247546d5bfb659248b1472f89b631d5d7da4ab5b,CSV,13116303,opendata,Data Repository SFCR Template Information,Data Repository SFCR Template Information 2023,files\opendata.centralbank.ie\_long\fa2fab24779bd65a2b099a83\data-repository-sfcr-template-information-2023__u-fa2fab.csv,https://opendata.centralbank.ie/dataset/c0ba9fbe-0103-4b96-b47d-b2041abec5ce/resource/b32e5fd0-c507-4192-b498-fba4b674302d/download/data-repository-sfcr-template-information-2023.csv,1,https://opendata.centralbank.ie/dataset/c0ba9fbe-0103-4b96-b47d-b2041abec5ce/resource/b32e5fd0-c507-4192-b498-fba4b674302d/download/data-repository-sfcr-template-information-2023.csv,https://opendata.centralbank.ie/dataset/c0ba9fbe-0103-4b96-b47d-b2041abec5ce
9eabf32e949b281a8af141a06ac9040044769f401c23083f8d5f9966ca276729,CSV,12676146,opendata,Data Repository SFCR Template Information,Data Repository SFCR Template Information 2024,files\opendata.centralbank.ie\_long\0dd40fcb65840582977bcabd\data-repository-sfcr-template-information-2024__u-0dd40f.csv,https://opendata.centralbank.ie/dataset/c0ba9fbe-0103-4b96-b47d-b2041abec5ce/resource/da8d1c72-9def-4090-833a-36949d5460bb/download/data-repository-sfcr-template-information-2024.csv,2,https://opendata.centralbank.ie/dataset/c0ba9fbe-0103-4b96-b47d-b2041abec5ce/resource/da8d1c72-9def-4090-833a-36949d5460bb/download/data-repository-sfcr-template-information-2024.csv | https://www.centralbank.ie/docs/default-source/regulation/industry-market-sectors/insurance-reinsurance/solvency-ii/solvency-and-financial-condition-report-repository/data-repository-sfcr-template-information-2024.csv?sfvrsn=1e4d6f1a_2,https://opendata.centralbank.ie/dataset/c0ba9fbe-0103-4b96-b47d-b2041abec5ce | https://www.centralbank.ie/regulation/industry-market-sectors/insurance-reinsurance/solvency-and-financial-condition-report-repository
04bbc6b39043c3ed2ec0b15fd84cece941e582001afe11d5daacdfbdf9654e9f,CSV,123451,opendata,Gross National Debt,Gross National Debt,files\opendata.centralbank.ie\_long\6364d790f39a86c9aa0db63e\gross_national_debt__u-6364d790f39a.csv,https://opendata.centralbank.ie/dataset/518f4e37-b60f-45db-ad7f-001f52fd6f9e/resource/0ec622ab-de07-4072-a53e-959128d37a7e/download/gross_national_debt.csv,1,https://opendata.centralbank.ie/dataset/518f4e37-b60f-45db-ad7f-001f52fd6f9e/resource/0ec622ab-de07-4072-a53e-959128d37a7e/download/gross_national_debt.csv,https://opendata.centralbank.ie/dataset/518f4e37-b60f-45db-ad7f-001f52fd6f9e
87eec08150a24931bf2885c533b0e54473a43e50ac4c704231b61e7a9fcfd0f0,CSV,23523,opendata,Holders of Long-Term Irish Government Bonds,Irish Gov Bonds 1969-2001.csv,files\opendata.centralbank.ie\_long\dfbeafd9e8f4716328601b8f\irish-gov-bonds-1969-2001__u-dfbeafd9e8f4.csv,https://opendata.centralbank.ie/dataset/0e335bc9-da3d-4364-87f4-4362dd75bcd7/resource/6929c44d-1cee-4575-a2a7-bcdece7f3433/download/irish-gov-bonds-1969-2001.csv,1,https://opendata.centralbank.ie/dataset/0e335bc9-da3d-4364-87f4-4362dd75bcd7/resource/6929c44d-1cee-4575-a2a7-bcdece7f3433/download/irish-gov-bonds-1969-2001.csv,https://opendata.centralbank.ie/dataset/0e335bc9-da3d-4364-87f4-4362dd75bcd7
e61ac5c2da172eee3ef4e0cb23039c1fbaffeef21178f24f5ce9ccced1e31466,CSV,33629,opendata,Holders of Long-Term Irish Government Bonds,Irish Gov Bonds 2001-2011.csv,files\opendata.centralbank.ie\_long\8b6e8c5f59357b91f0f2af56\irish-gov-bonds-2001-2011__u-8b6e8c5f5935.csv,https://opendata.centralbank.ie/dataset/0e335bc9-da3d-4364-87f4-4362dd75bcd7/resource/4397feaa-9946-4cac-bb03-21eddd99877e/download/irish-gov-bonds-2001-2011.csv,1,https://opendata.centralbank.ie/dataset/0e335bc9-da3d-4364-87f4-4362dd75bcd7/resource/4397feaa-9946-4cac-bb03-21eddd99877e/download/irish-gov-bonds-2001-2011.csv,https://opendata.centralbank.ie/dataset/0e335bc9-da3d-4364-87f4-4362dd75bcd7
81f6842e3542103348e4e0c1c9a166f5a5a07a53ffc605304f843cfbfb782834,CSV,4671,opendata,Holders of Long-Term Irish Government Bonds,Irish Gov Bonds 2012-2013.csv,files\opendata.centralbank.ie\_long\df385bbd9a0abb386881a4e1\irish-gov-bonds-2012-2013__u-df385bbd9a0a.csv,https://opendata.centralbank.ie/dataset/0e335bc9-da3d-4364-87f4-4362dd75bcd7/resource/4e96abe8-ae1f-4f42-bb6d-19a1f93c0359/download/irish-gov-bonds-2012-2013.csv,1,https://opendata.centralbank.ie/dataset/0e335bc9-da3d-4364-87f4-4362dd75bcd7/resource/4e96abe8-ae1f-4f42-bb6d-19a1f93c0359/download/irish-gov-bonds-2012-2013.csv,https://opendata.centralbank.ie/dataset/0e335bc9-da3d-4364-87f4-4362dd75bcd7
3112b592081335135890084a636483757c1e539aee097642958e6168c2e79825,CSV,9184,opendata,Holders of Long-Term Irish Government Bonds,Irish Gov Bonds 2014-2016.csv,files\opendata.centralbank.ie\_long\a9055d00837d387984cb2580\irish-gov-bonds-2014-2016__u-a9055d00837d.csv,https://opendata.centralbank.ie/dataset/0e335bc9-da3d-4364-87f4-4362dd75bcd7/resource/3c9968bb-c1fa-447b-a174-9d83248f984e/download/irish-gov-bonds-2014-2016.csv,1,https://opendata.centralbank.ie/dataset/0e335bc9-da3d-4364-87f4-4362dd75bcd7/resource/3c9968bb-c1fa-447b-a174-9d83248f984e/download/irish-gov-bonds-2014-2016.csv,https://opendata.centralbank.ie/dataset/0e335bc9-da3d-4364-87f4-4362dd75bcd7
078684e117f87371f0e5c9d8e6c87c48409f821ef6d9437a2b4c1accd0983c20,CSV,20841,opendata,Holders of Long-Term Irish Government Bonds,Irish Gov Bonds 2016-2021.csv,files\opendata.centralbank.ie\_long\55b4a411d6c1d82ad0341abc\irish-gov-bonds-2016-2021__u-55b4a411d6c1.csv,https://opendata.centralbank.ie/dataset/0e335bc9-da3d-4364-87f4-4362dd75bcd7/resource/1ec4eda0-1e73-4264-ac6b-0199fc99e0cc/download/irish-gov-bonds-2016-2021.csv,1,https://opendata.centralbank.ie/dataset/0e335bc9-da3d-4364-87f4-4362dd75bcd7/resource/1ec4eda0-1e73-4264-ac6b-0199fc99e0cc/download/irish-gov-bonds-2016-2021.csv,https://opendata.centralbank.ie/dataset/0e335bc9-da3d-4364-87f4-4362dd75bcd7
0a486286d5fc0e96d05f45a526b2717df06967a77a87cc35a235b572f64cb57c,CSV,17017,opendata,Holders of Long-Term Irish Government Bonds,Irish Gov Bonds Current.csv,files\opendata.centralbank.ie\_long\7f08bcf42cceac068c39a013\irish-gov-bonds-current__u-7f08bcf42cce.csv,https://opendata.centralbank.ie/dataset/0e335bc9-da3d-4364-87f4-4362dd75bcd7/resource/a98249cc-e82b-49f0-bbe5-1c64a06ae580/download/irish-gov-bonds-current.csv,1,https://opendata.centralbank.ie/dataset/0e335bc9-da3d-4364-87f4-4362dd75bcd7/resource/a98249cc-e82b-49f0-bbe5-1c64a06ae580/download/irish-gov-bonds-current.csv,https://opendata.centralbank.ie/dataset/0e335bc9-da3d-4364-87f4-4362dd75bcd7
a7ff081308db983f878767662c8f98adb319e132e96097ff3335ff1f0dea681f,CSV,213521,opendata,Irish Insurance Corporations Balance Sheet,ICQ,files\opendata.centralbank.ie\_long\408981fb0280954fbdea75dd\icq__u-408981fb0280.csv,https://opendata.centralbank.ie/dataset/28f9462e-eafb-4b21-9616-c1748d3de9b5/resource/311837e4-09e9-4378-b4de-14aa2b5d68b9/download/icq.csv,1,https://opendata.centralbank.ie/dataset/28f9462e-eafb-4b21-9616-c1748d3de9b5/resource/311837e4-09e9-4378-b4de-14aa2b5d68b9/download/icq.csv,https://opendata.centralbank.ie/dataset/28f9462e-eafb-4b21-9616-c1748d3de9b5
587c631f9cfd6a3264a62a5b47434332eb574764f72a13a902be48ef7720d824,CSV,6537,opendata,Irish Insurance Corporations Premiums and Claims,ICA.csv,files\opendata.centralbank.ie\_long\4969defa64eea3b1be4c4ed8\ica__u-4969defa64ee.csv,https://opendata.centralbank.ie/dataset/f4af4599-2954-42ce-a663-9b4f59653f05/resource/4279427f-fdbc-48ff-b9ff-70a45d1999e6/download/ica.csv,1,https://opendata.centralbank.ie/dataset/f4af4599-2954-42ce-a663-9b4f59653f05/resource/4279427f-fdbc-48ff-b9ff-70a45d1999e6/download/ica.csv,https://opendata.centralbank.ie/dataset/f4af4599-2954-42ce-a663-9b4f59653f05
cb4cd5a6dc63a2d77e146a20a445eaab8790ef278e46ffbddbe2806c4f744fb2,CSV,249991,opendata,Irish Pension Funds Balance Sheet,PFQ.csv,files\opendata.centralbank.ie\_long\7ac53eb051d12c09eafa2383\pfq__u-7ac53eb051d1.csv,https://opendata.centralbank.ie/dataset/aa25e384-8201-4e1e-a365-e2c1497b2635/resource/9bdf88e9-9fea-4825-9cba-effee56c13e5/download/pfq.csv,1,https://opendata.centralbank.ie/dataset/aa25e384-8201-4e1e-a365-e2c1497b2635/resource/9bdf88e9-9fea-4825-9cba-effee56c13e5/download/pfq.csv,https://opendata.centralbank.ie/dataset/aa25e384-8201-4e1e-a365-e2c1497b2635
1029a50b36ba0e6177fd11b17746ea7a452ad1b1cfd45db3ba9abba8c3f34678,CSV,2502,opendata,Irish Pension Funds Membership,PFM.csv,files\opendata.centralbank.ie\_long\73615b169685050ba01aba5c\pfm__u-73615b169685.csv,https://opendata.centralbank.ie/dataset/e461496b-d3bd-451c-ae99-d84219a20ca7/resource/155a8460-58ff-4261-9bf5-02b224314f1c/download/pfm.csv,1,https://opendata.centralbank.ie/dataset/e461496b-d3bd-451c-ae99-d84219a20ca7/resource/155a8460-58ff-4261-9bf5-02b224314f1c/download/pfm.csv,https://opendata.centralbank.ie/dataset/e461496b-d3bd-451c-ae99-d84219a20ca7
bbf61294567123a6222e3e7eff514006ef7d78cb8132d87967ff39201f1e3434,CSV,275933,opendata,Irish Resident Investment Funds Issues and Redemptions by Geography,IF Equity Holders by Geography.csv,files\opendata.centralbank.ie\_long\20d2a5ede291b9740832f198\if-equity-holders-by-geography__u-20d2a5ede291.csv,https://opendata.centralbank.ie/dataset/c70e9459-2c08-411c-9856-27d56cd1e75c/resource/8d633c08-4351-4cc6-a9ed-c9fa0b9f2bea/download/if-equity-holders-by-geography.csv,1,https://opendata.centralbank.ie/dataset/c70e9459-2c08-411c-9856-27d56cd1e75c/resource/8d633c08-4351-4cc6-a9ed-c9fa0b9f2bea/download/if-equity-holders-by-geography.csv,https://opendata.centralbank.ie/dataset/c70e9459-2c08-411c-9856-27d56cd1e75c
ab939d62597ecf861ea26547aee698958cfbeb4853bd6610f69d159b01e09052,CSV,6265447,opendata,Irish Resident Investment Funds Statistics,Irish-resident-investment-funds-statistics.csv,files\opendata.centralbank.ie\_long\5fbcf97c7056494e336a6613\irish-resident-investment-funds-statistics__u-5fbcf97c70.csv,https://opendata.centralbank.ie/dataset/99034f7b-98fc-4dba-b0d5-c3b2a26b4366/resource/af3f4511-aa20-41b5-91d2-669bd1c5b178/download/irish-resident-investment-funds-statistics.csv,1,https://opendata.centralbank.ie/dataset/99034f7b-98fc-4dba-b0d5-c3b2a26b4366/resource/af3f4511-aa20-41b5-91d2-669bd1c5b178/download/irish-resident-investment-funds-statistics.csv,https://opendata.centralbank.ie/dataset/99034f7b-98fc-4dba-b0d5-c3b2a26b4366
025bc79e54073ab0e1720169706b4f2349ce3584225b10902084cb2b68dbbcb4,CSV,80969,opendata,Irish Securities Holdings by Sector,Securities holdings statistics.csv,files\opendata.centralbank.ie\_long\582546df158eaab5613705b9\securities-holdings-statistics__u-582546df158e.csv,https://opendata.centralbank.ie/dataset/aa4fc25c-0415-49bb-99ac-4ffa1a340e0e/resource/849909bf-6039-4d8b-b6b7-1f019a58da04/download/securities-holdings-statistics.csv,1,https://opendata.centralbank.ie/dataset/aa4fc25c-0415-49bb-99ac-4ffa1a340e0e/resource/849909bf-6039-4d8b-b6b7-1f019a58da04/download/securities-holdings-statistics.csv,https://opendata.centralbank.ie/dataset/aa4fc25c-0415-49bb-99ac-4ffa1a340e0e
8adb5b3896f820074c08397dba381e48107ed5e28786c7967d6000c044e958e9,CSV,1990692,opendata,Irish Special Purpose Entities,SPEData.csv,files\opendata.centralbank.ie\_long\2f21aaeecf30aae2555d300f\spedata2026-06-05__u-2f21aaeecf30.csv,https://opendata.centralbank.ie/dataset/59b59daf-c864-43b4-af16-73fa81886436/resource/b6042235-71b1-4916-89e4-b54730fdf5cc/download/spedata2026-06-05.csv,1,https://opendata.centralbank.ie/dataset/59b59daf-c864-43b4-af16-73fa81886436/resource/b6042235-71b1-4916-89e4-b54730fdf5cc/download/spedata2026-06-05.csv,https://opendata.centralbank.ie/dataset/59b59daf-c864-43b4-af16-73fa81886436
f1cdfe245290d5d345661338d9b2b95e5235312bfb4c4568ae9077fcd25cab48,CSV,30366521,opendata,Money and Banking Statistics,Money and Banking Statistics,files\opendata.centralbank.ie\_long\b930a0bad56807f3a9929a6d\money-and-banking-statistics__u-b930a0bad568.csv,https://opendata.centralbank.ie/dataset/f178f1ef-6be3-4377-8441-433e3531c11f/resource/ea2149b9-3429-4f9f-ab4f-99803f32b537/download/money-and-banking-statistics.csv,1,https://opendata.centralbank.ie/dataset/f178f1ef-6be3-4377-8441-433e3531c11f/resource/ea2149b9-3429-4f9f-ab4f-99803f32b537/download/money-and-banking-statistics.csv,https://opendata.centralbank.ie/dataset/f178f1ef-6be3-4377-8441-433e3531c11f
b81c3299921b0b6e9a1df303c8160b3b3757bcf3606f36ece1c9adce1668f2f6,CSV,15382,opendata,Monthly Card Payment Statistics,PCI Card Issuance,files\opendata.centralbank.ie\_long\323abfa2a1cef06ccf20c4c7\mpci_data__u-323abfa2a1ce.csv,https://opendata.centralbank.ie/dataset/19af4a3e-ed9f-41ee-ad9b-52dc72354a15/resource/09fb7335-f89f-4c47-89be-5e4156a61a37/download/mpci_data.csv,1,https://opendata.centralbank.ie/dataset/19af4a3e-ed9f-41ee-ad9b-52dc72354a15/resource/09fb7335-f89f-4c47-89be-5e4156a61a37/download/mpci_data.csv,https://opendata.centralbank.ie/dataset/19af4a3e-ed9f-41ee-ad9b-52dc72354a15
b8619730cc9a83c0f83051a527c0df4bd85b4f7db8c93be701fb0dae0fa39905,CSV,561960,opendata,Monthly Card Payment Statistics,PCP Monthly Card Payments,files\opendata.centralbank.ie\_long\3717bcd6e002168b6a6fe091\mpcp_cardpayments__u-3717bcd6e002.csv,https://opendata.centralbank.ie/dataset/19af4a3e-ed9f-41ee-ad9b-52dc72354a15/resource/48aca6f9-bfd2-40fd-b746-e93c0ee32e41/download/mpcp_cardpayments.csv,1,https://opendata.centralbank.ie/dataset/19af4a3e-ed9f-41ee-ad9b-52dc72354a15/resource/48aca6f9-bfd2-40fd-b746-e93c0ee32e41/download/mpcp_cardpayments.csv,https://opendata.centralbank.ie/dataset/19af4a3e-ed9f-41ee-ad9b-52dc72354a15
0eea6088f9bb5af17661eb5c9e0a9b543a39e971cb9d1b3e1d9d478da6f73a5f,CSV,3103437,opendata,Monthly Card Payment Statistics,PCY Card Payments By County,files\opendata.centralbank.ie\_long\9c063e121796391a2373f338\mpcy_cardpaymentsbycounty__u-9c063e121796.csv,https://opendata.centralbank.ie/dataset/19af4a3e-ed9f-41ee-ad9b-52dc72354a15/resource/5503f6fb-b83b-472d-b755-694f4daf4a58/download/mpcy_cardpaymentsbycounty.csv,1,https://opendata.centralbank.ie/dataset/19af4a3e-ed9f-41ee-ad9b-52dc72354a15/resource/5503f6fb-b83b-472d-b755-694f4daf4a58/download/mpcy_cardpaymentsbycounty.csv,https://opendata.centralbank.ie/dataset/19af4a3e-ed9f-41ee-ad9b-52dc72354a15
c033469a82141fda63603724e83bba113364099bc8321d89b1042feb8c1d996b,CSV,78081879,opendata,Monthly Card Payment Statistics,PMC Card Payments by Merchant Category,files\opendata.centralbank.ie\_long\acc2008d22f59d24aa3c321e\mpmc_cardpaymentsbymerchantcategory__u-acc2008d22f5.csv,https://opendata.centralbank.ie/dataset/19af4a3e-ed9f-41ee-ad9b-52dc72354a15/resource/6ecf9975-8bc9-4872-a62c-7916a7f8988f/download/mpmc_cardpaymentsbymerchantcategory.csv,1,https://opendata.centralbank.ie/dataset/19af4a3e-ed9f-41ee-ad9b-52dc72354a15/resource/6ecf9975-8bc9-4872-a62c-7916a7f8988f/download/mpmc_cardpaymentsbymerchantcategory.csv,https://opendata.centralbank.ie/dataset/19af4a3e-ed9f-41ee-ad9b-52dc72354a15
b3f3edeffc2f00c261cb4e897a4891b419825041a3fa2a51abcd8b79cc4401af,CSV,71741,opendata,NCID Liability Insurance Data - Premium,NCID_Open_Data_EPL_Premium,files\opendata.centralbank.ie\_long\2fbf27cff8b0b31b1f166b18\ncid_open_data_epl_premium__u-2fbf27cff8b0.csv,https://opendata.centralbank.ie/dataset/59ed6496-cb43-48db-afe4-668978edd1a1/resource/e0fa566a-a86d-4182-90d3-238d5b094d91/download/ncid_open_data_epl_premium.csv,1,https://opendata.centralbank.ie/dataset/59ed6496-cb43-48db-afe4-668978edd1a1/resource/e0fa566a-a86d-4182-90d3-238d5b094d91/download/ncid_open_data_epl_premium.csv,https://opendata.centralbank.ie/dataset/59ed6496-cb43-48db-afe4-668978edd1a1
97f4f34ee3984ec668a360632b63b90d3eee46801fec4e3fcb47802f20408f14,CSV,4894,opendata,NCID Liability Insurance Data - Ultimate Claims,NCID_Liability_Ultimate_Claims,files\opendata.centralbank.ie\_long\1af199b40f4e2d7512e0d637\ncid_open_data_epl_ultimates__u-1af199b40f4e.csv,https://opendata.centralbank.ie/dataset/82161810-35fe-4540-8bf6-98eb7da9db92/resource/6bf24905-3d4e-4217-b219-7761f1181013/download/ncid_open_data_epl_ultimates.csv,1,https://opendata.centralbank.ie/dataset/82161810-35fe-4540-8bf6-98eb7da9db92/resource/6bf24905-3d4e-4217-b219-7761f1181013/download/ncid_open_data_epl_ultimates.csv,https://opendata.centralbank.ie/dataset/82161810-35fe-4540-8bf6-98eb7da9db92
1d5dc36c148869c7ca5d5aa1e2c8b03c8c96bb00db596583a1b92249f7ce6974,CSV,4356,opendata,NCID Liability Insurance Data – Claim Settlements,NCID_Open_Data_EPL_Settled_Claims_Guidelines,files\opendata.centralbank.ie\_long\334e8170a1c2fdbe20fba5d2\ncid_open_data_epl_settled_claims_guidelines__u-334e8170.csv,https://opendata.centralbank.ie/dataset/72b47a84-e379-4439-9f02-afbb4869c1be/resource/09efc0db-2a24-4101-a5c8-3939da2b8360/download/ncid_open_data_epl_settled_claims_guidelines.csv,1,https://opendata.centralbank.ie/dataset/72b47a84-e379-4439-9f02-afbb4869c1be/resource/09efc0db-2a24-4101-a5c8-3939da2b8360/download/ncid_open_data_epl_settled_claims_guidelines.csv,https://opendata.centralbank.ie/dataset/72b47a84-e379-4439-9f02-afbb4869c1be
993ab3205d8fcac9b3e8b087946b9c92b731fe382e92d78bda9887eda7d61f7f,CSV,3541,opendata,NCID Liability Insurance Data – Claim Settlements,NCID_Open_Data_EPL_Settled_Claims_InjDam,files\opendata.centralbank.ie\_long\a9c654691ec454a591f38c97\ncid_open_data_epl_settled_claims_injdam__u-a9c654691ec4.csv,https://opendata.centralbank.ie/dataset/72b47a84-e379-4439-9f02-afbb4869c1be/resource/4057b4e9-d3ff-4900-8d06-413a0987cce0/download/ncid_open_data_epl_settled_claims_injdam.csv,1,https://opendata.centralbank.ie/dataset/72b47a84-e379-4439-9f02-afbb4869c1be/resource/4057b4e9-d3ff-4900-8d06-413a0987cce0/download/ncid_open_data_epl_settled_claims_injdam.csv,https://opendata.centralbank.ie/dataset/72b47a84-e379-4439-9f02-afbb4869c1be
d920a13f2613b33966962c03a0df782693aee2493dde323e77274ef2b4dfd0cd,CSV,7784,opendata,NCID Liability Insurance Data – Claim Settlements,NCID_Open_Data_EPL_Settled_Claims_Settlement_Channel,files\opendata.centralbank.ie\_long\cd86770330547f9e86553ac8\ncid_open_data_epl_settled_claims_settlement_channel__u-.csv,https://opendata.centralbank.ie/dataset/72b47a84-e379-4439-9f02-afbb4869c1be/resource/fba4e27c-73a9-4bd8-9f27-59282ed47c12/download/ncid_open_data_epl_settled_claims_settlement_channel.csv,1,https://opendata.centralbank.ie/dataset/72b47a84-e379-4439-9f02-afbb4869c1be/resource/fba4e27c-73a9-4bd8-9f27-59282ed47c12/download/ncid_open_data_epl_settled_claims_settlement_channel.csv,https://opendata.centralbank.ie/dataset/72b47a84-e379-4439-9f02-afbb4869c1be
4c5b4b6cc5e8efce9354e73950bc166f1326ef69e5c0df82c6ae42fa2fc96b1c,CSV,2887,opendata,NCID Liability Insurance Data – Claim Settlements,NCID_Open_Data_EPL_Settled_Claims_Settlement_Cost_Band,files\opendata.centralbank.ie\_long\a269fe95cfa9b3cf1c9b440d\ncid_open_data_epl_settled_claims_settlement_cost_band__.csv,https://opendata.centralbank.ie/dataset/72b47a84-e379-4439-9f02-afbb4869c1be/resource/f2671d4b-83bd-44a3-821c-cdcd91071f11/download/ncid_open_data_epl_settled_claims_settlement_cost_band.csv,1,https://opendata.centralbank.ie/dataset/72b47a84-e379-4439-9f02-afbb4869c1be/resource/f2671d4b-83bd-44a3-821c-cdcd91071f11/download/ncid_open_data_epl_settled_claims_settlement_cost_band.csv,https://opendata.centralbank.ie/dataset/72b47a84-e379-4439-9f02-afbb4869c1be
c1501f432e9a77304b27d75ae832a3fce1385959dcd9fea90fdf10b04d25b08c,CSV,11931,opendata,NCID Private Motor Insurance Data - Income and Expenditure,NCID_Private_Motor_Income_Expenditure,files\opendata.centralbank.ie\_long\0370d756f3bfbee31dc5f149\ncid_private_motor_income_expenditure__u-0370d756f3bf.csv,https://opendata.centralbank.ie/dataset/321497e6-f5cf-4a46-ab6e-51ad376c992b/resource/314445b5-cfc5-45ae-a00d-d8a870df84be/download/ncid_private_motor_income_expenditure.csv,1,https://opendata.centralbank.ie/dataset/321497e6-f5cf-4a46-ab6e-51ad376c992b/resource/314445b5-cfc5-45ae-a00d-d8a870df84be/download/ncid_private_motor_income_expenditure.csv,https://opendata.centralbank.ie/dataset/321497e6-f5cf-4a46-ab6e-51ad376c992b
7dd80fda6830079f22ff739048a338adcf0d5581a5e61c5de0b4c90969593a8e,CSV,40821,opendata,NCID Private Motor Insurance Data - Premiums,NCID_Private_Motor_Premium,files\opendata.centralbank.ie\_long\0d49015e4296850a16e291a4\ncid_private_motor_premium__u-0d49015e4296.csv,https://opendata.centralbank.ie/dataset/e678991b-c2f2-4ed0-9102-dfcec0dd8247/resource/d0a2cf34-040a-486c-80f6-cf8a6e5081a2/download/ncid_private_motor_premium.csv,1,https://opendata.centralbank.ie/dataset/e678991b-c2f2-4ed0-9102-dfcec0dd8247/resource/d0a2cf34-040a-486c-80f6-cf8a6e5081a2/download/ncid_private_motor_premium.csv,https://opendata.centralbank.ie/dataset/e678991b-c2f2-4ed0-9102-dfcec0dd8247
b46bfebd002065184de55c46fe4c02950e83b920f21cde1a9e5207b854e94cc4,CSV,57337,opendata,NCID Private Motor Insurance Data - Ultimate Claims,NCID_Private_Motor_Ultimate_Claims,files\opendata.centralbank.ie\_long\aa3aa48c702c39919040f62f\ncid_private_motor_ultimate_claims__u-aa3aa48c702c.csv,https://opendata.centralbank.ie/dataset/a2bf4bad-7f0e-4b52-978b-7f35ab74e20b/resource/53cf949a-1433-4661-8fc3-d567650bb84f/download/ncid_private_motor_ultimate_claims.csv,1,https://opendata.centralbank.ie/dataset/a2bf4bad-7f0e-4b52-978b-7f35ab74e20b/resource/53cf949a-1433-4661-8fc3-d567650bb84f/download/ncid_private_motor_ultimate_claims.csv,https://opendata.centralbank.ie/dataset/a2bf4bad-7f0e-4b52-978b-7f35ab74e20b
4891a897fc3c0ae2ca610b71d8bb52f9d366e00586f57dd0ceb5d83c23fc5d99,CSV,16321,opendata,NCID Private Motor Insurance Data - Ultimate Claims,NCID_Private_Motor_Ultimate_Prem_Claims,files\opendata.centralbank.ie\_long\00eaa0434280383211f0f6b3\ncid_private_motor_ultimate_prem_claims__u-00eaa0434280.csv,https://opendata.centralbank.ie/dataset/a2bf4bad-7f0e-4b52-978b-7f35ab74e20b/resource/c1ce12dd-2c56-49b4-9495-7da77db8037e/download/ncid_private_motor_ultimate_prem_claims.csv,1,https://opendata.centralbank.ie/dataset/a2bf4bad-7f0e-4b52-978b-7f35ab74e20b/resource/c1ce12dd-2c56-49b4-9495-7da77db8037e/download/ncid_private_motor_ultimate_prem_claims.csv,https://opendata.centralbank.ie/dataset/a2bf4bad-7f0e-4b52-978b-7f35ab74e20b
9bacb6c1fb7017ef6599674d953f036d12f17e743467e4a9658e3bd2d598efe4,CSV,2994,opendata,NCID Private Motor Insurance Data – Claim Settlements,NCID_Private_Motor_Settled_Claims_Guidelines,files\opendata.centralbank.ie\_long\eec71f42abf69ea5bddbe3d2\ncid_open_data_mot_settled_claims_guidelines__u-eec71f42.csv,https://opendata.centralbank.ie/dataset/ab87e2b3-b6e1-4039-9573-39cd44f59481/resource/81e4f1d3-260f-42ee-8772-32d5ecb09c8d/download/ncid_open_data_mot_settled_claims_guidelines.csv,1,https://opendata.centralbank.ie/dataset/ab87e2b3-b6e1-4039-9573-39cd44f59481/resource/81e4f1d3-260f-42ee-8772-32d5ecb09c8d/download/ncid_open_data_mot_settled_claims_guidelines.csv,https://opendata.centralbank.ie/dataset/ab87e2b3-b6e1-4039-9573-39cd44f59481
ecf3b7a879de69a6d27b92085d664f957b6a83f5e6cc6e0d2ea0d8afc3cc6986,CSV,9551,opendata,NCID Private Motor Insurance Data – Claim Settlements,NCID_Private_Motor_Settled_Claims_Settlement_Channel,files\opendata.centralbank.ie\_long\14652adde9d7e04ee21908d8\ncid_private_motor_settled_claims_settlement_channel__u-.csv,https://opendata.centralbank.ie/dataset/ab87e2b3-b6e1-4039-9573-39cd44f59481/resource/380b8f91-120a-4818-a743-525e07a53e0e/download/ncid_private_motor_settled_claims_settlement_channel.csv,1,https://opendata.centralbank.ie/dataset/ab87e2b3-b6e1-4039-9573-39cd44f59481/resource/380b8f91-120a-4818-a743-525e07a53e0e/download/ncid_private_motor_settled_claims_settlement_channel.csv,https://opendata.centralbank.ie/dataset/ab87e2b3-b6e1-4039-9573-39cd44f59481
ee97bfed553e2a6e32edd915d76aa123fef85e3b2c3e9716ad30929452a80b75,CSV,29042,opendata,NCID Private Motor Insurance Data – Claim Settlements,NCID_Private_Motor_Settled_Claims_Settlement_Cost_Band,files\opendata.centralbank.ie\_long\8335987993360505c4c4a133\ncid_private_motor_settled_claims_settlement_cost_band__.csv,https://opendata.centralbank.ie/dataset/ab87e2b3-b6e1-4039-9573-39cd44f59481/resource/67ac6517-f6f5-48a5-92af-4d101e778191/download/ncid_private_motor_settled_claims_settlement_cost_band.csv,1,https://opendata.centralbank.ie/dataset/ab87e2b3-b6e1-4039-9573-39cd44f59481/resource/67ac6517-f6f5-48a5-92af-4d101e778191/download/ncid_private_motor_settled_claims_settlement_cost_band.csv,https://opendata.centralbank.ie/dataset/ab87e2b3-b6e1-4039-9573-39cd44f59481
7abc218d5f0194fa572539a8661ae2fc305fc18da8966d562c1d6481feb2db15,CSV,173282,opendata,New Mortgage Lending Statistics,LTI LTV Distribution Share of Loans,files\opendata.centralbank.ie\_long\d3ba900626c001d429c49d19\lti_ltv_distribution_share_of_loans__u-d3ba900626c0.csv,https://opendata.centralbank.ie/dataset/19a3f8f6-d20d-421f-8818-591780225567/resource/c95473ee-45e0-4cb7-9fc7-d47c14daf752/download/lti_ltv_distribution_share_of_loans.csv,1,https://opendata.centralbank.ie/dataset/19a3f8f6-d20d-421f-8818-591780225567/resource/c95473ee-45e0-4cb7-9fc7-d47c14daf752/download/lti_ltv_distribution_share_of_loans.csv,https://opendata.centralbank.ie/dataset/19a3f8f6-d20d-421f-8818-591780225567
189a50ecf2d103215fc144709a71ff14c0b66823852163b1b4e9100c2e0a707e,CSV,32908,opendata,New Mortgage Lending Statistics,Mean Loan Characteristics,files\opendata.centralbank.ie\_long\3f3f5b1795f6b1c67fa37ef3\meanloancharacteristics__u-3f3f5b1795f6.csv,https://opendata.centralbank.ie/dataset/19a3f8f6-d20d-421f-8818-591780225567/resource/27faa93b-5c22-49ab-886b-50a911139da8/download/meanloancharacteristics.csv,1,https://opendata.centralbank.ie/dataset/19a3f8f6-d20d-421f-8818-591780225567/resource/27faa93b-5c22-49ab-886b-50a911139da8/download/meanloancharacteristics.csv,https://opendata.centralbank.ie/dataset/19a3f8f6-d20d-421f-8818-591780225567
a2fe739a20b52253978c6b19f90a3ec6e85da86239cec6ac216d5c9ead435e2a,CSV,16896,opendata,New Mortgage Lending Statistics,New Mortgage Lending Overview,files\opendata.centralbank.ie\_long\af1a5b5377c7a6a4eecd645e\newmortgagelendingoverview__u-af1a5b5377c7.csv,https://opendata.centralbank.ie/dataset/19a3f8f6-d20d-421f-8818-591780225567/resource/0c86bb22-83c4-47ee-973e-07736b36a021/download/newmortgagelendingoverview.csv,1,https://opendata.centralbank.ie/dataset/19a3f8f6-d20d-421f-8818-591780225567/resource/0c86bb22-83c4-47ee-973e-07736b36a021/download/newmortgagelendingoverview.csv,https://opendata.centralbank.ie/dataset/19a3f8f6-d20d-421f-8818-591780225567
b5b33456669fd02a0ce4bc43de5210f60f48ee1994c8930b7022197c32e82152,CSV,82816,opendata,Official External Reserves,Official External Reserves,files\opendata.centralbank.ie\_long\7461086d29b66eb26d858733\official_external_reserves__u-7461086d29b6.csv,https://opendata.centralbank.ie/dataset/93bfcc0e-eca7-4db4-87cb-ff17f6b606ef/resource/67b9e745-ed6c-45b7-b328-f5d9b4b3ce81/download/official_external_reserves.csv,1,https://opendata.centralbank.ie/dataset/93bfcc0e-eca7-4db4-87cb-ff17f6b606ef/resource/67b9e745-ed6c-45b7-b328-f5d9b4b3ce81/download/official_external_reserves.csv,https://opendata.centralbank.ie/dataset/93bfcc0e-eca7-4db4-87cb-ff17f6b606ef
42a353642e660eb4e35f46467f011fde2ba59f745de40da9da92016fa1d92966,CSV,16558,opendata,Official and Selected Interest Rates,B.3.csv,files\opendata.centralbank.ie\_long\9c96e1c169861fb61acc7df5\b.3__u-9c96e1c16986.csv,https://opendata.centralbank.ie/dataset/d3e0af62-a51e-4930-924b-a95a3f4e7e04/resource/1f1d07aa-8cd3-46ce-86a3-dac04da3eae0/download/b.3.csv,1,https://opendata.centralbank.ie/dataset/d3e0af62-a51e-4930-924b-a95a3f4e7e04/resource/1f1d07aa-8cd3-46ce-86a3-dac04da3eae0/download/b.3.csv,https://opendata.centralbank.ie/dataset/d3e0af62-a51e-4930-924b-a95a3f4e7e04
d014a9e6989614eaac9bad693b66e63e16e2ab605ffa5be148ff025128e566a6,CSV,28287629,opendata,Payment Fraud Statistics,Card Payments 2022 (Fraud),files\opendata.centralbank.ie\_long\ecd2b8772d8f500e542010b7\hpcp_2022_12_31__u-ecd2b8772d8f.csv,https://opendata.centralbank.ie/dataset/58cd6e31-de01-430e-b6d2-667d10d52713/resource/95869ac1-61ba-469e-ae97-f045b6f16f22/download/hpcp_2022_12_31.csv,1,https://opendata.centralbank.ie/dataset/58cd6e31-de01-430e-b6d2-667d10d52713/resource/95869ac1-61ba-469e-ae97-f045b6f16f22/download/hpcp_2022_12_31.csv,https://opendata.centralbank.ie/dataset/58cd6e31-de01-430e-b6d2-667d10d52713
90ebb732268ea7df9c251724c785331e55eb3f24f71cd6d0c1eedc0944330020,CSV,28695989,opendata,Payment Fraud Statistics,Card Payments 2023 (Fraud),files\opendata.centralbank.ie\_long\57adf8e6a55689be6c4a03bc\hpcp_2023_12_31__u-57adf8e6a556.csv,https://opendata.centralbank.ie/dataset/58cd6e31-de01-430e-b6d2-667d10d52713/resource/12b0ba3a-4cab-41d2-89b7-efe000a9d4b2/download/hpcp_2023_12_31.csv,1,https://opendata.centralbank.ie/dataset/58cd6e31-de01-430e-b6d2-667d10d52713/resource/12b0ba3a-4cab-41d2-89b7-efe000a9d4b2/download/hpcp_2023_12_31.csv,https://opendata.centralbank.ie/dataset/58cd6e31-de01-430e-b6d2-667d10d52713
8595e57306fa7e8f948aff9bacd60b396bb219032049e6163b4153d0f814e938,CSV,29240702,opendata,Payment Fraud Statistics,Card Payments 2024 (Fraud),files\opendata.centralbank.ie\_long\d1d2be97235bb1773833d33e\hpcp_2024_12_31__u-d1d2be97235b.csv,https://opendata.centralbank.ie/dataset/58cd6e31-de01-430e-b6d2-667d10d52713/resource/d6e5e128-b421-42fe-b68f-2fdee77016ad/download/hpcp_2024_12_31.csv,1,https://opendata.centralbank.ie/dataset/58cd6e31-de01-430e-b6d2-667d10d52713/resource/d6e5e128-b421-42fe-b68f-2fdee77016ad/download/hpcp_2024_12_31.csv,https://opendata.centralbank.ie/dataset/58cd6e31-de01-430e-b6d2-667d10d52713
0f671667ce399d813f7fef0ef1ed8cc8fd6fcf65bb35f9d7041225247a5a25d0,CSV,3192868,opendata,Payment Fraud Statistics,Credit Transfers (Fraud),files\opendata.centralbank.ie\_long\ee4533fee41c80ad08a6f9ee\hpct_powerbi__u-ee4533fee41c.csv,https://opendata.centralbank.ie/dataset/58cd6e31-de01-430e-b6d2-667d10d52713/resource/32c89d52-7f82-427f-8404-52dc6579510f/download/hpct_powerbi.csv,1,https://opendata.centralbank.ie/dataset/58cd6e31-de01-430e-b6d2-667d10d52713/resource/32c89d52-7f82-427f-8404-52dc6579510f/download/hpct_powerbi.csv,https://opendata.centralbank.ie/dataset/58cd6e31-de01-430e-b6d2-667d10d52713
aa50b13f2c2ebe08fca3c2f19329500babdd21816c1102a80b8e648c265f21f8,CSV,726760,opendata,Payment Fraud Statistics,Direct Debits (Fraud),files\opendata.centralbank.ie\_long\86ed929dc2285347b43ea6d3\hpdd_powerbi__u-86ed929dc228.csv,https://opendata.centralbank.ie/dataset/58cd6e31-de01-430e-b6d2-667d10d52713/resource/fa58b9f9-b548-4734-a78a-f7d336849bc0/download/hpdd_powerbi.csv,1,https://opendata.centralbank.ie/dataset/58cd6e31-de01-430e-b6d2-667d10d52713/resource/fa58b9f9-b548-4734-a78a-f7d336849bc0/download/hpdd_powerbi.csv,https://opendata.centralbank.ie/dataset/58cd6e31-de01-430e-b6d2-667d10d52713
f5045ee182b8c9f47cfe68359edc59bec96f4025f39465bf0c1742247f512e8f,CSV,1510778,opendata,Payment Fraud Statistics,E-Money (Fraud),files\opendata.centralbank.ie\_long\7b37bae31282218cb87ada62\hpem_powerbi__u-7b37bae31282.csv,https://opendata.centralbank.ie/dataset/58cd6e31-de01-430e-b6d2-667d10d52713/resource/83dddcae-1588-4cb1-bc98-07bbce4d8572/download/hpem_powerbi.csv,1,https://opendata.centralbank.ie/dataset/58cd6e31-de01-430e-b6d2-667d10d52713/resource/83dddcae-1588-4cb1-bc98-07bbce4d8572/download/hpem_powerbi.csv,https://opendata.centralbank.ie/dataset/58cd6e31-de01-430e-b6d2-667d10d52713
4ee73564bcb23b5110f308b3e13cf179960b13059c4d85bd78760f02007543a5,CSV,397495,opendata,Payment Fraud Statistics,Payment Transactions (Fraud),files\opendata.centralbank.ie\_long\eed159f7ac80e1898f0931df\hpay_powerbi__u-eed159f7ac80.csv,https://opendata.centralbank.ie/dataset/58cd6e31-de01-430e-b6d2-667d10d52713/resource/62fb2fb0-92ba-4aa5-b767-7a4645119a29/download/hpay_powerbi.csv,1,https://opendata.centralbank.ie/dataset/58cd6e31-de01-430e-b6d2-667d10d52713/resource/62fb2fb0-92ba-4aa5-b767-7a4645119a29/download/hpay_powerbi.csv,https://opendata.centralbank.ie/dataset/58cd6e31-de01-430e-b6d2-667d10d52713
4668e7caaa287e38e9c3c8b19bc025ad8201ed30cd18da1a7a79effc0b233659,CSV,24226,opendata,Payment Statistics Annual ,Payment Statistics Annual.csv,files\opendata.centralbank.ie\_long\62a0ca59a0c3e95a587b3fc6\payment-statistics-annual__u-62a0ca59a0c3.csv,https://opendata.centralbank.ie/dataset/9792fb42-45b4-4a26-a3b5-d105b4304246/resource/4ecae7e0-5514-4728-915b-c43b42a217f0/download/payment-statistics-annual.csv,1,https://opendata.centralbank.ie/dataset/9792fb42-45b4-4a26-a3b5-d105b4304246/resource/4ecae7e0-5514-4728-915b-c43b42a217f0/download/payment-statistics-annual.csv,https://opendata.centralbank.ie/dataset/9792fb42-45b4-4a26-a3b5-d105b4304246
c7f8b97087486249a099eae034da78166fb21e794733b55894e41c07fbdc1abd,CSV,15130584,opendata,Payment Statistics Quarterly,Card Payments (Sent),files\opendata.centralbank.ie\_long\d2eaa8f2dba4952ae4a06946\qpcp_cardpayements__u-d2eaa8f2dba4.csv,https://opendata.centralbank.ie/dataset/f2723bbb-ddae-4648-ab18-5640ef2f577d/resource/30706f1c-8326-49a3-89e1-24eef77aa31e/download/qpcp_cardpayements.csv,1,https://opendata.centralbank.ie/dataset/f2723bbb-ddae-4648-ab18-5640ef2f577d/resource/30706f1c-8326-49a3-89e1-24eef77aa31e/download/qpcp_cardpayements.csv,https://opendata.centralbank.ie/dataset/f2723bbb-ddae-4648-ab18-5640ef2f577d
217e8341b33869eb28491b52865a9e8d813b47aaab1fc187e4c9775ca1b05968,CSV,2028646,opendata,Payment Statistics Quarterly,Cheques (Sent),files\opendata.centralbank.ie\_long\74b97fcd6cd3e058ecc7adb6\qpay_cheques__u-74b97fcd6cd3.csv,https://opendata.centralbank.ie/dataset/f2723bbb-ddae-4648-ab18-5640ef2f577d/resource/0aafb60c-d87a-4d68-bcf5-5acacfb91037/download/qpay_cheques.csv,1,https://opendata.centralbank.ie/dataset/f2723bbb-ddae-4648-ab18-5640ef2f577d/resource/0aafb60c-d87a-4d68-bcf5-5acacfb91037/download/qpay_cheques.csv,https://opendata.centralbank.ie/dataset/f2723bbb-ddae-4648-ab18-5640ef2f577d
1b6a1916236fba7453ed373c80132f7664c4cec40cba81f42cf854d451c1a332,CSV,13129305,opendata,Payment Statistics Quarterly,Credit Transfers (Sent),files\opendata.centralbank.ie\_long\1294cb51b7e1a73097def476\qpct_credittransfers__u-1294cb51b7e1.csv,https://opendata.centralbank.ie/dataset/f2723bbb-ddae-4648-ab18-5640ef2f577d/resource/7491d2c7-9e38-4973-8966-1ea6d97b0e09/download/qpct_credittransfers.csv,1,https://opendata.centralbank.ie/dataset/f2723bbb-ddae-4648-ab18-5640ef2f577d/resource/7491d2c7-9e38-4973-8966-1ea6d97b0e09/download/qpct_credittransfers.csv,https://opendata.centralbank.ie/dataset/f2723bbb-ddae-4648-ab18-5640ef2f577d
4c9c2fc2f18423290b7360c82d06e8d54ab98f3210ca66a25139898bcdfb331f,CSV,2443554,opendata,Payment Statistics Quarterly,Direct Debits (Sent),files\opendata.centralbank.ie\_long\409b6eae76f8780f26348e87\qpdd_directdebits__u-409b6eae76f8.csv,https://opendata.centralbank.ie/dataset/f2723bbb-ddae-4648-ab18-5640ef2f577d/resource/c4154906-cefa-4ee7-bc9c-d6c8282b1fd6/download/qpdd_directdebits.csv,1,https://opendata.centralbank.ie/dataset/f2723bbb-ddae-4648-ab18-5640ef2f577d/resource/c4154906-cefa-4ee7-bc9c-d6c8282b1fd6/download/qpdd_directdebits.csv,https://opendata.centralbank.ie/dataset/f2723bbb-ddae-4648-ab18-5640ef2f577d
5e88f2ca55255ee21c60cd5c274dd51e7b9317eada104a9dc4c6d378c6bbac3e,CSV,3101328,opendata,Payment Statistics Quarterly,E-Money (Sent),files\opendata.centralbank.ie\_long\096fa460cdd2d8aaaf642e71\qpem_e-money__u-096fa460cdd2.csv,https://opendata.centralbank.ie/dataset/f2723bbb-ddae-4648-ab18-5640ef2f577d/resource/1affc162-8e15-4ad0-ac39-a0081196f07c/download/qpem_e-money.csv,1,https://opendata.centralbank.ie/dataset/f2723bbb-ddae-4648-ab18-5640ef2f577d/resource/1affc162-8e15-4ad0-ac39-a0081196f07c/download/qpem_e-money.csv,https://opendata.centralbank.ie/dataset/f2723bbb-ddae-4648-ab18-5640ef2f577d
78aa826823de47f88904c625a9d296cf161099f0c11602dde76b6d03c2416e46,CSV,522181702,opendata,Quarterly Financial Accounts,Quarterly Financial Accounts (Q1 2002 to Q4 2011),files\opendata.centralbank.ie\_long\53eaef64cc9e0101fa846cdc\quarterly-financial-accounts-2002q1-2011q4__u-53eaef64cc.csv,https://opendata.centralbank.ie/dataset/5f145975-d6c9-4fbc-9cb4-290c4f05b3b6/resource/f36cd8af-e870-4600-b25a-fad302ec3952/download/quarterly-financial-accounts-2002q1-2011q4.csv,1,https://opendata.centralbank.ie/dataset/5f145975-d6c9-4fbc-9cb4-290c4f05b3b6/resource/f36cd8af-e870-4600-b25a-fad302ec3952/download/quarterly-financial-accounts-2002q1-2011q4.csv,https://opendata.centralbank.ie/dataset/5f145975-d6c9-4fbc-9cb4-290c4f05b3b6
ac689bff5835ba3f6837b14c59095c474b0ba567f0b37ec830ae2e9ffc3b01ba,CSV,465069307,opendata,Quarterly Financial Accounts,Quarterly Financial Accounts (Q1 2012 to Q4 2021),files\opendata.centralbank.ie\_long\ccf1e54ab002b06a0e75a8db\quarterly-financial-accounts-2012q1-2021q4__u-ccf1e54ab0.csv,https://opendata.centralbank.ie/dataset/5f145975-d6c9-4fbc-9cb4-290c4f05b3b6/resource/8ce83ae8-d164-4c07-8ea1-53e9d96d642b/download/quarterly-financial-accounts-2012q1-2021q4.csv,1,https://opendata.centralbank.ie/dataset/5f145975-d6c9-4fbc-9cb4-290c4f05b3b6/resource/8ce83ae8-d164-4c07-8ea1-53e9d96d642b/download/quarterly-financial-accounts-2012q1-2021q4.csv,https://opendata.centralbank.ie/dataset/5f145975-d6c9-4fbc-9cb4-290c4f05b3b6
b39d4fdaeed0d02194eae80e148432fd2a601fe10e41e2318ce180cadba82a3f,CSV,222539001,opendata,Quarterly Financial Accounts,Quarterly Financial Accounts (Q1 2022 to present),files\opendata.centralbank.ie\_long\f0b5e4baeac474d2112c143f\quarterly-financial-accounts-2022q1-present__u-f0b5e4bae.csv,https://opendata.centralbank.ie/dataset/5f145975-d6c9-4fbc-9cb4-290c4f05b3b6/resource/94cd2ed5-8483-49c5-ad92-48f824930c9c/download/quarterly-financial-accounts-2022q1-present.csv,1,https://opendata.centralbank.ie/dataset/5f145975-d6c9-4fbc-9cb4-290c4f05b3b6/resource/94cd2ed5-8483-49c5-ad92-48f824930c9c/download/quarterly-financial-accounts-2022q1-present.csv,https://opendata.centralbank.ie/dataset/5f145975-d6c9-4fbc-9cb4-290c4f05b3b6
67b8ac6b677928f8a73d90a5a3bfee77c7e0a4bd707add7833bd7533ce1540ee,CSV,2367862,opendata,Residential Mortgage Arrears and Repossession Statistics,moa-open data.csv,files\opendata.centralbank.ie\_long\ba1f77839be2b388211e0323\moa-open-data__u-ba1f77839be2.csv,https://opendata.centralbank.ie/dataset/23075b1d-a112-4ae8-b1b2-f52eea3c2a6e/resource/8013ade5-b6fa-4be7-8bb9-39bce48116c8/download/moa-open-data.csv,1,https://opendata.centralbank.ie/dataset/23075b1d-a112-4ae8-b1b2-f52eea3c2a6e/resource/8013ade5-b6fa-4be7-8bb9-39bce48116c8/download/moa-open-data.csv,https://opendata.centralbank.ie/dataset/23075b1d-a112-4ae8-b1b2-f52eea3c2a6e
d22324dc696f25d71ef33339b0affb3e1f01680c98242871d1c2d6bfc7b84ec5,CSV,27115,opendata,"Retail Interest Rates - Deposits, Outstanding Amounts",B.1.1.csv,files\opendata.centralbank.ie\_long\7023810f04868eb47cbbfa87\b.1.1__u-7023810f0486.csv,https://opendata.centralbank.ie/dataset/f4f24cf8-d63e-486f-b27d-ef0df7d071df/resource/f10999a2-24d2-4236-a84a-2e43af482d33/download/b.1.1.csv,1,https://opendata.centralbank.ie/dataset/f4f24cf8-d63e-486f-b27d-ef0df7d071df/resource/f10999a2-24d2-4236-a84a-2e43af482d33/download/b.1.1.csv,https://opendata.centralbank.ie/dataset/f4f24cf8-d63e-486f-b27d-ef0df7d071df
a5b3e28ee3d35c6beb632a5b86808e6c3c2520bcf8afff3a1eb1c8390ddbfb2d,CSV,38431,opendata,"Retail Interest Rates - Loans, Outstanding Amounts",B.1.2.csv,files\opendata.centralbank.ie\_long\70bf41d91cc398fe54d63571\b.1.2__u-70bf41d91cc3.csv,https://opendata.centralbank.ie/dataset/4ba390e9-c0de-4da3-a7e2-e47acdaa21ce/resource/120a26a9-acb6-473e-9b9a-469f9b0037eb/download/b.1.2.csv,1,https://opendata.centralbank.ie/dataset/4ba390e9-c0de-4da3-a7e2-e47acdaa21ce/resource/120a26a9-acb6-473e-9b9a-469f9b0037eb/download/b.1.2.csv,https://opendata.centralbank.ie/dataset/4ba390e9-c0de-4da3-a7e2-e47acdaa21ce
791d110e3ba795e35f76230c5c45120486f6aedbee481590151ece1605200bbe,CSV,11472,opendata,Retail Interest Rates - Mortgage Rates,B.3.1.csv,files\opendata.centralbank.ie\_long\5b43f924bc1746444d473d6e\b.3.1__u-5b43f924bc17.csv,https://opendata.centralbank.ie/dataset/e92c1985-9da0-47e2-af77-c88a3fa37cec/resource/fb07a41b-15f7-4697-a7f7-ce8209d794e5/download/b.3.1.csv,1,https://opendata.centralbank.ie/dataset/e92c1985-9da0-47e2-af77-c88a3fa37cec/resource/fb07a41b-15f7-4697-a7f7-ce8209d794e5/download/b.3.1.csv,https://opendata.centralbank.ie/dataset/e92c1985-9da0-47e2-af77-c88a3fa37cec
ac3c7541c7df84da64c008a81d5adf7ee1d9beb5b100f357053a44326dda2546,CSV,45868,opendata,"Retail Interest Rates and Volumes  - Loans and Deposits, New Business",B.2.1.csv,files\opendata.centralbank.ie\_long\625ee67074ffc478981b3595\b.2.1__u-625ee67074ff.csv,https://opendata.centralbank.ie/dataset/dadd792b-87d1-4b9e-9ce9-8fa6e81a3378/resource/fc4dddc5-c36d-4de0-9605-076d765a0efa/download/b.2.1.csv,1,https://opendata.centralbank.ie/dataset/dadd792b-87d1-4b9e-9ce9-8fa6e81a3378/resource/fc4dddc5-c36d-4de0-9605-076d765a0efa/download/b.2.1.csv,https://opendata.centralbank.ie/dataset/dadd792b-87d1-4b9e-9ce9-8fa6e81a3378
769bebb6fc0ec49c68c2550049a667c101a236fafc60346cb3ed3c27ba5f56f9,CSV,8800,opendata,Retail Interest Rates and Volumes - Renegotiated Loans,B.2.2.csv,files\opendata.centralbank.ie\_long\b2f727cff262d6122aa3bca1\b.2.2__u-b2f727cff262.csv,https://opendata.centralbank.ie/dataset/e828c9d3-da00-4914-9a0c-0db52b4e95ba/resource/16186eb5-a19f-4dfc-95c4-5e2410d96cae/download/b.2.2.csv,1,https://opendata.centralbank.ie/dataset/e828c9d3-da00-4914-9a0c-0db52b4e95ba/resource/16186eb5-a19f-4dfc-95c4-5e2410d96cae/download/b.2.2.csv,https://opendata.centralbank.ie/dataset/e828c9d3-da00-4914-9a0c-0db52b4e95ba
df9977a44c2e7defccd287a6785d57c954666b5ab10a8ae4a29c87eb622f1370,CSV,13427189,opendata,Securities Issues Statistics,current securities issue statistics,files\opendata.centralbank.ie\_long\d1a0391c1b2000c148246a09\securities-issue-statistics-current__u-d1a0391c1b20.csv,https://opendata.centralbank.ie/dataset/710dfae6-e3ae-429e-95de-a02498ea5183/resource/c63c7d7a-2a58-4e4e-9879-746474638a6d/download/securities-issue-statistics-current.csv,1,https://opendata.centralbank.ie/dataset/710dfae6-e3ae-429e-95de-a02498ea5183/resource/c63c7d7a-2a58-4e4e-9879-746474638a6d/download/securities-issue-statistics-current.csv,https://opendata.centralbank.ie/dataset/710dfae6-e3ae-429e-95de-a02498ea5183
dded99f7dddaad5b8b780e966435b12a4f848834d380b611ed0c46d0c40f543d,CSV,966703,opendata,Securities Issues Statistics,securities issue statistics 2009-2020,files\opendata.centralbank.ie\_long\0809e85fdb3e439c2981aa34\securities-issue-statistics-2009-2020__u-0809e85fdb3e.csv,https://opendata.centralbank.ie/dataset/710dfae6-e3ae-429e-95de-a02498ea5183/resource/bb0b97ff-626d-4387-b1c2-06a47380a82f/download/securities-issue-statistics-2009-2020.csv,1,https://opendata.centralbank.ie/dataset/710dfae6-e3ae-429e-95de-a02498ea5183/resource/bb0b97ff-626d-4387-b1c2-06a47380a82f/download/securities-issue-statistics-2009-2020.csv,https://opendata.centralbank.ie/dataset/710dfae6-e3ae-429e-95de-a02498ea5183
fa825669aac13da558f397b00f983971ebb8946e283079f0aecee3b2b78b1f69,CSV,27904559,opendata,Template on International Reserves,Template on International Reserves,files\opendata.centralbank.ie\_long\18cf34063d7dfcbb1e3db91c\template_on_international_reserves__u-18cf34063d7d.csv,https://opendata.centralbank.ie/dataset/2e7d767c-1bf5-4fd9-911b-808487cfa76b/resource/ad3a2fae-2b38-4660-8e45-cfafbf0ed59f/download/template_on_international_reserves.csv,1,https://opendata.centralbank.ie/dataset/2e7d767c-1bf5-4fd9-911b-808487cfa76b/resource/ad3a2fae-2b38-4660-8e45-cfafbf0ed59f/download/template_on_international_reserves.csv,https://opendata.centralbank.ie/dataset/2e7d767c-1bf5-4fd9-911b-808487cfa76b
2b4638518c22ae659f376dde7f89869f36788dd6af114d779016f3455cf8859b,XLS,165888,documents,,,files\www.centralbank.ie\_long\c2616b474533023ba9e7e20b\gns-4-4-3-5-questionnaire__q-4fccbb85c7__u-c2616b474533.xls,https://www.centralbank.ie/docs/default-source/Regulation/industry-market-sectors/credit-institutions/reporting-requirements/gns-4-4-3-5-questionnaire.xls?sfvrsn=2,1,https://www.centralbank.ie/docs/default-source/Regulation/industry-market-sectors/credit-institutions/reporting-requirements/gns-4-4-3-5-questionnaire.xls?sfvrsn=2,https://www.centralbank.ie/regulation/industry-market-sectors/credit-institutions/reporting-requirements
94fd27bf1401d41bf07612e3edd890d96a123e15bb6ae89f92d71d5f78868758,XLS,104960,documents,,,files\www.centralbank.ie\_long\fcc5bbdecdb4f3b7073f1ccf\gns-4-4-3-5-related-party-lending-return__q-4fccbb85c7__u-fcc.xls,https://www.centralbank.ie/docs/default-source/Regulation/industry-market-sectors/credit-institutions/reporting-requirements/gns-4-4-3-5-related-party-lending-return.xls?sfvrsn=2,1,https://www.centralbank.ie/docs/default-source/Regulation/industry-market-sectors/credit-institutions/reporting-requirements/gns-4-4-3-5-related-party-lending-return.xls?sfvrsn=2,https://www.centralbank.ie/regulation/industry-market-sectors/credit-institutions/reporting-requirements
a1f1e188886a587cc3731b2724e473ff8ca1684841819c690663763829d9d7ce,XLS,24238,documents,,,files\www.centralbank.ie\_long\b3bfb774fd18bce49b520968\gns-4-4-3-5-rpl-new-clients-information-schedule__q-4fccbb85c.xls,https://www.centralbank.ie/docs/default-source/Regulation/industry-market-sectors/credit-institutions/reporting-requirements/gns-4-4-3-5-rpl-new-clients-information-schedule.xls?sfvrsn=2,1,https://www.centralbank.ie/docs/default-source/Regulation/industry-market-sectors/credit-institutions/reporting-requirements/gns-4-4-3-5-rpl-new-clients-information-schedule.xls?sfvrsn=2,https://www.centralbank.ie/regulation/industry-market-sectors/credit-institutions/reporting-requirements
12a4e940d891d423fb470f046a7a21a7f442bf3d592ac4cb7e3463211de98664,XLS,190464,documents,,,files\www.centralbank.ie\_long\c16db98be1d810850fb7ac2d\gns-4-4-3-5-rsl__q-dd2b33c369__u-c16db98be1d8.xls,https://www.centralbank.ie/docs/default-source/Regulation/industry-market-sectors/credit-institutions/reporting-requirements/gns-4-4-3-5-rsl.xls?sfvrsn=4,1,https://www.centralbank.ie/docs/default-source/Regulation/industry-market-sectors/credit-institutions/reporting-requirements/gns-4-4-3-5-rsl.xls?sfvrsn=4,https://www.centralbank.ie/regulation/industry-market-sectors/credit-institutions/reporting-requirements
4997bfd5a16c5f1646052b473eec226be05e1358a065ff1ca34f8472d750150c,XLS,139075,documents,,,files\www.centralbank.ie\_long\bbb4ab1d601b8e0d902ccf06\gns-4-4-3-6-new-clients-information-schedule__u-bbb4ab1d601b.xls,https://www.centralbank.ie/docs/default-source/Regulation/industry-market-sectors/credit-institutions/reporting-requirements/gns-4-4-3-6-new-clients-information-schedule.xls,1,https://www.centralbank.ie/docs/default-source/Regulation/industry-market-sectors/credit-institutions/reporting-requirements/gns-4-4-3-6-new-clients-information-schedule.xls,https://www.centralbank.ie/regulation/industry-market-sectors/credit-institutions/reporting-requirements
040c147fd8c47251fce3ad67fdb74439fd30f96af0d84d9c48890d4e99c97657,XLS,54784,documents,,,files\www.centralbank.ie\_long\9245f462553379f8da8f23ab\counterfeit-submission-form__q-ef41681a1d__u-9245f4625533.xls,https://www.centralbank.ie/docs/default-source/consumer-hub-library/notes-and-coins/counterfeit-submission-form.xls?sfvrsn=75f58f1d_8,1,https://www.centralbank.ie/docs/default-source/consumer-hub-library/notes-and-coins/counterfeit-submission-form.xls?sfvrsn=75f58f1d_8,https://www.centralbank.ie/consumer-hub/notes-and-coins/suspect-counterfeits
f43813e6d8290c76bf4b413d2c0a7d5ffa471649d1ba41a27b4bbbcce0efe696,XLS,47616,documents,,,files\www.centralbank.ie\_long\57dfe65d4398c1a8d0da0ad9\schedule-of-reporting-dates__q-da07728cec__u-57dfe65d4398.xls,https://www.centralbank.ie/docs/default-source/regulation/industry-market-sectors/credit-institutions/regulatory-requirements/schedule-of-reporting-dates.xls?sfvrsn=dc19b1d_2,1,https://www.centralbank.ie/docs/default-source/regulation/industry-market-sectors/credit-institutions/regulatory-requirements/schedule-of-reporting-dates.xls?sfvrsn=dc19b1d_2,https://www.centralbank.ie/regulation/industry-market-sectors/credit-institutions/reporting-requirements
d5884f272c0db7ff8fd4bca6b4cf5dbdd7efac0b6285f902e943a55ae7fa3155,XLS,223232,documents,,,files\www.centralbank.ie\_long\bd44e096bc9f0a37086e6917\gns-4-4-8-4-5-_ar3-form__q-8845b00dc9__u-bd44e096bc9f.xls,https://www.centralbank.ie/docs/default-source/regulation/industry-market-sectors/funds/introduction-to-icav/forms-(icav)/gns-4-4-8-4-5-_ar3-form.xls?sfvrsn=9a26d71d_4,1,https://www.centralbank.ie/docs/default-source/regulation/industry-market-sectors/funds/introduction-to-icav/forms-(icav)/gns-4-4-8-4-5-_ar3-form.xls?sfvrsn=9a26d71d_4,https://www.centralbank.ie/regulation/industry-market-sectors/funds/introduction-to-icav/forms
503f711ee1e828d21fed1e0bb192580e55c713049241f17f29f8e2261bbc945a,XLS,44032,documents,,,files\www.centralbank.ie\_long\d6136f6536caefba8138ed9b\new-clients-information-schedule__q-e6ecc47be0__u-d6136f6536c.xls,https://www.centralbank.ie/docs/default-source/regulation/industry-market-sectors/investment-firms/documents-for-privacy-notice-gdpr/new-clients-information-schedule.xls?sfvrsn=e749b21d_2,1,https://www.centralbank.ie/docs/default-source/regulation/industry-market-sectors/investment-firms/documents-for-privacy-notice-gdpr/new-clients-information-schedule.xls?sfvrsn=e749b21d_2,https://www.centralbank.ie/regulation/industry-market-sectors/investment-firms/mifid-firms/forms
3a55bfa9bcb2967ec90f5fd2d1f8b3a5c953a57f176852beed060ac07d16eb50,XLS,328192,documents,,,files\www.centralbank.ie\_long\9816145706a7adf0c5f3d434\gns-4-4-11-1-5-finrep-for-irish-investment-firms---guidance-n.xls,https://www.centralbank.ie/docs/default-source/regulation/industry-market-sectors/investment-firms/iia-non-retail-firms/reporting-requirements/gns-4-4-11-1-5-finrep-for-irish-investment-firms---guidance-note---appendix-1.xls?sfvrsn=de68d51d_4,1,https://www.centralbank.ie/docs/default-source/regulation/industry-market-sectors/investment-firms/iia-non-retail-firms/reporting-requirements/gns-4-4-11-1-5-finrep-for-irish-investment-firms---guidance-note---appendix-1.xls?sfvrsn=de68d51d_4,https://www.centralbank.ie/regulation/industry-market-sectors/investment-firms/iia-non-retail-firms/reporting-requirements
add0fb6f86e78c27b9afad0f31ce577a6ca81e1c6de358e54f651e7d2e3dd0ae,XLS,131072,documents,,,files\www.centralbank.ie\_long\14eb4a34c4833d8e94c662f3\gns-4-4-11-2-6-ca-and-group-solvency__q-bb2d961823__u-14eb4a3.xls,https://www.centralbank.ie/docs/default-source/regulation/industry-market-sectors/investment-firms/mifid-firms/reporting-requirements/gns-4-4-11-2-6-ca-and-group-solvency.xls?sfvrsn=6070d51d_4,1,https://www.centralbank.ie/docs/default-source/regulation/industry-market-sectors/investment-firms/mifid-firms/reporting-requirements/gns-4-4-11-2-6-ca-and-group-solvency.xls?sfvrsn=6070d51d_4,https://www.centralbank.ie/regulation/industry-market-sectors/investment-firms/mifid-firms/reporting-requirements/previous-reporting-requirements
a8a34ca4e9e647a9172ef9853431133f23359e1be2495ad7b585a2ddb607e7ca,XLS,52224,documents,,,files\www.centralbank.ie\_long\c856476a4f591367dca6c152\gns-4-4-11-2-6-new-client-information-schedule__q-8c83c6f381_.xls,https://www.centralbank.ie/docs/default-source/regulation/industry-market-sectors/investment-firms/mifid-firms/reporting-requirements/gns-4-4-11-2-6-new-client-information-schedule.xls?sfvrsn=7370d51d_6,1,https://www.centralbank.ie/docs/default-source/regulation/industry-market-sectors/investment-firms/mifid-firms/reporting-requirements/gns-4-4-11-2-6-new-client-information-schedule.xls?sfvrsn=7370d51d_6,https://www.centralbank.ie/regulation/industry-market-sectors/investment-firms/mifid-firms/reporting-requirements/previous-reporting-requirements
392a65f505d58f8a42a6869e2a3d287e9495f21d4d9a94e866cf80aec3a466e3,XLS,152064,documents,,,files\www.centralbank.ie\_long\b3d9691643129709927eb4eb\table-a-19-credit-advanced-to-irish-resident-private-househol.xls,https://www.centralbank.ie/docs/default-source/statistics/data-and-analysis/credit-and-banking-statistics/bank-balance-sheets/bank-balance-sheets-data/table-a-19-credit-advanced-to-irish-resident-private-households-for-car-purchase.xls?sfvrsn=4d13ac1d_38,1,https://www.centralbank.ie/docs/default-source/statistics/data-and-analysis/credit-and-banking-statistics/bank-balance-sheets/bank-balance-sheets-data/table-a-19-credit-advanced-to-irish-resident-private-households-for-car-purchase.xls?sfvrsn=4d13ac1d_38,https://www.centralbank.ie/statistics/data-and-analysis/credit-and-banking-statistics/bank-balance-sheets/bank-balance-sheets-data
4c63e12b5678f0435ad04b9db0473ab51250ba8f41e53978e1a2a1154979cfc9,XLS,671744,documents,,,files\www.centralbank.ie\_long\095f43a6cdb6ef769db74901\bank-lending-survey-results-january-2003---april-2026__q-cba0.xls,https://www.centralbank.ie/docs/default-source/statistics/data-and-analysis/credit-and-banking-statistics/bank-lending-survey/bank-lending-survey-results-january-2003---april-2026.xls?sfvrsn=c9d8731a_5,1,https://www.centralbank.ie/docs/default-source/statistics/data-and-analysis/credit-and-banking-statistics/bank-lending-survey/bank-lending-survey-results-january-2003---april-2026.xls?sfvrsn=c9d8731a_5,https://www.centralbank.ie/statistics/data-and-analysis/credit-and-banking-statistics/bank-lending-survey
1f386700ca2a4baa2953c15e1a9346430810bcdfc86ec320b59a41a2081c5763,XLS,233472,documents,,,files\www.centralbank.ie\_long\c9fbdfa6f51177d2005adf8d\table-a-14-1-credit-advanced-to-irish-resident-smes__q-1c304f.xls,https://www.centralbank.ie/docs/default-source/statistics/data-and-analysis/credit-and-banking-statistics/business-credit-and-deposits/business-credit-and-deposits-data/table-a-14-1-credit-advanced-to-irish-resident-smes.xls?sfvrsn=f660ab1d_108,1,https://www.centralbank.ie/docs/default-source/statistics/data-and-analysis/credit-and-banking-statistics/business-credit-and-deposits/business-credit-and-deposits-data/table-a-14-1-credit-advanced-to-irish-resident-smes.xls?sfvrsn=f660ab1d_108,https://www.centralbank.ie/news/article/speech-braving-the-storm-ed-sibley-4-nov-20
022cbd1aaa544de2a90d2bc4f298d2bd2539889984e56c2d3f7c6c0b514fd83e,XLS,4257280,documents,,,files\www.centralbank.ie\_long\af5a397d1eba577a6d4f9f43\table-a-13-1-credit-card-statistics---discontinued__q-97d2127.xls,https://www.centralbank.ie/docs/default-source/statistics/data-and-analysis/credit-and-banking-statistics/credit-and-debit-card-statistics/credit-and-debit-card-statistics-data/table-a-13-1-credit-card-statistics---discontinued.xls?sfvrsn=1b9ed71d_20,1,https://www.centralbank.ie/docs/default-source/statistics/data-and-analysis/credit-and-banking-statistics/credit-and-debit-card-statistics/credit-and-debit-card-statistics-data/table-a-13-1-credit-card-statistics---discontinued.xls?sfvrsn=1b9ed71d_20,https://www.centralbank.ie/statistics/data-and-analysis/monthly-card-payment-statistics
f5f74799fed4e001e8fddff4bf9feda63fe04544c3e43dca6ec44ab49e790f86,XLS,4638720,documents,,,files\www.centralbank.ie\_long\3e5ff4849c036d33d13448bf\table-i-4__q-e1694feff1__u-3e5ff4849c03.xls,https://www.centralbank.ie/docs/default-source/statistics/data-and-analysis/credit-and-banking-statistics/income-statistical-statistics/table-i-4.xls?sfvrsn=8387d71d_20,1,https://www.centralbank.ie/docs/default-source/statistics/data-and-analysis/credit-and-banking-statistics/income-statistical-statistics/table-i-4.xls?sfvrsn=8387d71d_20,https://www.centralbank.ie/statistics/data-and-analysis/credit-and-banking-statistics/locational-and-consolidated-banking-statistics
d8139e1215e0161d125dc1c76a453390530b49e046f223daa2905dae553a980b,XLS,60928,documents,,,files\www.centralbank.ie\_long\9b6da49762d8536bee5da809\private-households-credit-discontinued-series__q-a1e7092c14__.xls,https://www.centralbank.ie/docs/default-source/statistics/data-and-analysis/credit-and-banking-statistics/private-household-credit-and-deposits/private-household-credit-and-deposits-data/private-households-credit-discontinued-series.xls?sfvrsn=43a7d71d_8,1,https://www.centralbank.ie/docs/default-source/statistics/data-and-analysis/credit-and-banking-statistics/private-household-credit-and-deposits/private-household-credit-and-deposits-data/private-households-credit-discontinued-series.xls?sfvrsn=43a7d71d_8,https://www.centralbank.ie/statistics/data-and-analysis/credit-and-banking-statistics/private-household-credit-and-deposits
2a3d2afeec5622181907013d0259065d073bf00d656280f1242f7f887ef825cb,XLS,55296,documents,,,files\www.centralbank.ie\_long\e113f58e3065771ef34f0c73\private-households-deposits-discontinued-series__q-b3c2a46922.xls,https://www.centralbank.ie/docs/default-source/statistics/data-and-analysis/credit-and-banking-statistics/private-household-credit-and-deposits/private-household-credit-and-deposits-data/private-households-deposits-discontinued-series.xls?sfvrsn=46a7d71d_12,1,https://www.centralbank.ie/docs/default-source/statistics/data-and-analysis/credit-and-banking-statistics/private-household-credit-and-deposits/private-household-credit-and-deposits-data/private-households-deposits-discontinued-series.xls?sfvrsn=46a7d71d_12,https://www.centralbank.ie/statistics/data-and-analysis/credit-and-banking-statistics/private-household-credit-and-deposits
9fdb1687254afda7b172113e3bdc148d5827a5e78b936ee012e9df1c9666f625,XLS,8267264,documents,,,files\www.centralbank.ie\_long\f18a37a23572df4137a8ebb8\table-a-18-1-credit-house-purchase__q-cd6f45ef59__u-f18a37a23.xls,https://www.centralbank.ie/docs/default-source/statistics/data-and-analysis/credit-and-banking-statistics/private-household-credit-and-deposits/private-household-credit-and-deposits-data/table-a-18-1-credit-house-purchase.xls?sfvrsn=5da1b21d_86,1,https://www.centralbank.ie/docs/default-source/statistics/data-and-analysis/credit-and-banking-statistics/private-household-credit-and-deposits/private-household-credit-and-deposits-data/table-a-18-1-credit-house-purchase.xls?sfvrsn=5da1b21d_86,https://www.centralbank.ie/statistics/data-and-analysis/credit-and-banking-statistics/private-household-credit-and-deposits
6fe891c447e88ed7e7fe1afa8ce56e00c13d7c7f62f25b93619e8d318c762ad8,XLS,62976,documents,,,files\www.centralbank.ie\_long\00e2e49dd5ff1adfaf267daf\table-a-18-2-credit-house-purchase-securitised-loans__q-46422.xls,https://www.centralbank.ie/docs/default-source/statistics/data-and-analysis/credit-and-banking-statistics/private-household-credit-and-deposits/private-household-credit-and-deposits-data/table-a-18-2-credit-house-purchase-securitised-loans.xls?sfvrsn=4fa1b21d_96,1,https://www.centralbank.ie/docs/default-source/statistics/data-and-analysis/credit-and-banking-statistics/private-household-credit-and-deposits/private-household-credit-and-deposits-data/table-a-18-2-credit-house-purchase-securitised-loans.xls?sfvrsn=4fa1b21d_96,https://www.centralbank.ie/statistics/data-and-analysis/credit-and-banking-statistics/private-household-credit-and-deposits
41513ea6d872233c58863c808efbf7c85decf18254819e476f8ea21cda852712,XLS,2258944,documents,,,files\www.centralbank.ie\_long\002d5ce84ef2acc7947d47d8\table-a-18-credit-deposits-irish-private-households__q-26c6a0.xls,https://www.centralbank.ie/docs/default-source/statistics/data-and-analysis/credit-and-banking-statistics/private-household-credit-and-deposits/private-household-credit-and-deposits-data/table-a-18-credit-deposits-irish-private-households.xls?sfvrsn=a8a2b21d_94,1,https://www.centralbank.ie/docs/default-source/statistics/data-and-analysis/credit-and-banking-statistics/private-household-credit-and-deposits/private-household-credit-and-deposits-data/table-a-18-credit-deposits-irish-private-households.xls?sfvrsn=a8a2b21d_94,https://www.centralbank.ie/statistics/data-and-analysis/credit-and-banking-statistics/private-household-credit-and-deposits
8e9123b88fec3048e42ff365ecec512a5dfaada2f75c522b185daa2076ff4130,XLS,97792,documents,,,files\www.centralbank.ie\_long\9b807ac136b58ff16ad7398d\ie_table_b-3_official_and_selected_interest_rates__q-5cb0a986.xls,https://www.centralbank.ie/docs/default-source/statistics/data-and-analysis/credit-and-banking-statistics/retail-interest-rates/data/ie_table_b-3_official_and_selected_interest_rates.xls?sfvrsn=1d1ddd1d_206,1,https://www.centralbank.ie/docs/default-source/statistics/data-and-analysis/credit-and-banking-statistics/retail-interest-rates/data/ie_table_b-3_official_and_selected_interest_rates.xls?sfvrsn=1d1ddd1d_206,https://www.centralbank.ie/statistics/data-and-analysis/credit-and-banking-statistics/retail-interest-rates
caf7b7b02a9c6518cb6e731c72d416ef573e69876e048a42da48bc97437e009c,XLS,272384,documents,,,files\www.centralbank.ie\_long\b672fe3358f281749cd2e8c8\annual-averages-2001-present__q-4382432aea__u-b672fe3358f2.xls,https://www.centralbank.ie/docs/default-source/statistics/interest-rates-exchange-rates/exchange-rates/annual-averages-2001-present.xls?sfvrsn=faa4d61d_24,1,https://www.centralbank.ie/docs/default-source/statistics/interest-rates-exchange-rates/exchange-rates/annual-averages-2001-present.xls?sfvrsn=faa4d61d_24,https://www.centralbank.ie/statistics/interest-rates-exchange-rates/exchange-rates
aee65b62fdb5263330ef435a4deec35232f976a8554de5085ee9ccd28b093740,XLS,999936,documents,,,files\www.centralbank.ie\_long\c485e9670f2c763e2262cc6b\fxra0507__q-231186714b__u-c485e9670f2c.xls,https://www.centralbank.ie/docs/default-source/statistics/interest-rates-exchange-rates/exchange-rates/fxra0507.xls?sfvrsn=99a4d61d_4,1,https://www.centralbank.ie/docs/default-source/statistics/interest-rates-exchange-rates/exchange-rates/fxra0507.xls?sfvrsn=99a4d61d_4,https://www.centralbank.ie/statistics/interest-rates-exchange-rates/exchange-rates
d84ebee8324355caad55384a01451d356fc055fa7c73f05b66d4d27a54785fde,XLS,1478144,documents,,,files\www.centralbank.ie\_long\2aeadd47ea49c91e4e471b45\fxra9904__q-b71237f65f__u-2aeadd47ea49.xls,https://www.centralbank.ie/docs/default-source/statistics/interest-rates-exchange-rates/exchange-rates/fxra9904.xls?sfvrsn=8da4d61d_4,1,https://www.centralbank.ie/docs/default-source/statistics/interest-rates-exchange-rates/exchange-rates/fxra9904.xls?sfvrsn=8da4d61d_4,https://www.centralbank.ie/statistics/interest-rates-exchange-rates/exchange-rates
642648528e09ebe39f4de576c4bc84db9e213824dc91fb7cd1e3b69f291ea472,XLS,5263872,documents,,,files\www.centralbank.ie\_long\7c5621ccf3be5af9cbab5c51\fxrates__q-1279ed449d__u-7c5621ccf3be.xls,https://www.centralbank.ie/docs/default-source/statistics/interest-rates-exchange-rates/exchange-rates/fxrates.xls?sfvrsn=96a4d61d_4031,1,https://www.centralbank.ie/docs/default-source/statistics/interest-rates-exchange-rates/exchange-rates/fxrates.xls?sfvrsn=96a4d61d_4031,https://www.centralbank.ie/statistics/interest-rates-exchange-rates/exchange-rates
634be6bc74784ebda9eaa2b2d1ce4e7e6f61c6645309176b86f6a04197cd2f3e,XLS,1969152,documents,,,files\www.centralbank.ie\_long\2ed630337ff9698d6a153851\ieprates-1979-1988__q-ea85d84abf__u-2ed630337ff9.xls,https://www.centralbank.ie/docs/default-source/statistics/interest-rates-exchange-rates/exchange-rates/ieprates-1979-1988.xls?sfvrsn=80a4d61d_6,1,https://www.centralbank.ie/docs/default-source/statistics/interest-rates-exchange-rates/exchange-rates/ieprates-1979-1988.xls?sfvrsn=80a4d61d_6,https://www.centralbank.ie/statistics/interest-rates-exchange-rates/exchange-rates
13487db38fa7b9d7d8ddb4c0510e78cf03469b18144c3a91ced310a1d9f6f3a5,XLS,72192,documents,,,files\www.centralbank.ie\_long\f038746b6f96a40268998e89\monthly-averages-2001-2004__q-3c856971bb__u-f038746b6f96.xls,https://www.centralbank.ie/docs/default-source/statistics/interest-rates-exchange-rates/exchange-rates/monthly-averages-2001-2004.xls?sfvrsn=87a4d61d_4,1,https://www.centralbank.ie/docs/default-source/statistics/interest-rates-exchange-rates/exchange-rates/monthly-averages-2001-2004.xls?sfvrsn=87a4d61d_4,https://www.centralbank.ie/statistics/interest-rates-exchange-rates/exchange-rates
b51820b59d6e2f1f1cc881429467947a2880484725e183aec631ec6a98e85922,XLS,261632,documents,,,files\www.centralbank.ie\_long\62dba529972efd2e59d8a596\monthly-averages-2005-present__q-ab76cfac63__u-62dba529972e.xls,https://www.centralbank.ie/docs/default-source/statistics/interest-rates-exchange-rates/exchange-rates/monthly-averages-2005-present.xls?sfvrsn=500ca71d_236,1,https://www.centralbank.ie/docs/default-source/statistics/interest-rates-exchange-rates/exchange-rates/monthly-averages-2005-present.xls?sfvrsn=500ca71d_236,https://www.centralbank.ie/statistics/interest-rates-exchange-rates/exchange-rates
fb201e0521a0566fee9226b5f32cca3a58e4766d4d3ec26749b443d135c8be54,XLS,26112,documents,,,files\www.centralbank.ie\_long\77a7d5e8816b3159632adb7d\past-5-days__q-be78955877__u-77a7d5e8816b.xls,https://www.centralbank.ie/docs/default-source/statistics/interest-rates-exchange-rates/exchange-rates/past-5-days.xls?sfvrsn=81c6a51d_3805,1,https://www.centralbank.ie/docs/default-source/statistics/interest-rates-exchange-rates/exchange-rates/past-5-days.xls?sfvrsn=81c6a51d_3805,https://www.centralbank.ie/statistics/interest-rates-exchange-rates/exchange-rates
5f0b0d8015a90005e4ae3f6a571d95e77fab9c72ebd7a09a02f6837e48a05ccf,XLS,1688064,documents,,,files\www.centralbank.ie\_long\f9fe8b1cba4ea79b08c80f23\gns-6-2-3-5-1-pri-mot__q-5c4cd7c0c8__u-f9fe8b1cba4e.xls,https://www.centralbank.ie/docs/default-source/statistics/statistical-publications/private-motor-insurance-statistics/private-motor-insurance-data/gns-6-2-3-5-1-pri-mot.xls?sfvrsn=ed8bd71d_8,1,https://www.centralbank.ie/docs/default-source/statistics/statistical-publications/private-motor-insurance-statistics/private-motor-insurance-data/gns-6-2-3-5-1-pri-mot.xls?sfvrsn=ed8bd71d_8,https://www.centralbank.ie/statistics/statistical-publications/private-motor-insurance-statistics
795770d03d0ae92bc87ea44a571cc9486f79994b3e56920899e193557d072c7e,XLS,73728,documents,,,files\www.centralbank.ie\_long\b0840e41c1b9e6578db8080a\irm2__q-269c422148__u-b0840e41c1b9.xls,https://www.centralbank.ie/docs/default-source/statistics/statistical-reporting-requirements/credit-institutions/reporting-requirements-(june-2010---november-2014)/irm2.xls?sfvrsn=64c3d61d_4,1,https://www.centralbank.ie/docs/default-source/statistics/statistical-reporting-requirements/credit-institutions/reporting-requirements-(june-2010---november-2014)/irm2.xls?sfvrsn=64c3d61d_4,https://www.centralbank.ie/statistics/statistical-reporting-requirements/credit-institutions/reporting-requirements-june-2010---november-2014
d551eaafcc112c662e402d1c1659972ddff4a4de996e9478ee799eeb350dc67c,XLS,385024,documents,,,files\www.centralbank.ie\_long\e3f05333bc5b9ea3f4094387\rc1__q-7511be84fc__u-e3f05333bc5b.xls,https://www.centralbank.ie/docs/default-source/statistics/statistical-reporting-requirements/credit-institutions/reporting-requirements-(june-2010---november-2014)/rc1.xls?sfvrsn=a7ccd61d_4,1,https://www.centralbank.ie/docs/default-source/statistics/statistical-reporting-requirements/credit-institutions/reporting-requirements-(june-2010---november-2014)/rc1.xls?sfvrsn=a7ccd61d_4,https://www.centralbank.ie/statistics/statistical-reporting-requirements/credit-institutions/reporting-requirements-june-2010---november-2014
302c9b86bb1e0cd4d6b3fc50f33bbb3077f26ba6b1eaaab3c3c9b8c44d2f556c,XLS,69632,documents,,,files\www.centralbank.ie\_long\912bf983cfd76400ddc24803\rc2-in-house-validations__q-5c9860f027__u-912bf983cfd7.xls,https://www.centralbank.ie/docs/default-source/statistics/statistical-reporting-requirements/credit-institutions/reporting-requirements-(june-2010---november-2014)/rc2-in-house-validations.xls?sfvrsn=32f6a71d_10,1,https://www.centralbank.ie/docs/default-source/statistics/statistical-reporting-requirements/credit-institutions/reporting-requirements-(june-2010---november-2014)/rc2-in-house-validations.xls?sfvrsn=32f6a71d_10,https://www.centralbank.ie/statistics/statistical-reporting-requirements/credit-institutions/reporting-requirements-june-2010---november-2014
d75c124d8ef27f9930f3f054d9ab6a3f911e1887fe5182c921e6c06afe224322,XLS,1346048,documents,,,files\www.centralbank.ie\_long\1cd6c51c2941957ca1a56611\rs1__q-5eff01d113__u-1cd6c51c2941.xls,https://www.centralbank.ie/docs/default-source/statistics/statistical-reporting-requirements/credit-institutions/reporting-requirements-(june-2010---november-2014)/rs1.xls?sfvrsn=b3ccd61d_6,1,https://www.centralbank.ie/docs/default-source/statistics/statistical-reporting-requirements/credit-institutions/reporting-requirements-(june-2010---november-2014)/rs1.xls?sfvrsn=b3ccd61d_6,https://www.centralbank.ie/statistics/statistical-reporting-requirements/credit-institutions/reporting-requirements-june-2010---november-2014
706909fb37f860577fb78b9852eef0845397dafa9f45c3569cd3470e2a6af341,XLS,115712,documents,,,files\www.centralbank.ie\_long\437d5ce6e5fcac019743db1a\rv1__q-3c2ba7ba8f__u-437d5ce6e5fc.xls,https://www.centralbank.ie/docs/default-source/statistics/statistical-reporting-requirements/credit-institutions/reporting-requirements-(june-2010---november-2014)/rv1.xls?sfvrsn=a0ccd61d_4,1,https://www.centralbank.ie/docs/default-source/statistics/statistical-reporting-requirements/credit-institutions/reporting-requirements-(june-2010---november-2014)/rv1.xls?sfvrsn=a0ccd61d_4,https://www.centralbank.ie/statistics/statistical-reporting-requirements/credit-institutions/reporting-requirements-june-2010---november-2014
87ed92dda73bea8e3a23fb5fad6be1b41973a2ab2f5f01adc6f7d7ad73994354,XLS,287744,documents,,,files\www.centralbank.ie\_long\07800b9ca3d47c10193d984c\sq1__q-a824df6ebc__u-07800b9ca3d4.xls,https://www.centralbank.ie/docs/default-source/statistics/statistical-reporting-requirements/credit-institutions/reporting-requirements-(june-2010---november-2014)/sq1.xls?sfvrsn=b6ccd61d_4,1,https://www.centralbank.ie/docs/default-source/statistics/statistical-reporting-requirements/credit-institutions/reporting-requirements-(june-2010---november-2014)/sq1.xls?sfvrsn=b6ccd61d_4,https://www.centralbank.ie/statistics/statistical-reporting-requirements/credit-institutions/reporting-requirements-june-2010---november-2014
5ecadbfef9dbd276a8a82d0143a1473708c147be0e9e5d0b832528243878103b,XLS,230400,documents,,,files\www.centralbank.ie\_long\c674c3a79280e0ddea7baa99\tltro-ii_reporting_template__q-9c884b8c92__u-c674c3a79280.xls,https://www.centralbank.ie/docs/default-source/statistics/statistical-reporting-requirements/targeted-longer-term-refinancing-operations-(tltros)/tltro-ii_reporting_template.xls?sfvrsn=eccdd61d_2,1,https://www.centralbank.ie/docs/default-source/statistics/statistical-reporting-requirements/targeted-longer-term-refinancing-operations-(tltros)/tltro-ii_reporting_template.xls?sfvrsn=eccdd61d_2,https://www.centralbank.ie/statistics/statistical-reporting-requirements/targeted-longer-term-refinancing-operations-tltros
c209b03c62e3219e5d957ab089d63fa66b38387737b95481176591c7795cc50c,XLS,630272,documents,,,files\www.centralbank.ie\_long\67b60e7ae29496a1f02b83af\tltro-iii_reporting_template__q-6e0126af4f__u-67b60e7ae294.xls,https://www.centralbank.ie/docs/default-source/statistics/statistical-reporting-requirements/targeted-longer-term-refinancing-operations-(tltros)/tltro-iii_reporting_template.xls?sfvrsn=904bbc1d_14,1,https://www.centralbank.ie/docs/default-source/statistics/statistical-reporting-requirements/targeted-longer-term-refinancing-operations-(tltros)/tltro-iii_reporting_template.xls?sfvrsn=904bbc1d_14,https://www.centralbank.ie/statistics/statistical-reporting-requirements/targeted-longer-term-refinancing-operations-tltros
1f3fd2499ba247ea00545d11f34c7c4ed5c7ccf6de62d89dc64583606159fe2d,XLS,221184,documents,,,files\www.centralbank.ie\_long\c1a51ad228d64dcdef1c3311\tltro_reporting_template-1-6__q-ef86d74610__u-c1a51ad228d6.xls,https://www.centralbank.ie/docs/default-source/statistics/statistical-reporting-requirements/targeted-longer-term-refinancing-operations-(tltros)/tltro_reporting_template-1-6.xls?sfvrsn=e3cdd61d_2,1,https://www.centralbank.ie/docs/default-source/statistics/statistical-reporting-requirements/targeted-longer-term-refinancing-operations-(tltros)/tltro_reporting_template-1-6.xls?sfvrsn=e3cdd61d_2,https://www.centralbank.ie/statistics/statistical-reporting-requirements/targeted-longer-term-refinancing-operations-tltros
4c60280c772d2d96eb329baf51c60d632b0e367934418a069e9838b93cd54967,XLS,108032,documents,,,files\www.centralbank.ie\_long\456175d43c8c287c31630d03\tltro_reporting_template-7-10__q-c005276f3a__u-456175d43c8c.xls,https://www.centralbank.ie/docs/default-source/statistics/statistical-reporting-requirements/targeted-longer-term-refinancing-operations-(tltros)/tltro_reporting_template-7-10.xls?sfvrsn=e6cdd61d_2,1,https://www.centralbank.ie/docs/default-source/statistics/statistical-reporting-requirements/targeted-longer-term-refinancing-operations-(tltros)/tltro_reporting_template-7-10.xls?sfvrsn=e6cdd61d_2,https://www.centralbank.ie/statistics/statistical-reporting-requirements/targeted-longer-term-refinancing-operations-tltros
f11e3e813899d2860d4e19a4ddad03d6ed26ee83e02400c6e7ae862fe23c3623,XLSX,133717,documents,,,files\www.centralbank.ie\_long\3e73458d5e37804dbc0ddb5d\gns-4-4-3-5-sign-off-sheet__q-dd2b33c369__u-3e73458d5e37.xlsx,https://www.centralbank.ie/docs/default-source/Regulation/industry-market-sectors/credit-institutions/reporting-requirements/gns-4-4-3-5-sign-off-sheet.xlsx?sfvrsn=4,1,https://www.centralbank.ie/docs/default-source/Regulation/industry-market-sectors/credit-institutions/reporting-requirements/gns-4-4-3-5-sign-off-sheet.xlsx?sfvrsn=4,https://www.centralbank.ie/regulation/industry-market-sectors/credit-institutions/reporting-requirements
2fb7411657bf42fc4652e07addf41301cce1628a387210778603c7a5a62da370,XLSX,2211266,documents,,,files\www.centralbank.ie\_long\34e12727d5ceb34b034244eb\local-deficiency-assessments__q-d1e3fec233__u-34e12727d5ce.xlsx,https://www.centralbank.ie/docs/default-source/financial-system/access-to-cash/local-deficiency-assessments.xlsx?sfvrsn=68d9711a_8,1,https://www.centralbank.ie/docs/default-source/financial-system/access-to-cash/local-deficiency-assessments.xlsx?sfvrsn=68d9711a_8,https://www.centralbank.ie/financial-system/access-to-cash/public-information/our-assessments
3fe4d6430ef008c5888ee16998526dc00c04c64a870f0bc512032275acd9e22b,XLSX,1531850,documents,,,files\www.centralbank.ie\_long\b49f01a13c6a9402c2577e5c\access-to-cash-publishing-dashboard__q-4f3ce3c087__u-b49f01a.xlsx,https://www.centralbank.ie/docs/default-source/financial-system/access-to-cash/quarterly-cash-data/access-to-cash-publishing-dashboard.xlsx?sfvrsn=98a96d1a_17,1,https://www.centralbank.ie/docs/default-source/financial-system/access-to-cash/quarterly-cash-data/access-to-cash-publishing-dashboard.xlsx?sfvrsn=98a96d1a_17,https://www.centralbank.ie/financial-system/access-to-cash/quarterly-cash-infrastructure-monitoring-data | https://www.centralbank.ie/financial-system/access-to-cash/public-information/cash-access-map | https://www.centralbank.ie/news/article/press-release-central-bank-of-ireland-publishes-first-access-to-cash-report-24-february-2026
2cbf3b4230d4247327fce3bc445733949bd586aa7dc4839c345ffa5f2ddc49b1,XLSX,39060,documents,,,files\www.centralbank.ie\_long\8c9067167b9f61b0d0cfe7f1\access-to-cash-quarterly-levels-of-compliance__q-6609aa0991_.xlsx,https://www.centralbank.ie/docs/default-source/financial-system/access-to-cash/quarterly-cash-data/access-to-cash-quarterly-levels-of-compliance.xlsx?sfvrsn=937f701a_6,1,https://www.centralbank.ie/docs/default-source/financial-system/access-to-cash/quarterly-cash-data/access-to-cash-quarterly-levels-of-compliance.xlsx?sfvrsn=937f701a_6,https://www.centralbank.ie/financial-system/access-to-cash/quarterly-cash-infrastructure-monitoring-data
aef87917a68d6cb0045d968198d10b249bee6e578038f430a5e660226628feef,XLSX,2938826,documents,,,files\www.centralbank.ie\_long\74078114e9e63468aee65541\ccyb-public-data-july-2026__u-74078114e9e6.xlsx,https://www.centralbank.ie/docs/default-source/financial-system/financial-stability/macroprudential-policy/countercyclical-capital-buffer/ccyb-public-data-july-2026.xlsx,1,https://www.centralbank.ie/docs/default-source/financial-system/financial-stability/macroprudential-policy/countercyclical-capital-buffer/ccyb-public-data-july-2026.xlsx,https://www.centralbank.ie/macro-prudential-policies-for-bank-capital/countercyclical-capital-buffer
8fee739f505abe3f8ea56e555ef4d1a48ad37d4fdc2d45ab23ff2be51e9ab022,XLSX,114782,documents,,,files\www.centralbank.ie\_long\3f4e76eaf93f3820f23b2f2a\central-bank-framework--m-m-measures---chartpack__u-3f4e76ea.xlsx,https://www.centralbank.ie/docs/default-source/financial-system/financial-stability/macroprudential-policy/mortgage-measures/central-bank-framework--m-m-measures---chartpack.xlsx,1,https://www.centralbank.ie/docs/default-source/financial-system/financial-stability/macroprudential-policy/mortgage-measures/central-bank-framework--m-m-measures---chartpack.xlsx,https://www.centralbank.ie/financial-system/financial-stability/macro-prudential-policy/mortgage-measures/mortgage-measures-framework-review-public-engagement
b7ce20ea97931b59508b05c4678dd5e0b77aec4141c1db87ee35b3d2cccead27,XLSX,371402,documents,,,files\www.centralbank.ie\_long\5f16fc9f4a7b1691f7252da5\irish-property-funds-data-return-template__q-afe706dacb__u-5.xlsx,https://www.centralbank.ie/docs/default-source/financial-system/financial-stability/macroprudential-policy/nbfi/irish-property-funds-data-return-template.xlsx?sfvrsn=e2fc631a_3,1,https://www.centralbank.ie/docs/default-source/financial-system/financial-stability/macroprudential-policy/nbfi/irish-property-funds-data-return-template.xlsx?sfvrsn=e2fc631a_3,https://www.centralbank.ie/financial-system/financial-stability/macro-prudential-policy/nbfi/property-funds/framework
fbe5f880d46486cb23d7de0d3912753098c1ff8b6b7b9c028d910898822583dd,XLSX,25039,documents,,,files\www.centralbank.ie\_long\9576bb09706f72cf4e316cbb\securities-lending-isins__q-32049ab409__u-9576bb09706f.xlsx,https://www.centralbank.ie/docs/default-source/monetary-policy/policy-implementation/asset-purchase-programmes/isins-securities-lending/securities-lending-isins.xlsx?sfvrsn=b07ea21d_234,1,https://www.centralbank.ie/docs/default-source/monetary-policy/policy-implementation/asset-purchase-programmes/isins-securities-lending/securities-lending-isins.xlsx?sfvrsn=b07ea21d_234,https://www.centralbank.ie/monetary-policy/policy-implementation/asset-purchase-programmes/securities-lending
712baa2af35d0df7d25917a5ea12c59dcfe7bd0d066d977671a372205ada4ee0,XLSX,876859,documents,,,files\www.centralbank.ie\_long\61cb4f2e3d6d66705a0007a3\fsr-2019-i-box-chartpack__q-d9672f06e8__u-61cb4f2e3d6d.xlsx,https://www.centralbank.ie/docs/default-source/publications/financial-stability-review/financial-stability/fsr-2019-i-box-chartpack.xlsx?sfvrsn=70c9881d_4,1,https://www.centralbank.ie/docs/default-source/publications/financial-stability-review/financial-stability/fsr-2019-i-box-chartpack.xlsx?sfvrsn=70c9881d_4,https://www.centralbank.ie/publication/financial-stability-review/financial-stability-review-2019-i
7d576c1065fba0cb3aa2e0b55dad39251bfe8247d771403d54354b6651887b36,XLSX,731568,documents,,,files\www.centralbank.ie\_long\2d900726a56a4dbfbdc3ec56\fsr-2019-i-macroprudential-policy-chartpack__q-e0694cca3e__u.xlsx,https://www.centralbank.ie/docs/default-source/publications/financial-stability-review/financial-stability/fsr-2019-i-macroprudential-policy-chartpack.xlsx?sfvrsn=1dc9881d_4,1,https://www.centralbank.ie/docs/default-source/publications/financial-stability-review/financial-stability/fsr-2019-i-macroprudential-policy-chartpack.xlsx?sfvrsn=1dc9881d_4,https://www.centralbank.ie/publication/financial-stability-review/financial-stability-review-2019-i
26bb221320c29a8763beb5efb2fa9997bc91dc7849c71eecf219aaaf7fa3657d,XLSX,1206696,documents,,,files\www.centralbank.ie\_long\ba7b93ba14e399f12579336c\fsr-2019-i-resilience-chartpack__q-f4781c0622__u-ba7b93ba14e.xlsx,https://www.centralbank.ie/docs/default-source/publications/financial-stability-review/financial-stability/fsr-2019-i-resilience-chartpack.xlsx?sfvrsn=c6c9881d_4,1,https://www.centralbank.ie/docs/default-source/publications/financial-stability-review/financial-stability/fsr-2019-i-resilience-chartpack.xlsx?sfvrsn=c6c9881d_4,https://www.centralbank.ie/publication/financial-stability-review/financial-stability-review-2019-i
ae5d84bc32f064c7bf0dfe62e34764c034444ebc81a6bfe3d05be2b23808d33f,XLSX,981006,documents,,,files\www.centralbank.ie\_long\60cb40d03a28f7eb241e3bb1\fsr-2019-i-risk-chartpack__q-8274fa27d7__u-60cb40d03a28.xlsx,https://www.centralbank.ie/docs/default-source/publications/financial-stability-review/financial-stability/fsr-2019-i-risk-chartpack.xlsx?sfvrsn=91c9881d_4,1,https://www.centralbank.ie/docs/default-source/publications/financial-stability-review/financial-stability/fsr-2019-i-risk-chartpack.xlsx?sfvrsn=91c9881d_4,https://www.centralbank.ie/publication/financial-stability-review/financial-stability-review-2019-i
f6dd29bec206857c1f808b0c7f417bacf8713fbf1d4309f4da21a1299579338d,XLSX,220770,documents,,,files\www.centralbank.ie\_long\6fcb8c2fcafb65b2bf17c01d\fsr-2019-ii---box-chartpack__q-4b3a7c7568__u-6fcb8c2fcafb.xlsx,https://www.centralbank.ie/docs/default-source/publications/financial-stability-review/financial-stability/fsr-2019-ii---box-chartpack.xlsx?sfvrsn=aaca881d_4,1,https://www.centralbank.ie/docs/default-source/publications/financial-stability-review/financial-stability/fsr-2019-ii---box-chartpack.xlsx?sfvrsn=aaca881d_4,https://www.centralbank.ie/publication/financial-stability-review/financial-stability-review-2019-ii
a2050d0bc49e0ab5ddeab1867c111ea26dac48c57e9504301dd231f4c7e38a66,XLSX,99258,documents,,,files\www.centralbank.ie\_long\202a45fdf4d522579d7cfd1a\fsr-2019-ii---macroprudential-policy-chartpack__q-1efabf9673.xlsx,https://www.centralbank.ie/docs/default-source/publications/financial-stability-review/financial-stability/fsr-2019-ii---macroprudential-policy-chartpack.xlsx?sfvrsn=81ca881d_4,1,https://www.centralbank.ie/docs/default-source/publications/financial-stability-review/financial-stability/fsr-2019-ii---macroprudential-policy-chartpack.xlsx?sfvrsn=81ca881d_4,https://www.centralbank.ie/publication/financial-stability-review/financial-stability-review-2019-ii
e6dae8134ba6b4b6752c17ab03fdd2134ebb9f974f63fb182839a099d82e83cc,XLSX,388026,documents,,,files\www.centralbank.ie\_long\9bb5c2af5e0ccf0b17722915\fsr-2019-ii---resilience-chartpack__q-2ed0fb03c6__u-9bb5c2af.xlsx,https://www.centralbank.ie/docs/default-source/publications/financial-stability-review/financial-stability/fsr-2019-ii---resilience-chartpack.xlsx?sfvrsn=e4ca881d_4,1,https://www.centralbank.ie/docs/default-source/publications/financial-stability-review/financial-stability/fsr-2019-ii---resilience-chartpack.xlsx?sfvrsn=e4ca881d_4,https://www.centralbank.ie/publication/financial-stability-review/financial-stability-review-2019-ii
1844da464ce0c7bdfeaac88dca12401081ff5551b71200b65158405a0746d9c9,XLSX,1250094,documents,,,files\www.centralbank.ie\_long\b24697def56220cf72e6004e\fsr-2019-ii---risk-chartpack__q-83f888b415__u-b24697def562.xlsx,https://www.centralbank.ie/docs/default-source/publications/financial-stability-review/financial-stability/fsr-2019-ii---risk-chartpack.xlsx?sfvrsn=3bca881d_4,1,https://www.centralbank.ie/docs/default-source/publications/financial-stability-review/financial-stability/fsr-2019-ii---risk-chartpack.xlsx?sfvrsn=3bca881d_4,https://www.centralbank.ie/publication/financial-stability-review/financial-stability-review-2019-ii
556936a1002f6047c9c5395590b8d6a8e617bf67b31e527e3d3b1424e23f4552,XLSX,369782,documents,,,files\www.centralbank.ie\_long\1fc9877b8ade2101fd3b3911\fsr-2020-i---box-chartpack__q-ea9430fcbb__u-1fc9877b8ade.xlsx,https://www.centralbank.ie/docs/default-source/publications/financial-stability-review/financial-stability/fsr-2020-i---box-chartpack.xlsx?sfvrsn=e8cb881d_4,1,https://www.centralbank.ie/docs/default-source/publications/financial-stability-review/financial-stability/fsr-2020-i---box-chartpack.xlsx?sfvrsn=e8cb881d_4,https://www.centralbank.ie/publication/financial-stability-review/financial-stability-review-2020-i
0d1ce6a920b5a7ccb0813030d59fb3cb6b40aa877bb77c712bc554e84580c7ce,XLSX,39379,documents,,,files\www.centralbank.ie\_long\34288d9bcd98e3d25dc77049\fsr-2020-i---policy-chartpack__q-b597a8eeb0__u-34288d9bcd98.xlsx,https://www.centralbank.ie/docs/default-source/publications/financial-stability-review/financial-stability/fsr-2020-i---policy-chartpack.xlsx?sfvrsn=79cb881d_4,1,https://www.centralbank.ie/docs/default-source/publications/financial-stability-review/financial-stability/fsr-2020-i---policy-chartpack.xlsx?sfvrsn=79cb881d_4,https://www.centralbank.ie/publication/financial-stability-review/financial-stability-review-2020-i
a0bc3048f86be4be5124259778ea66c8c2c71712e6177c06d736b8ebb7e58d2d,XLSX,569545,documents,,,files\www.centralbank.ie\_long\f1ebb7062bd4432135bf08f5\fsr-2020-i---resilience-chartpack__q-df58e81e78__u-f1ebb7062.xlsx,https://www.centralbank.ie/docs/default-source/publications/financial-stability-review/financial-stability/fsr-2020-i---resilience-chartpack.xlsx?sfvrsn=cfcb881d_4,1,https://www.centralbank.ie/docs/default-source/publications/financial-stability-review/financial-stability/fsr-2020-i---resilience-chartpack.xlsx?sfvrsn=cfcb881d_4,https://www.centralbank.ie/publication/financial-stability-review/financial-stability-review-2020-i
4dc5dc69fa4bff43da14c64a798c6b809674641e44a90e148f16a4d28fef5b59,XLSX,690835,documents,,,files\www.centralbank.ie\_long\bf066bf1776025e84ae1267a\fsr-2020-i---risk-chartpack__q-c7a5080676__u-bf066bf17760.xlsx,https://www.centralbank.ie/docs/default-source/publications/financial-stability-review/financial-stability/fsr-2020-i---risk-chartpack.xlsx?sfvrsn=22cb881d_4,1,https://www.centralbank.ie/docs/default-source/publications/financial-stability-review/financial-stability/fsr-2020-i---risk-chartpack.xlsx?sfvrsn=22cb881d_4,https://www.centralbank.ie/publication/financial-stability-review/financial-stability-review-2020-i
5fa58d2a806a35a57aa704b41d66563eca23ab0c9446ca67e8202967fe60a7d1,XLSX,273675,documents,,,files\www.centralbank.ie\_long\fe186145ed7c7d23720dba77\fsr-2020-ii---box-chartpack__q-d6591b8b66__u-fe186145ed7c.xlsx,https://www.centralbank.ie/docs/default-source/publications/financial-stability-review/financial-stability/fsr-2020-ii---box-chartpack.xlsx?sfvrsn=4fd1881d_10,1,https://www.centralbank.ie/docs/default-source/publications/financial-stability-review/financial-stability/fsr-2020-ii---box-chartpack.xlsx?sfvrsn=4fd1881d_10,https://www.centralbank.ie/publication/financial-stability-review/financial-stability-review-2020-ii
3b160aa809b9493dbf784c29a277cc14826cc60c764dbb4a80d478cc8a5ed8bf,XLSX,396572,documents,,,files\www.centralbank.ie\_long\21ef2525d806e330eb723f82\fsr-2020-ii---policy-chartpack__q-020601dc8c__u-21ef2525d806.xlsx,https://www.centralbank.ie/docs/default-source/publications/financial-stability-review/financial-stability/fsr-2020-ii---policy-chartpack.xlsx?sfvrsn=79d1881d_4,1,https://www.centralbank.ie/docs/default-source/publications/financial-stability-review/financial-stability/fsr-2020-ii---policy-chartpack.xlsx?sfvrsn=79d1881d_4,https://www.centralbank.ie/publication/financial-stability-review/financial-stability-review-2020-ii
8ae2ceffe5deb71c17faadb6608b62c1ab7ede677955645cb130b21808845cd9,XLSX,532646,documents,,,files\www.centralbank.ie\_long\64b3d5954d7a92c2f557e6ad\fsr-2020-ii---resilience-chartpack__q-2e5927a65a__u-64b3d595.xlsx,https://www.centralbank.ie/docs/default-source/publications/financial-stability-review/financial-stability/fsr-2020-ii---resilience-chartpack.xlsx?sfvrsn=5dd1881d_4,1,https://www.centralbank.ie/docs/default-source/publications/financial-stability-review/financial-stability/fsr-2020-ii---resilience-chartpack.xlsx?sfvrsn=5dd1881d_4,https://www.centralbank.ie/publication/financial-stability-review/financial-stability-review-2020-ii
ab5f993a1159603464ae71d0256599d4544948539467d180818002e6f5c1a712,XLSX,5894063,documents,,,files\www.centralbank.ie\_long\2f3f52bac672164f5349c912\fsr-2020-ii---risk-chartpack__q-1b411acd5e__u-2f3f52bac672.xlsx,https://www.centralbank.ie/docs/default-source/publications/financial-stability-review/financial-stability/fsr-2020-ii---risk-chartpack.xlsx?sfvrsn=a5dd881d_4,1,https://www.centralbank.ie/docs/default-source/publications/financial-stability-review/financial-stability/fsr-2020-ii---risk-chartpack.xlsx?sfvrsn=a5dd881d_4,https://www.centralbank.ie/publication/financial-stability-review/financial-stability-review-2020-ii
2183466a530f84ad7ee6842d99c925e045b7fa53bb6cf8e10f664c0aca9a8243,XLSX,199184,documents,,,files\www.centralbank.ie\_long\7bb1e0d7f78156b1186df2f0\fsr-2021-i---box-chartpack__q-eb47ee2b2a__u-7bb1e0d7f781.xlsx,https://www.centralbank.ie/docs/default-source/publications/financial-stability-review/financial-stability/fsr-2021-i---box-chartpack.xlsx?sfvrsn=6b9f8f1d_5,1,https://www.centralbank.ie/docs/default-source/publications/financial-stability-review/financial-stability/fsr-2021-i---box-chartpack.xlsx?sfvrsn=6b9f8f1d_5,https://www.centralbank.ie/publication/financial-stability-review/financial-stability-review-2021-i
66d0675abb8ff56c9c2e474795f739fcd7c3782bda364a9fdfba2b7a7473c60a,XLSX,117144,documents,,,files\www.centralbank.ie\_long\101894ca6f005726351243a3\fsr-2021-i---policy-chartpack__q-a181575ad9__u-101894ca6f00.xlsx,https://www.centralbank.ie/docs/default-source/publications/financial-stability-review/financial-stability/fsr-2021-i---policy-chartpack.xlsx?sfvrsn=799f8f1d_5,1,https://www.centralbank.ie/docs/default-source/publications/financial-stability-review/financial-stability/fsr-2021-i---policy-chartpack.xlsx?sfvrsn=799f8f1d_5,https://www.centralbank.ie/publication/financial-stability-review/financial-stability-review-2021-i
ddd353054a116084fcd65f4973076cd45a0a7d2160f29cf34c5acc8da40cdc34,XLSX,573021,documents,,,files\www.centralbank.ie\_long\ae70ca698b3380202f6a7751\fsr-2021-i---resilience-chartpack__q-5e647114a4__u-ae70ca698.xlsx,https://www.centralbank.ie/docs/default-source/publications/financial-stability-review/financial-stability/fsr-2021-i---resilience-chartpack.xlsx?sfvrsn=349f8f1d_4,1,https://www.centralbank.ie/docs/default-source/publications/financial-stability-review/financial-stability/fsr-2021-i---resilience-chartpack.xlsx?sfvrsn=349f8f1d_4,https://www.centralbank.ie/publication/financial-stability-review/financial-stability-review-2021-i
0bf6c13621cb9ab2e9a02c78ecffe68e0b9551173512372995f40d3860ca0b58,XLSX,701647,documents,,,files\www.centralbank.ie\_long\f13c5f04d7628318ddcaf87a\fsr-2021-i---risk-chartpack__q-a8d3f43907__u-f13c5f04d762.xlsx,https://www.centralbank.ie/docs/default-source/publications/financial-stability-review/financial-stability/fsr-2021-i---risk-chartpack.xlsx?sfvrsn=829f8f1d_5,1,https://www.centralbank.ie/docs/default-source/publications/financial-stability-review/financial-stability/fsr-2021-i---risk-chartpack.xlsx?sfvrsn=829f8f1d_5,https://www.centralbank.ie/publication/financial-stability-review/financial-stability-review-2021-i
e67b29a0b7b1e4452807467a48ef337f4d63de5db056ad49b5ddf22fd49b0af1,XLSX,243184,documents,,,files\www.centralbank.ie\_long\be76ed1ae0ca5477e3a6b6af\fsr-2021-ii-box-chartpack__q-ca4cd3de08__u-be76ed1ae0ca.xlsx,https://www.centralbank.ie/docs/default-source/publications/financial-stability-review/financial-stability/fsr-2021-ii-box-chartpack.xlsx?sfvrsn=30921d_3,1,https://www.centralbank.ie/docs/default-source/publications/financial-stability-review/financial-stability/fsr-2021-ii-box-chartpack.xlsx?sfvrsn=30921d_3,https://www.centralbank.ie/publication/financial-stability-review/financial-stability-review-2021-ii
78a96636052000367e76d72f625be14e6fb152dcdde63c5ced0831f8b72ba646,XLSX,264767,documents,,,files\www.centralbank.ie\_long\53ce575cfe406c3a6404c70b\fsr-2021-ii-policy-chartpack__q-6f96508743__u-53ce575cfe40.xlsx,https://www.centralbank.ie/docs/default-source/publications/financial-stability-review/financial-stability/fsr-2021-ii-policy-chartpack.xlsx?sfvrsn=4c2a921d_3,1,https://www.centralbank.ie/docs/default-source/publications/financial-stability-review/financial-stability/fsr-2021-ii-policy-chartpack.xlsx?sfvrsn=4c2a921d_3,https://www.centralbank.ie/publication/financial-stability-review/financial-stability-review-2021-ii
45e1f011af955c7cdc01e9b7cc3930f2d02505dcb6de0e969c45498dfb89b31e,XLSX,985360,documents,,,files\www.centralbank.ie\_long\fd4578e23fd423193f4769ce\fsr-2021-ii-resilience-chartpack__q-874b570401__u-fd4578e23f.xlsx,https://www.centralbank.ie/docs/default-source/publications/financial-stability-review/financial-stability/fsr-2021-ii-resilience-chartpack.xlsx?sfvrsn=5a2a921d_3,1,https://www.centralbank.ie/docs/default-source/publications/financial-stability-review/financial-stability/fsr-2021-ii-resilience-chartpack.xlsx?sfvrsn=5a2a921d_3,https://www.centralbank.ie/publication/financial-stability-review/financial-stability-review-2021-ii
b7031142a3a9a6800d40bc9026eab892f4ce10d75d4316437310629b72f5e502,XLSX,759924,documents,,,files\www.centralbank.ie\_long\1ff3d083a751c388ae993675\fsr-2021-ii-risk-chartpack__q-b2daa9c588__u-1ff3d083a751.xlsx,https://www.centralbank.ie/docs/default-source/publications/financial-stability-review/financial-stability/fsr-2021-ii-risk-chartpack.xlsx?sfvrsn=682a921d_3,1,https://www.centralbank.ie/docs/default-source/publications/financial-stability-review/financial-stability/fsr-2021-ii-risk-chartpack.xlsx?sfvrsn=682a921d_3,https://www.centralbank.ie/publication/financial-stability-review/financial-stability-review-2021-ii
76719a467618899f9009630c251617c25928204dc40ce37952405a7a22d1ab02,XLSX,351319,documents,,,files\www.centralbank.ie\_long\8e67c158df42449e45285e63\fsr-2022-i---box-chartpack__q-72be170975__u-8e67c158df42.xlsx,https://www.centralbank.ie/docs/default-source/publications/financial-stability-review/financial-stability/fsr-2022-i---box-chartpack.xlsx?sfvrsn=d86a961d_2,1,https://www.centralbank.ie/docs/default-source/publications/financial-stability-review/financial-stability/fsr-2022-i---box-chartpack.xlsx?sfvrsn=d86a961d_2,https://www.centralbank.ie/publication/financial-stability-review/financial-stability-review-2022-i
f4d40e00c98401538102183e565a0ff3a1f1d071fcbfd3ea301ea1955dc2dd48,XLSX,120772,documents,,,files\www.centralbank.ie\_long\f8bc81029da91a765553cb56\fsr-2022-i---policy-chartpack__q-eb65929f96__u-f8bc81029da9.xlsx,https://www.centralbank.ie/docs/default-source/publications/financial-stability-review/financial-stability/fsr-2022-i---policy-chartpack.xlsx?sfvrsn=ff6a961d_2,1,https://www.centralbank.ie/docs/default-source/publications/financial-stability-review/financial-stability/fsr-2022-i---policy-chartpack.xlsx?sfvrsn=ff6a961d_2,https://www.centralbank.ie/publication/financial-stability-review/financial-stability-review-2022-i
428ebaadb937803899cee236df1a95c82cbf0de2ba65e86e0b6ad2fa8f9a54a6,XLSX,958294,documents,,,files\www.centralbank.ie\_long\49b7b5e44bb82ec599cdb8f0\fsr-2022-i---resilience-chartpack__q-56a43c8521__u-49b7b5e44.xlsx,https://www.centralbank.ie/docs/default-source/publications/financial-stability-review/financial-stability/fsr-2022-i---resilience-chartpack.xlsx?sfvrsn=936a961d_2,1,https://www.centralbank.ie/docs/default-source/publications/financial-stability-review/financial-stability/fsr-2022-i---resilience-chartpack.xlsx?sfvrsn=936a961d_2,https://www.centralbank.ie/publication/financial-stability-review/financial-stability-review-2022-i
7c1d976c36591828ea545bbc5a788c5b9f4789727bed466600a0240e66b324cc,XLSX,834137,documents,,,files\www.centralbank.ie\_long\a3470850d8416e0e040a7591\fsr-2022-i---risk-chartpack__q-8de8764712__u-a3470850d841.xlsx,https://www.centralbank.ie/docs/default-source/publications/financial-stability-review/financial-stability/fsr-2022-i---risk-chartpack.xlsx?sfvrsn=b76a961d_2,1,https://www.centralbank.ie/docs/default-source/publications/financial-stability-review/financial-stability/fsr-2022-i---risk-chartpack.xlsx?sfvrsn=b76a961d_2,https://www.centralbank.ie/publication/financial-stability-review/financial-stability-review-2022-i
d9b33034bf96ce2a0ebab5ef64f3101da42f7d724eaa0237cbd54dbebdc03a2d,XLSX,293130,documents,,,files\www.centralbank.ie\_long\78fb2ec88db4433c6b12b228\fsr-2022-ii-box-chartpack__q-2d8838c688__u-78fb2ec88db4.xlsx,https://www.centralbank.ie/docs/default-source/publications/financial-stability-review/financial-stability/fsr-2022-ii-box-chartpack.xlsx?sfvrsn=72c39b1d_4,1,https://www.centralbank.ie/docs/default-source/publications/financial-stability-review/financial-stability/fsr-2022-ii-box-chartpack.xlsx?sfvrsn=72c39b1d_4,https://www.centralbank.ie/publication/financial-stability-review/financial-stability-review-2022-ii
1a4930739a4356d34fce83102cbef0719e5f2218e823a9d9790a79195f6607be,XLSX,143367,documents,,,files\www.centralbank.ie\_long\69cf431447d2ca3f0694f2ba\fsr-2022-ii-policy-chartpack__q-f92671df7a__u-69cf431447d2.xlsx,https://www.centralbank.ie/docs/default-source/publications/financial-stability-review/financial-stability/fsr-2022-ii-policy-chartpack.xlsx?sfvrsn=79c39b1d_4,1,https://www.centralbank.ie/docs/default-source/publications/financial-stability-review/financial-stability/fsr-2022-ii-policy-chartpack.xlsx?sfvrsn=79c39b1d_4,https://www.centralbank.ie/publication/financial-stability-review/financial-stability-review-2022-ii
54522dd31ecff5310953dcde4d2101356c7191ca949dc480eadd2124cdbc53fd,XLSX,983880,documents,,,files\www.centralbank.ie\_long\b4bc26cd552698ef44829d32\fsr-2022-ii-resilience-chartpack__q-4dfe2d404b__u-b4bc26cd55.xlsx,https://www.centralbank.ie/docs/default-source/publications/financial-stability-review/financial-stability/fsr-2022-ii-resilience-chartpack.xlsx?sfvrsn=5fc39b1d_4,1,https://www.centralbank.ie/docs/default-source/publications/financial-stability-review/financial-stability/fsr-2022-ii-resilience-chartpack.xlsx?sfvrsn=5fc39b1d_4,https://www.centralbank.ie/publication/financial-stability-review/financial-stability-review-2022-ii
73ecda04bd01d971637571ec007630fbe2574db03fc77931456e9ae0c2b1136f,XLSX,13345075,documents,,,files\www.centralbank.ie\_long\d3c6d20a12fb4530853200e7\fsr-2022-ii-risk-chartpack__q-8aac34b656__u-d3c6d20a12fb.xlsx,https://www.centralbank.ie/docs/default-source/publications/financial-stability-review/financial-stability/fsr-2022-ii-risk-chartpack.xlsx?sfvrsn=40c39b1d_4,1,https://www.centralbank.ie/docs/default-source/publications/financial-stability-review/financial-stability/fsr-2022-ii-risk-chartpack.xlsx?sfvrsn=40c39b1d_4,https://www.centralbank.ie/publication/financial-stability-review/financial-stability-review-2022-ii
d4e46f385f4c9f484a947eee4d809758dae5dca64a1bd925d0723d87b629c593,XLSX,47633,documents,,,files\www.centralbank.ie\_long\3800f46113d0b270e4af9844\fsr-2023-i-box-chartpack__q-17d6b4c897__u-3800f46113d0.xlsx,https://www.centralbank.ie/docs/default-source/publications/financial-stability-review/financial-stability/fsr-2023-i-box-chartpack.xlsx?sfvrsn=22309e1d_4,1,https://www.centralbank.ie/docs/default-source/publications/financial-stability-review/financial-stability/fsr-2023-i-box-chartpack.xlsx?sfvrsn=22309e1d_4,https://www.centralbank.ie/publication/financial-stability-review/financial-stability-review-2023-i
9a943eef76907e080e1f12268db2721beb2fec4d2dab63d4ed17abe68b175586,XLSX,113607,documents,,,files\www.centralbank.ie\_long\679c5aa9a090c6a8f821443c\fsr-2023-i-policy-chartpack__q-0fff39ee39__u-679c5aa9a090.xlsx,https://www.centralbank.ie/docs/default-source/publications/financial-stability-review/financial-stability/fsr-2023-i-policy-chartpack.xlsx?sfvrsn=3c309e1d_4,1,https://www.centralbank.ie/docs/default-source/publications/financial-stability-review/financial-stability/fsr-2023-i-policy-chartpack.xlsx?sfvrsn=3c309e1d_4,https://www.centralbank.ie/publication/financial-stability-review/financial-stability-review-2023-i
db580f99ab8eacf75c3d448620d472c8de58443c88989550f8e47bb5e0b349a5,XLSX,701115,documents,,,files\www.centralbank.ie\_long\f93e7cf1933fc9c30f31eaeb\fsr-2023-i-resilience-chartpack__q-88b9201bff__u-f93e7cf1933.xlsx,https://www.centralbank.ie/docs/default-source/publications/financial-stability-review/financial-stability/fsr-2023-i-resilience-chartpack.xlsx?sfvrsn=c8309e1d_4,1,https://www.centralbank.ie/docs/default-source/publications/financial-stability-review/financial-stability/fsr-2023-i-resilience-chartpack.xlsx?sfvrsn=c8309e1d_4,https://www.centralbank.ie/publication/financial-stability-review/financial-stability-review-2023-i
ec24b6742b68a3616520f1842fb3a3c5bf049104e14fcd1a3cb53a76df0c8fe0,XLSX,568111,documents,,,files\www.centralbank.ie\_long\8b7357304072264adac61f87\fsr-2023-i-risk-chartpack__q-a1190053ab__u-8b7357304072.xlsx,https://www.centralbank.ie/docs/default-source/publications/financial-stability-review/financial-stability/fsr-2023-i-risk-chartpack.xlsx?sfvrsn=e7309e1d_4,1,https://www.centralbank.ie/docs/default-source/publications/financial-stability-review/financial-stability/fsr-2023-i-risk-chartpack.xlsx?sfvrsn=e7309e1d_4,https://www.centralbank.ie/publication/financial-stability-review/financial-stability-review-2023-i
72aae7c7f057ae740acd7e460698572dc9933f65d9184c96e22f24d828a9e8ab,XLSX,184758,documents,,,files\www.centralbank.ie\_long\133c477e9de286cafa334348\fsr-2023-ii-box-chartpack__q-db54cd25bd__u-133c477e9de2.xlsx,https://www.centralbank.ie/docs/default-source/publications/financial-stability-review/financial-stability/fsr-2023-ii-box-chartpack.xlsx?sfvrsn=96f29d1d_2,1,https://www.centralbank.ie/docs/default-source/publications/financial-stability-review/financial-stability/fsr-2023-ii-box-chartpack.xlsx?sfvrsn=96f29d1d_2,https://www.centralbank.ie/publication/financial-stability-review/financial-stability-review-2023-ii
a6674120bf5d85828980597f08bfd5c35a13d2b08467907a7d46b2cc7c09108e,XLSX,163792,documents,,,files\www.centralbank.ie\_long\49885910a54ef79cf5c7735d\fsr-2023-ii-macroprudential-policy-chartpack__q-066fb5e6aa__.xlsx,https://www.centralbank.ie/docs/default-source/publications/financial-stability-review/financial-stability/fsr-2023-ii-macroprudential-policy-chartpack.xlsx?sfvrsn=a5f29d1d_2,1,https://www.centralbank.ie/docs/default-source/publications/financial-stability-review/financial-stability/fsr-2023-ii-macroprudential-policy-chartpack.xlsx?sfvrsn=a5f29d1d_2,https://www.centralbank.ie/publication/financial-stability-review/financial-stability-review-2023-ii
99c53f2494f94cd3be5c7cc71ea6f6c95d2d4ab540e3c3baf447f43e2a78d3a4,XLSX,669774,documents,,,files\www.centralbank.ie\_long\5d16fdc5978d803d889bb5d5\fsr-2023-ii-resilience-chartpack__q-95c5e16a2b__u-5d16fdc597.xlsx,https://www.centralbank.ie/docs/default-source/publications/financial-stability-review/financial-stability/fsr-2023-ii-resilience-chartpack.xlsx?sfvrsn=b0f29d1d_2,1,https://www.centralbank.ie/docs/default-source/publications/financial-stability-review/financial-stability/fsr-2023-ii-resilience-chartpack.xlsx?sfvrsn=b0f29d1d_2,https://www.centralbank.ie/publication/financial-stability-review/financial-stability-review-2023-ii
1300821ad44f4dd8803f15b638da38fc406ef768b951e6d7accddf9351b74e1e,XLSX,500650,documents,,,files\www.centralbank.ie\_long\95bed0a5596f783e5faefa54\fsr-2023-ii-risk-chartpack__q-f4eced6f1e__u-95bed0a5596f.xlsx,https://www.centralbank.ie/docs/default-source/publications/financial-stability-review/financial-stability/fsr-2023-ii-risk-chartpack.xlsx?sfvrsn=4ff19d1d_2,1,https://www.centralbank.ie/docs/default-source/publications/financial-stability-review/financial-stability/fsr-2023-ii-risk-chartpack.xlsx?sfvrsn=4ff19d1d_2,https://www.centralbank.ie/publication/financial-stability-review/financial-stability-review-2023-ii
5536a568f26908c357839f1b1d242e83cbf5a3d1d14309d71aaef8c3c0c45bda,XLSX,9081402,documents,,,files\www.centralbank.ie\_long\1cb7583c5d4dc59835a4f2bb\fsr-2024-i-risks-chartpack__q-0b9e52fafe__u-1cb7583c5d4d.xlsx,https://www.centralbank.ie/docs/default-source/publications/financial-stability-review/financial-stability/fsr-2024-i-risks-chartpack.xlsx?sfvrsn=ec3b601a_4,1,https://www.centralbank.ie/docs/default-source/publications/financial-stability-review/financial-stability/fsr-2024-i-risks-chartpack.xlsx?sfvrsn=ec3b601a_4,https://www.centralbank.ie/publication/financial-stability-review/financial-stability-review-2024-i
8b4cd0073297f60fcae80c89201b6041b153a8b92c05a7232e08eaf4d1e3e9ca,XLSX,228620,documents,,,files\www.centralbank.ie\_long\e0a1d03febf5df1e4bf65d8e\fsr-2024-ii-box-chartpack__q-8e305b22f3__u-e0a1d03febf5.xlsx,https://www.centralbank.ie/docs/default-source/publications/financial-stability-review/financial-stability/fsr-2024-ii-box-chartpack.xlsx?sfvrsn=1e70641a_2,1,https://www.centralbank.ie/docs/default-source/publications/financial-stability-review/financial-stability/fsr-2024-ii-box-chartpack.xlsx?sfvrsn=1e70641a_2,https://www.centralbank.ie/publication/financial-stability-review/financial-stability-review-2024-ii
c00224c53f5605f696ae6718dfd5cf50fd92f0be22c6984480f82dd5487b10a6,XLSX,230693,documents,,,files\www.centralbank.ie\_long\1239a604946d6fb4b34db9ac\fsr-2024-ii-policy-chartpack__q-2c1eba39a9__u-1239a604946d.xlsx,https://www.centralbank.ie/docs/default-source/publications/financial-stability-review/financial-stability/fsr-2024-ii-policy-chartpack.xlsx?sfvrsn=2d70641a_2,1,https://www.centralbank.ie/docs/default-source/publications/financial-stability-review/financial-stability/fsr-2024-ii-policy-chartpack.xlsx?sfvrsn=2d70641a_2,https://www.centralbank.ie/publication/financial-stability-review/financial-stability-review-2024-ii
00eeca5843f158bba5d71ea4bcc781dc28eecffb905ffbd292c63adaeecb2b5c,XLSX,577088,documents,,,files\www.centralbank.ie\_long\36b64757689fd6903322e640\fsr-2024-ii-resilience-chartpack__q-48b9d83eb1__u-36b6475768.xlsx,https://www.centralbank.ie/docs/default-source/publications/financial-stability-review/financial-stability/fsr-2024-ii-resilience-chartpack.xlsx?sfvrsn=c370641a_2,1,https://www.centralbank.ie/docs/default-source/publications/financial-stability-review/financial-stability/fsr-2024-ii-resilience-chartpack.xlsx?sfvrsn=c370641a_2,https://www.centralbank.ie/publication/financial-stability-review/financial-stability-review-2024-ii
76787946a6432fd3901d3bc18ffedf11d08e1d7b19f881f4b6ae234949d4e152,XLSX,518957,documents,,,files\www.centralbank.ie\_long\e9ebc58a4cfa38773b85ba36\fsr-2024-ii-risks-chartpack__q-ef14a8f5e4__u-e9ebc58a4cfa.xlsx,https://www.centralbank.ie/docs/default-source/publications/financial-stability-review/financial-stability/fsr-2024-ii-risks-chartpack.xlsx?sfvrsn=da70641a_2,1,https://www.centralbank.ie/docs/default-source/publications/financial-stability-review/financial-stability/fsr-2024-ii-risks-chartpack.xlsx?sfvrsn=da70641a_2,https://www.centralbank.ie/publication/financial-stability-review/financial-stability-review-2024-ii
b4590f8d69d2eddfd07a24ac0733398d26a6ff35fa86305c7672cecca8594571,XLSX,1098506,documents,,,files\www.centralbank.ie\_long\27606b5c393272d5a2a8f086\fsr-2025-i-chartpack__q-e02e2c507f__u-27606b5c3932.xlsx,https://www.centralbank.ie/docs/default-source/publications/financial-stability-review/financial-stability/fsr-2025-i-chartpack.xlsx?sfvrsn=7a1d681a_2,1,https://www.centralbank.ie/docs/default-source/publications/financial-stability-review/financial-stability/fsr-2025-i-chartpack.xlsx?sfvrsn=7a1d681a_2,https://www.centralbank.ie/publication/financial-stability-review/financial-stability-review-2025-i
d63c20997ecd193a36947fbf878610a8859649ea6c6cde447c3496235a36f0e7,XLSX,126050,documents,,,files\www.centralbank.ie\_long\d2adb0c26e0c5bcf0f246ec4\fsr-2025-ii-box-chartpack__q-188d9bb5a8__u-d2adb0c26e0c.xlsx,https://www.centralbank.ie/docs/default-source/publications/financial-stability-review/financial-stability/fsr-2025-ii-box-chartpack.xlsx?sfvrsn=bfb6f1a_2,1,https://www.centralbank.ie/docs/default-source/publications/financial-stability-review/financial-stability/fsr-2025-ii-box-chartpack.xlsx?sfvrsn=bfb6f1a_2,https://www.centralbank.ie/publication/financial-stability-review/financial-stability-review-2025-ii
23dac0d9ae4ed040856e0548e99cc9401d6ed9c63f92cdf8bee3b3bb806ab94e,XLSX,219457,documents,,,files\www.centralbank.ie\_long\accc4d2d60ab74c61c319520\fsr-2025-ii-policy-chartpack__q-310ade49ca__u-accc4d2d60ab.xlsx,https://www.centralbank.ie/docs/default-source/publications/financial-stability-review/financial-stability/fsr-2025-ii-policy-chartpack.xlsx?sfvrsn=70fb6f1a_2,1,https://www.centralbank.ie/docs/default-source/publications/financial-stability-review/financial-stability/fsr-2025-ii-policy-chartpack.xlsx?sfvrsn=70fb6f1a_2,https://www.centralbank.ie/publication/financial-stability-review/financial-stability-review-2025-ii
d734b7600627e554b7251f70b7a16489536627572ca8343c3cb998705734019c,XLSX,401369,documents,,,files\www.centralbank.ie\_long\c63a5954c457edd5de353987\fsr-2025-ii-resilience-chartpack__q-0fe122c1f4__u-c63a5954c4.xlsx,https://www.centralbank.ie/docs/default-source/publications/financial-stability-review/financial-stability/fsr-2025-ii-resilience-chartpack.xlsx?sfvrsn=62fb6f1a_2,1,https://www.centralbank.ie/docs/default-source/publications/financial-stability-review/financial-stability/fsr-2025-ii-resilience-chartpack.xlsx?sfvrsn=62fb6f1a_2,https://www.centralbank.ie/publication/financial-stability-review/financial-stability-review-2025-ii
1725a31b4437b4656ce0e492251537b9832a708a9cdba82620974c8808b78829,XLSX,421365,documents,,,files\www.centralbank.ie\_long\3045ee85a8fc933ead9b236e\fsr-2025-ii-risks-chartpack__q-e7841e645a__u-3045ee85a8fc.xlsx,https://www.centralbank.ie/docs/default-source/publications/financial-stability-review/financial-stability/fsr-2025-ii-risks-chartpack.xlsx?sfvrsn=54fb6f1a_2,1,https://www.centralbank.ie/docs/default-source/publications/financial-stability-review/financial-stability/fsr-2025-ii-risks-chartpack.xlsx?sfvrsn=54fb6f1a_2,https://www.centralbank.ie/publication/financial-stability-review/financial-stability-review-2025-ii
955483444ebbe85169ff7dbd909eb562ac3ebe4b00241160d6360cd707328998,XLSX,957081,documents,,,files\www.centralbank.ie\_long\4c4dc708bed45dc82bb06e75\fsr-2026-i-chartpack__q-e782326c33__u-4c4dc708bed4.xlsx,https://www.centralbank.ie/docs/default-source/publications/financial-stability-review/financial-stability/fsr-2026-i-chartpack.xlsx?sfvrsn=343b701a_2,1,https://www.centralbank.ie/docs/default-source/publications/financial-stability-review/financial-stability/fsr-2026-i-chartpack.xlsx?sfvrsn=343b701a_2,https://www.centralbank.ie/publication/financial-stability-review/financial-stability-review-2026-i
aae27b7500b43e8bb68ce9a42f71c366f5e7e27b2d4eac9b3a1ff6b0c4f6e5f0,XLSX,858909,documents,,,files\www.centralbank.ie\_long\f9b4707cff68620fddc0f489\qb-1-box-chartpack-web__q-a57f83a56a__u-f9b4707cff68.xlsx,https://www.centralbank.ie/docs/default-source/publications/quarterly-bulletins/boxes/qb-1-box-chartpack-web.xlsx?sfvrsn=d5016a1a_0,1,https://www.centralbank.ie/docs/default-source/publications/quarterly-bulletins/boxes/qb-1-box-chartpack-web.xlsx?sfvrsn=d5016a1a_0,https://www.centralbank.ie/publication/quarterly-bulletins/quarterly-bulletin-quarter-1-2025
618c4bf5c3310836f3d099f44ca4c95555d73b3eb898dd668ab51d15c975c5de,XLSX,47964,documents,,,files\www.centralbank.ie\_long\46a0d52599b1f32d2da84d16\box-a-chart-data__q-18eb339cea__u-46a0d52599b1.xlsx,https://www.centralbank.ie/docs/default-source/publications/quarterly-bulletins/qb-2-2026/box-a-chart-data.xlsx?sfvrsn=b38b701a_1,1,https://www.centralbank.ie/docs/default-source/publications/quarterly-bulletins/qb-2-2026/box-a-chart-data.xlsx?sfvrsn=b38b701a_1,https://www.centralbank.ie/publication/quarterly-bulletins/quarterly-bulletin-q2-2026
971aa52a8abdcc78ed340370c6df2a55f87589723bc44e6fc0403b8fc65a502c,XLSX,32368,documents,,,files\www.centralbank.ie\_long\530d334f43f0e6c355a213f9\box-b-chart-data__q-3db34fe472__u-530d334f43f0.xlsx,https://www.centralbank.ie/docs/default-source/publications/quarterly-bulletins/qb-2-2026/box-b-chart-data.xlsx?sfvrsn=b28b701a_1,1,https://www.centralbank.ie/docs/default-source/publications/quarterly-bulletins/qb-2-2026/box-b-chart-data.xlsx?sfvrsn=b28b701a_1,https://www.centralbank.ie/publication/quarterly-bulletins/quarterly-bulletin-q2-2026
c19cd3c0bdace59b3d2f7f0c3f8c9845f9757a8097cd9e2a1a24ee8921ecf666,XLSX,41762,documents,,,files\www.centralbank.ie\_long\788297d4ce261cb28dbba7f7\box-c-chart-data__q-75ea6af007__u-788297d4ce26.xlsx,https://www.centralbank.ie/docs/default-source/publications/quarterly-bulletins/qb-2-2026/box-c-chart-data.xlsx?sfvrsn=218b701a_1,1,https://www.centralbank.ie/docs/default-source/publications/quarterly-bulletins/qb-2-2026/box-c-chart-data.xlsx?sfvrsn=218b701a_1,https://www.centralbank.ie/publication/quarterly-bulletins/quarterly-bulletin-q2-2026
58488facdfbd3a2e96f72930f99f5432d33ea1be6593d2d7e4a12f27fc99563e,XLSX,168926,documents,,,files\www.centralbank.ie\_long\2f3303290cfe43572d536a29\qb2-main-text-chart-data__q-1231f63f1b__u-2f3303290cfe.xlsx,https://www.centralbank.ie/docs/default-source/publications/quarterly-bulletins/qb-2-2026/qb2-main-text-chart-data.xlsx?sfvrsn=1f8b701a_1,1,https://www.centralbank.ie/docs/default-source/publications/quarterly-bulletins/qb-2-2026/qb2-main-text-chart-data.xlsx?sfvrsn=1f8b701a_1,https://www.centralbank.ie/publication/quarterly-bulletins/quarterly-bulletin-q2-2026
9f4bfbccc584f5b6018738035922a20bf5da154e6117e22225cb3fa7cfca842c,XLSX,1000214,documents,,,files\www.centralbank.ie\_long\9ec63306913983de001dfd17\qb1-chartpack-2025-web__q-b78bfe3e04__u-9ec633069139.xlsx,https://www.centralbank.ie/docs/default-source/publications/quarterly-bulletins/qb-archive/2025/qb1-chartpack-2025-web.xlsx?sfvrsn=94016a1a_2,1,https://www.centralbank.ie/docs/default-source/publications/quarterly-bulletins/qb-archive/2025/qb1-chartpack-2025-web.xlsx?sfvrsn=94016a1a_2,https://www.centralbank.ie/publication/quarterly-bulletins/quarterly-bulletin-quarter-1-2025
d3bb6e5cc788507048e90833995e2edae37e1809aca1234f3e7f63b0db3da78f,XLSX,156027,documents,,,files\www.centralbank.ie\_long\5a5f09569206d8a90783b11a\qb1-2026__q-89514d0007__u-5a5f09569206.xlsx,https://www.centralbank.ie/docs/default-source/publications/quarterly-bulletins/qb1-2026/qb1-2026.xlsx?sfvrsn=bd9721a_1,1,https://www.centralbank.ie/docs/default-source/publications/quarterly-bulletins/qb1-2026/qb1-2026.xlsx?sfvrsn=bd9721a_1,https://www.centralbank.ie/publication/quarterly-bulletins/quarterly-bulletin-q1-2026
a635475b45b5f4e5e50ef5c2d2615cf3e9d9824d7ed3313014cf0e9c09782540,XLSX,27822,documents,,,files\www.centralbank.ie\_long\f2669945aada1c5144f8a3c3\box-a__q-30f8bfeb9c__u-f2669945aada.xlsx,https://www.centralbank.ie/docs/default-source/publications/quarterly-bulletins/qb4-2025/box-a.xlsx?sfvrsn=feca6c1a_1,1,https://www.centralbank.ie/docs/default-source/publications/quarterly-bulletins/qb4-2025/box-a.xlsx?sfvrsn=feca6c1a_1,https://www.centralbank.ie/publication/quarterly-bulletins/quarterly-bulletin-q4-2025
ff68ac8e7cfec1278b79f1e13611ec97ed4458e66f24e430fe89a6ec8841f5f9,XLSX,31410,documents,,,files\www.centralbank.ie\_long\449987de6aeb16f88d1feea2\box-b__q-cd8e4bb831__u-449987de6aeb.xlsx,https://www.centralbank.ie/docs/default-source/publications/quarterly-bulletins/qb4-2025/box-b.xlsx?sfvrsn=f8ca6c1a_1,1,https://www.centralbank.ie/docs/default-source/publications/quarterly-bulletins/qb4-2025/box-b.xlsx?sfvrsn=f8ca6c1a_1,https://www.centralbank.ie/publication/quarterly-bulletins/quarterly-bulletin-q4-2025
6b0b7c0de436263c94736f5a84e29404bc8f19b03e645e03209073cacd26c8b6,XLSX,28891,documents,,,files\www.centralbank.ie\_long\a9c92a19f860933fa78d7517\box-c__q-498cd9ddee__u-a9c92a19f860.xlsx,https://www.centralbank.ie/docs/default-source/publications/quarterly-bulletins/qb4-2025/box-c.xlsx?sfvrsn=fdca6c1a_1,1,https://www.centralbank.ie/docs/default-source/publications/quarterly-bulletins/qb4-2025/box-c.xlsx?sfvrsn=fdca6c1a_1,https://www.centralbank.ie/publication/quarterly-bulletins/quarterly-bulletin-q4-2025
e6cb3be813056c53081454ffd367fd07dbcfd211dd82a17c78060afd15aca092,XLSX,149393,documents,,,files\www.centralbank.ie\_long\ab77690526a9b6b7e3d307a6\qb4-2025-all-charts__q-a6ebc36fbd__u-ab77690526a9.xlsx,https://www.centralbank.ie/docs/default-source/publications/quarterly-bulletins/qb4-2025/qb4-2025-all-charts.xlsx?sfvrsn=ce3a6c1a_3,1,https://www.centralbank.ie/docs/default-source/publications/quarterly-bulletins/qb4-2025/qb4-2025-all-charts.xlsx?sfvrsn=ce3a6c1a_3,https://www.centralbank.ie/publication/quarterly-bulletins/quarterly-bulletin-q4-2025
f62c0fe99b42af47bc8e57e97a8679760d13b4cc4430a2811498b2bf1cd8487a,XLSX,986326,documents,,,files\www.centralbank.ie\_long\86be680ceae0513f2815502f\qb1-2022-chart-pack__q-083451c525__u-86be680ceae0.xlsx,https://www.centralbank.ie/docs/default-source/publications/quarterly-bulletins/supplementary-data/qb1---2022/qb1-2022-chart-pack.xlsx?sfvrsn=f31a931d_5,1,https://www.centralbank.ie/docs/default-source/publications/quarterly-bulletins/supplementary-data/qb1---2022/qb1-2022-chart-pack.xlsx?sfvrsn=f31a931d_5,https://www.centralbank.ie/publication/quarterly-bulletins/quarterly-bulletin-q1-2022
98a75cbcd303d94c32e0c5aeac61577b7c055ad43c7f374975c06d5a6759cbd1,XLSX,41797,documents,,,files\www.centralbank.ie\_long\86a50c69b75099889459bc82\qb1-2022-data-appendix__q-6b448e27df__u-86a50c69b750.xlsx,https://www.centralbank.ie/docs/default-source/publications/quarterly-bulletins/supplementary-data/qb1---2022/qb1-2022-data-appendix.xlsx?sfvrsn=371a931d_5,1,https://www.centralbank.ie/docs/default-source/publications/quarterly-bulletins/supplementary-data/qb1---2022/qb1-2022-data-appendix.xlsx?sfvrsn=371a931d_5,https://www.centralbank.ie/publication/quarterly-bulletins/quarterly-bulletin-q1-2022
3c8a3e9e6a73c0b5d898689216961e08ae0475ef0f662691b7a5eae084d2a998,XLSX,938149,documents,,,files\www.centralbank.ie\_long\9c03a529b0730c2228f04aa7\qb1-2023-box-chartpack__q-053932d1e2__u-9c03a529b073.xlsx,https://www.centralbank.ie/docs/default-source/publications/quarterly-bulletins/supplementary-data/qb1---2023/qb1-2023-box-chartpack.xlsx?sfvrsn=ed1b991d_7,1,https://www.centralbank.ie/docs/default-source/publications/quarterly-bulletins/supplementary-data/qb1---2023/qb1-2023-box-chartpack.xlsx?sfvrsn=ed1b991d_7,https://www.centralbank.ie/publication/quarterly-bulletins/quarterly-bulletin-q1-2023
baf2e7fd17337e723ed6c52c652275f7c4fc8b4edaa43f9d4ad4a3647ea3b773,XLSX,11168794,documents,,,files\www.centralbank.ie\_long\29e355ef15e5c79884084ec6\qb1-2023-chart-pack__q-e10efd11de__u-29e355ef15e5.xlsx,https://www.centralbank.ie/docs/default-source/publications/quarterly-bulletins/supplementary-data/qb1---2023/qb1-2023-chart-pack.xlsx?sfvrsn=5325991d_4,1,https://www.centralbank.ie/docs/default-source/publications/quarterly-bulletins/supplementary-data/qb1---2023/qb1-2023-chart-pack.xlsx?sfvrsn=5325991d_4,https://www.centralbank.ie/publication/quarterly-bulletins/quarterly-bulletin-q1-2023
e1876b8673102323bd4697b96d40bce80bd4c8255656626a08ab87d4483cf7ab,XLSX,44806,documents,,,files\www.centralbank.ie\_long\2a4f8cef588899628602cbf4\qb1-2023-data-appendix__q-e7a43f3a6b__u-2a4f8cef5888.xlsx,https://www.centralbank.ie/docs/default-source/publications/quarterly-bulletins/supplementary-data/qb1---2023/qb1-2023-data-appendix.xlsx?sfvrsn=b41a991d_5,1,https://www.centralbank.ie/docs/default-source/publications/quarterly-bulletins/supplementary-data/qb1---2023/qb1-2023-data-appendix.xlsx?sfvrsn=b41a991d_5,https://www.centralbank.ie/publication/quarterly-bulletins/quarterly-bulletin-q1-2023
8834fede75fe8ad7ebf3edcec46afe10fa6da020a86c3074bd6557ecd39cccab,XLSX,1454930,documents,,,files\www.centralbank.ie\_long\47de617bacfc95437fc982f4\qb1-2024-box-chartpack__q-7e3c9cc9ca__u-47de617bacfc.xlsx,https://www.centralbank.ie/docs/default-source/publications/quarterly-bulletins/supplementary-data/qb1---2024/qb1-2024-box-chartpack.xlsx?sfvrsn=e974631a_4,1,https://www.centralbank.ie/docs/default-source/publications/quarterly-bulletins/supplementary-data/qb1---2024/qb1-2024-box-chartpack.xlsx?sfvrsn=e974631a_4,https://www.centralbank.ie/publication/quarterly-bulletins/quarterly-bulletin-q1-2024
62728c118b8a729495bef85b407006dc3cd2b45bd5e0d74f525cc93c5457cd0d,XLSX,1641826,documents,,,files\www.centralbank.ie\_long\d6a7a75988c875c707cf9dc1\qb1-2024-chartpack__q-87a9f86e50__u-d6a7a75988c8.xlsx,https://www.centralbank.ie/docs/default-source/publications/quarterly-bulletins/supplementary-data/qb1---2024/qb1-2024-chartpack.xlsx?sfvrsn=b574631a_4,1,https://www.centralbank.ie/docs/default-source/publications/quarterly-bulletins/supplementary-data/qb1---2024/qb1-2024-chartpack.xlsx?sfvrsn=b574631a_4,https://www.centralbank.ie/publication/quarterly-bulletins/quarterly-bulletin-q1-2024
209550f135f8ee299010a1c427a21b3d28be517a7cbc3538f7828c6b0925a34f,XLSX,454916,documents,,,files\www.centralbank.ie\_long\6ef50fac588c42a4a83eaf92\qb2-2022-box-chart-pack__q-b99f7cebfe__u-6ef50fac588c.xlsx,https://www.centralbank.ie/docs/default-source/publications/quarterly-bulletins/supplementary-data/qb2---2022/qb2-2022-box-chart-pack.xlsx?sfvrsn=a825901d_5,1,https://www.centralbank.ie/docs/default-source/publications/quarterly-bulletins/supplementary-data/qb2---2022/qb2-2022-box-chart-pack.xlsx?sfvrsn=a825901d_5,https://www.centralbank.ie/publication/quarterly-bulletins/quarterly-bulletin-q2-2022
9d592943e467b61185fcd4723536642aeaccd4174f54bde3e3ac271a4543a653,XLSX,1578464,documents,,,files\www.centralbank.ie\_long\9c414f7e33c365bbc643bb1e\qb2-2022-chart-pack__q-5e4d17fbc4__u-9c414f7e33c3.xlsx,https://www.centralbank.ie/docs/default-source/publications/quarterly-bulletins/supplementary-data/qb2---2022/qb2-2022-chart-pack.xlsx?sfvrsn=4624901d_6,1,https://www.centralbank.ie/docs/default-source/publications/quarterly-bulletins/supplementary-data/qb2---2022/qb2-2022-chart-pack.xlsx?sfvrsn=4624901d_6,https://www.centralbank.ie/publication/quarterly-bulletins/quarterly-bulletin-q2-2022
445547c63aa187bdb8a20d5736ff34a47661121efd6b7059015cae27d736d9fc,XLSX,45370,documents,,,files\www.centralbank.ie\_long\4c3f2fb87001b5f2633e60c3\qb2-2022-data-appendix__q-b2181b60d3__u-4c3f2fb87001.xlsx,https://www.centralbank.ie/docs/default-source/publications/quarterly-bulletins/supplementary-data/qb2---2022/qb2-2022-data-appendix.xlsx?sfvrsn=5824901d_5,1,https://www.centralbank.ie/docs/default-source/publications/quarterly-bulletins/supplementary-data/qb2---2022/qb2-2022-data-appendix.xlsx?sfvrsn=5824901d_5,https://www.centralbank.ie/publication/quarterly-bulletins/quarterly-bulletin-q2-2022
1e23209040f1a777b91282d92e41df17a5277e9ee82f324e0c6f36412b81b95c,XLSX,820329,documents,,,files\www.centralbank.ie\_long\e2a6020b6f68b2ab0c9c1005\qb2-2023-box-chartpack__q-d0bb30a552__u-e2a6020b6f68.xlsx,https://www.centralbank.ie/docs/default-source/publications/quarterly-bulletins/supplementary-data/qb2---2023/qb2-2023-box-chartpack.xlsx?sfvrsn=56e69e1d_6,1,https://www.centralbank.ie/docs/default-source/publications/quarterly-bulletins/supplementary-data/qb2---2023/qb2-2023-box-chartpack.xlsx?sfvrsn=56e69e1d_6,https://www.centralbank.ie/publication/quarterly-bulletins/quarterly-bulletin-q2-2023
6747b198ef2094f979e635a2a9e184a9ff2a170c0783aff71fcd481b84ca9cc4,XLSX,1959327,documents,,,files\www.centralbank.ie\_long\587e9cc6c52b066ffaa83752\qb2-2023-chart-pack__q-e68951bd60__u-587e9cc6c52b.xlsx,https://www.centralbank.ie/docs/default-source/publications/quarterly-bulletins/supplementary-data/qb2---2023/qb2-2023-chart-pack.xlsx?sfvrsn=bbe79e1d_5,1,https://www.centralbank.ie/docs/default-source/publications/quarterly-bulletins/supplementary-data/qb2---2023/qb2-2023-chart-pack.xlsx?sfvrsn=bbe79e1d_5,https://www.centralbank.ie/publication/quarterly-bulletins/quarterly-bulletin-q2-2023
d326b01f0a4fd7402bef82fc2e5984c956577eb09fa372ddf6708950bcac25c3,XLSX,45898,documents,,,files\www.centralbank.ie\_long\440c6b4e6b31ee682499ec83\qb2-2023-data-appendix__q-30ba54fd34__u-440c6b4e6b31.xlsx,https://www.centralbank.ie/docs/default-source/publications/quarterly-bulletins/supplementary-data/qb2---2023/qb2-2023-data-appendix.xlsx?sfvrsn=66e69e1d_5,1,https://www.centralbank.ie/docs/default-source/publications/quarterly-bulletins/supplementary-data/qb2---2023/qb2-2023-data-appendix.xlsx?sfvrsn=66e69e1d_5,https://www.centralbank.ie/publication/quarterly-bulletins/quarterly-bulletin-q2-2023
3f8e4e1fcc8716845afab0321c3670d6e1a9a0f1096ddbf3e1c3b4c3613dbbb3,XLSX,524877,documents,,,files\www.centralbank.ie\_long\1049942c536a902382c5b83f\qb2-signed-article-chartpack__q-aa74b32040__u-1049942c536a.xlsx,https://www.centralbank.ie/docs/default-source/publications/quarterly-bulletins/supplementary-data/qb2---2023/qb2-signed-article-chartpack.xlsx?sfvrsn=bbe19e1d_4,1,https://www.centralbank.ie/docs/default-source/publications/quarterly-bulletins/supplementary-data/qb2---2023/qb2-signed-article-chartpack.xlsx?sfvrsn=bbe19e1d_4,https://www.centralbank.ie/publication/quarterly-bulletins/quarterly-bulletin-q2-2023
0d02f899d2b91b9e18354906646090b3459988a0cff9f73d888062922284d029,XLSX,1671032,documents,,,files\www.centralbank.ie\_long\fd3ab923776f8658952ea238\qb3-2022-box-chart-pack__q-930fdeeb32__u-fd3ab923776f.xlsx,https://www.centralbank.ie/docs/default-source/publications/quarterly-bulletins/supplementary-data/qb3---2022/qb3-2022-box-chart-pack.xlsx?sfvrsn=bc3971d_4,1,https://www.centralbank.ie/docs/default-source/publications/quarterly-bulletins/supplementary-data/qb3---2022/qb3-2022-box-chart-pack.xlsx?sfvrsn=bc3971d_4,https://www.centralbank.ie/publication/quarterly-bulletins/quarterly-bulletin-q3-2022
ad4b579417dc484840f317bebf51f69bf44a54563f06bcb9df10ea4c6b1baff8,XLSX,2830140,documents,,,files\www.centralbank.ie\_long\49a56e94667f7879245ec7be\qb3-2022-chart-pack__q-2571976745__u-49a56e94667f.xlsx,https://www.centralbank.ie/docs/default-source/publications/quarterly-bulletins/supplementary-data/qb3---2022/qb3-2022-chart-pack.xlsx?sfvrsn=7cc3971d_5,1,https://www.centralbank.ie/docs/default-source/publications/quarterly-bulletins/supplementary-data/qb3---2022/qb3-2022-chart-pack.xlsx?sfvrsn=7cc3971d_5,https://www.centralbank.ie/publication/quarterly-bulletins/quarterly-bulletin-q3-2022
0c8edf44eac09115f69b337e2fa72c0779b865e76fa62fc819eda78ffd012f9f,XLSX,46449,documents,,,files\www.centralbank.ie\_long\7220354948530fc162fcf259\qb3-2022-data-appendix__q-eb3953495c__u-722035494853.xlsx,https://www.centralbank.ie/docs/default-source/publications/quarterly-bulletins/supplementary-data/qb3---2022/qb3-2022-data-appendix.xlsx?sfvrsn=26c3971d_5,1,https://www.centralbank.ie/docs/default-source/publications/quarterly-bulletins/supplementary-data/qb3---2022/qb3-2022-data-appendix.xlsx?sfvrsn=26c3971d_5,https://www.centralbank.ie/publication/quarterly-bulletins/quarterly-bulletin-q3-2022
1f46c5f46fb0b7a18baadd6075632e9dab48755f9583e7bf85174d6485a2e08b,XLSX,1053452,documents,,,files\www.centralbank.ie\_long\4d2d4015e8b2ee3ef7e63c90\qb3-2023-box-chartpack__q-2482255092__u-4d2d4015e8b2.xlsx,https://www.centralbank.ie/docs/default-source/publications/quarterly-bulletins/supplementary-data/qb3---2023/qb3-2023-box-chartpack.xlsx?sfvrsn=a33a9c1d_4,1,https://www.centralbank.ie/docs/default-source/publications/quarterly-bulletins/supplementary-data/qb3---2023/qb3-2023-box-chartpack.xlsx?sfvrsn=a33a9c1d_4,https://www.centralbank.ie/publication/quarterly-bulletins/quarterly-bulletin-q3-2023
9822ef5fc6ed905a8867a951adccdd5300342aeb3a5c7110fb65de79b6145a85,XLSX,1891466,documents,,,files\www.centralbank.ie\_long\dafeba55272fbec0a0feacfd\qb3-2023-chartpack__q-1616f8a5c1__u-dafeba55272f.xlsx,https://www.centralbank.ie/docs/default-source/publications/quarterly-bulletins/supplementary-data/qb3---2023/qb3-2023-chartpack.xlsx?sfvrsn=57c09c1d_1,1,https://www.centralbank.ie/docs/default-source/publications/quarterly-bulletins/supplementary-data/qb3---2023/qb3-2023-chartpack.xlsx?sfvrsn=57c09c1d_1,https://www.centralbank.ie/publication/quarterly-bulletins/quarterly-bulletin-q3-2023
d5d48a5157fd0803567c1819f995de31eab5d980b95bafa905a414b4db498e6d,XLSX,45875,documents,,,files\www.centralbank.ie\_long\372e2c0ce3b615134436ef21\qb3-2023-data-appendix__q-43611893aa__u-372e2c0ce3b6.xlsx,https://www.centralbank.ie/docs/default-source/publications/quarterly-bulletins/supplementary-data/qb3---2023/qb3-2023-data-appendix.xlsx?sfvrsn=4a399c1d_4,1,https://www.centralbank.ie/docs/default-source/publications/quarterly-bulletins/supplementary-data/qb3---2023/qb3-2023-data-appendix.xlsx?sfvrsn=4a399c1d_4,https://www.centralbank.ie/publication/quarterly-bulletins/quarterly-bulletin-q3-2023
6fcff7794fe15dd5e5451d121f5f533cc447bfb6ad384ce3ce92fbc28f72ad19,XLSX,1421576,documents,,,files\www.centralbank.ie\_long\28f16f9ed0ba5593cb3cb3c8\qb3-2024-box-chartpack__q-d440a30f92__u-28f16f9ed0ba.xlsx,https://www.centralbank.ie/docs/default-source/publications/quarterly-bulletins/supplementary-data/qb3---2024/qb3-2024-box-chartpack.xlsx?sfvrsn=fa34661a_2,1,https://www.centralbank.ie/docs/default-source/publications/quarterly-bulletins/supplementary-data/qb3---2024/qb3-2024-box-chartpack.xlsx?sfvrsn=fa34661a_2,https://www.centralbank.ie/publication/quarterly-bulletins/quarterly-bulletin-q3-2024
80e85f300adb6eac8d2893bba8050e9b240ee1174ff642a13a51b70afe7a94ad,XLSX,1978504,documents,,,files\www.centralbank.ie\_long\7907485e46de1b6865a2f7fa\qb3-2024-chartpack__q-1315b7b2f1__u-7907485e46de.xlsx,https://www.centralbank.ie/docs/default-source/publications/quarterly-bulletins/supplementary-data/qb3---2024/qb3-2024-chartpack.xlsx?sfvrsn=f735661a_2,1,https://www.centralbank.ie/docs/default-source/publications/quarterly-bulletins/supplementary-data/qb3---2024/qb3-2024-chartpack.xlsx?sfvrsn=f735661a_2,https://www.centralbank.ie/publication/quarterly-bulletins/quarterly-bulletin-q3-2024
048839e9e33492f955b6510988ee2d6fe900c3b73b35dd49538a8f9facdfbc92,XLSX,1107010,documents,,,files\www.centralbank.ie\_long\d531290f9555c322e130c510\qb3-2024-signed-article-chartpack__q-f814a0933a__u-d531290f9.xlsx,https://www.centralbank.ie/docs/default-source/publications/quarterly-bulletins/supplementary-data/qb3---2024/qb3-2024-signed-article-chartpack.xlsx?sfvrsn=a435661a_2,1,https://www.centralbank.ie/docs/default-source/publications/quarterly-bulletins/supplementary-data/qb3---2024/qb3-2024-signed-article-chartpack.xlsx?sfvrsn=a435661a_2,https://www.centralbank.ie/publication/quarterly-bulletins/quarterly-bulletin-q3-2024
76297fc54cef0d420acf14e840bc500bcd543da2defec90259a09df2e8f79696,XLSX,905631,documents,,,files\www.centralbank.ie\_long\1e2f4c05cccae1250707c955\qb4-2021-boxes-chart-pack__q-e0f462daf0__u-1e2f4c05ccca.xlsx,https://www.centralbank.ie/docs/default-source/publications/quarterly-bulletins/supplementary-data/qb4---2021/qb4-2021-boxes-chart-pack.xlsx?sfvrsn=cfc78d1d_8,1,https://www.centralbank.ie/docs/default-source/publications/quarterly-bulletins/supplementary-data/qb4---2021/qb4-2021-boxes-chart-pack.xlsx?sfvrsn=cfc78d1d_8,https://www.centralbank.ie/publication/quarterly-bulletins/quarterly-bulletin-q4-2021
6c73eaaeb4016b677ab330ea8a8a89778c111b6bc3a899ca27005cb3c6911c43,XLSX,796028,documents,,,files\www.centralbank.ie\_long\95562f0a5d72ebcdbf5e5052\qb4-2021-chart-pack__q-ce07015c55__u-95562f0a5d72.xlsx,https://www.centralbank.ie/docs/default-source/publications/quarterly-bulletins/supplementary-data/qb4---2021/qb4-2021-chart-pack.xlsx?sfvrsn=cec78d1d_8,1,https://www.centralbank.ie/docs/default-source/publications/quarterly-bulletins/supplementary-data/qb4---2021/qb4-2021-chart-pack.xlsx?sfvrsn=cec78d1d_8,https://www.centralbank.ie/publication/quarterly-bulletins/quarterly-bulletin-q4-2021
7e73ca8677b7b775dc88fa70c8fabef020f3dfc9ad8f389b561285000190a2de,XLSX,40646,documents,,,files\www.centralbank.ie\_long\92a81ace36014b0ce4aa2e1c\qb4-2021-data-appendix__q-9433725ef7__u-92a81ace3601.xlsx,https://www.centralbank.ie/docs/default-source/publications/quarterly-bulletins/supplementary-data/qb4---2021/qb4-2021-data-appendix.xlsx?sfvrsn=bc68d1d_8,1,https://www.centralbank.ie/docs/default-source/publications/quarterly-bulletins/supplementary-data/qb4---2021/qb4-2021-data-appendix.xlsx?sfvrsn=bc68d1d_8,https://www.centralbank.ie/publication/quarterly-bulletins/quarterly-bulletin-q4-2021
b4f4f0cbdded4b7a4a59963a7c653ea8d00f813106bc12c7ae90a5892b5c7ca2,XLSX,738719,documents,,,files\www.centralbank.ie\_long\f98bc6ced6b166ca5fbe4f2c\qb4-2024-box-chartpack__q-527c73e98d__u-f98bc6ced6b1.xlsx,https://www.centralbank.ie/docs/default-source/publications/quarterly-bulletins/supplementary-data/qb4---2024/qb4-2024-box-chartpack.xlsx?sfvrsn=28c5641a_4,1,https://www.centralbank.ie/docs/default-source/publications/quarterly-bulletins/supplementary-data/qb4---2024/qb4-2024-box-chartpack.xlsx?sfvrsn=28c5641a_4,https://www.centralbank.ie/publication/quarterly-bulletins/quarterly-bulletin-q4-2024
a64b10d9befcc9449030bf3267c0d0426f2924b22b0f20d75c686eb94af9c1d8,XLSX,1532441,documents,,,files\www.centralbank.ie\_long\6dc458b083b7dd3f18bf4252\qb4-2024-chartpack__q-1842010fe4__u-6dc458b083b7.xlsx,https://www.centralbank.ie/docs/default-source/publications/quarterly-bulletins/supplementary-data/qb4---2024/qb4-2024-chartpack.xlsx?sfvrsn=1dc5641a_4,1,https://www.centralbank.ie/docs/default-source/publications/quarterly-bulletins/supplementary-data/qb4---2024/qb4-2024-chartpack.xlsx?sfvrsn=1dc5641a_4,https://www.centralbank.ie/publication/quarterly-bulletins/quarterly-bulletin-q4-2024
1fa465839cac6c7bf0dfe104e74e113ae89c1bddeb44d86759ca599771f3d45b,XLSX,887433,documents,,,files\www.centralbank.ie\_long\c8bd1e691d94c94c93abb782\qb4-2022-box-chart-pack__q-8605268f85__u-c8bd1e691d94.xlsx,https://www.centralbank.ie/docs/default-source/publications/quarterly-bulletins/supplementary-data/qb4-2022/qb4-2022-box-chart-pack.xlsx?sfvrsn=d963951d_5,1,https://www.centralbank.ie/docs/default-source/publications/quarterly-bulletins/supplementary-data/qb4-2022/qb4-2022-box-chart-pack.xlsx?sfvrsn=d963951d_5,https://www.centralbank.ie/publication/quarterly-bulletins/quarterly-bulletin-q4-2022
ed2f5174b11cba614ca7501ec123188b1791b9cc3135347b434e4af2a76cdcce,XLSX,1611699,documents,,,files\www.centralbank.ie\_long\b33ece3293ea71fd55eb244d\qb4-2022-chart-pack__q-375eae1659__u-b33ece3293ea.xlsx,https://www.centralbank.ie/docs/default-source/publications/quarterly-bulletins/supplementary-data/qb4-2022/qb4-2022-chart-pack.xlsx?sfvrsn=ff63951d_5,1,https://www.centralbank.ie/docs/default-source/publications/quarterly-bulletins/supplementary-data/qb4-2022/qb4-2022-chart-pack.xlsx?sfvrsn=ff63951d_5,https://www.centralbank.ie/publication/quarterly-bulletins/quarterly-bulletin-q4-2022
19a3e71933cbf917f56da92bfe24437be3823f87ccd98ae341219e8a9173c06a,XLSX,44767,documents,,,files\www.centralbank.ie\_long\9a095eeceb715da09955435d\qb4-2022-data-appendix__q-3896113dd1__u-9a095eeceb71.xlsx,https://www.centralbank.ie/docs/default-source/publications/quarterly-bulletins/supplementary-data/qb4-2022/qb4-2022-data-appendix.xlsx?sfvrsn=9363951d_5,1,https://www.centralbank.ie/docs/default-source/publications/quarterly-bulletins/supplementary-data/qb4-2022/qb4-2022-data-appendix.xlsx?sfvrsn=9363951d_5,https://www.centralbank.ie/publication/quarterly-bulletins/quarterly-bulletin-q4-2022
0716575ba99629da387061878f3d09164d01988a9e9f85eab211b441476532d5,XLSX,3173830,documents,,,files\www.centralbank.ie\_long\4e3457678f87b0591d9d7dc9\qb4-2023-chartpack__q-3f48d494e4__u-4e3457678f87.xlsx,https://www.centralbank.ie/docs/default-source/publications/quarterly-bulletins/supplementary-data/qb4-2023/qb4-2023-chartpack.xlsx?sfvrsn=255a621a_4,1,https://www.centralbank.ie/docs/default-source/publications/quarterly-bulletins/supplementary-data/qb4-2023/qb4-2023-chartpack.xlsx?sfvrsn=255a621a_4,https://www.centralbank.ie/publication/quarterly-bulletins/quarterly-bulletin-q4-2023
0cd3258425678ae9aa5503d0a6e5e704020e3bb69c43ff7d30b38e5658c07bb4,XLSX,36510,documents,,,files\www.centralbank.ie\_long\62e6165e2b13911d21fb379f\bank-account-return-template__q-8e988920e6__u-62e6165e2b13.xlsx,https://www.centralbank.ie/docs/default-source/regulation/amld-/isbar/bank-account-return-template.xlsx?sfvrsn=89649b1d_2,1,https://www.centralbank.ie/docs/default-source/regulation/amld-/isbar/bank-account-return-template.xlsx?sfvrsn=89649b1d_2,https://www.centralbank.ie/regulation/anti-money-laundering-and-countering-the-financing-of-terrorism/ireland-safe-deposit-box-bank-and-payment-accounts-register-isbar
eda3cefc5884c6774553db9363977bf9448f278d60a27d65d365a1a31456f9d7,XLSX,41114,documents,,,files\www.centralbank.ie\_long\91af59f0824c6dff399ca339\safety-deposit-return-template__q-9abd22dd7e__u-91af59f0824c.xlsx,https://www.centralbank.ie/docs/default-source/regulation/amld-/isbar/safety-deposit-return-template.xlsx?sfvrsn=d8649b1d_4,1,https://www.centralbank.ie/docs/default-source/regulation/amld-/isbar/safety-deposit-return-template.xlsx?sfvrsn=d8649b1d_4,https://www.centralbank.ie/regulation/anti-money-laundering-and-countering-the-financing-of-terrorism/ireland-safe-deposit-box-bank-and-payment-accounts-register-isbar
a57f1e92fc58d168b676224ba56a72ec31c3438255c94fcfb8dd3b71af1643cf,XLSX,99886,documents,,,files\www.centralbank.ie\_long\2068b59d0c6be2a8b201cab4\substitute-data-confirmation-form__u-2068b59d0c6b.xlsx,https://www.centralbank.ie/docs/default-source/regulation/amld-/isbar/substitute-data-confirmation-form.xlsx,1,https://www.centralbank.ie/docs/default-source/regulation/amld-/isbar/substitute-data-confirmation-form.xlsx,https://www.centralbank.ie/regulation/anti-money-laundering-and-countering-the-financing-of-terrorism/ireland-safe-deposit-box-bank-and-payment-accounts-register-isbar | https://www.centralbank.ie/regulation/anti-money-laundering-and-countering-the-financing-of-terrorism/ireland-safe-deposit-box-bank-and-payment-accounts-register-isbar/isbar-faq
4a5f95ca84272cdb90ceed979ea2c02653d883b8a7e09b4f5dc1d0bd710a904f,XLSX,176685,documents,,,files\www.centralbank.ie\_long\3819baf095da0e490e33359a\cheque-cashing-office-registration-form__q-1887def3e7__u-381.xlsx,https://www.centralbank.ie/docs/default-source/regulation/amld-/registration---cheque-cashing-offices/cheque-cashing-office-registration-form.xlsx?sfvrsn=120eb71d_2,1,https://www.centralbank.ie/docs/default-source/regulation/amld-/registration---cheque-cashing-offices/cheque-cashing-office-registration-form.xlsx?sfvrsn=120eb71d_2,https://www.centralbank.ie/regulation/anti-money-laundering-and-countering-the-financing-of-terrorism/registration---cheque-cashing-offices
3dc0e23311096375dc61bb3e82db39675d778991c3fe23977667508d4f385c6f,XLSX,117871,documents,,,files\www.centralbank.ie\_long\e7fa9379e2e398d6036883e5\repeatedly-failing-psps-reporting-form__q-c71ab0bca5__u-e7fa.xlsx,https://www.centralbank.ie/docs/default-source/regulation/amld-/repeatedly-failing-psps-reporting-form.xlsx?sfvrsn=6a2e971d_3,1,https://www.centralbank.ie/docs/default-source/regulation/amld-/repeatedly-failing-psps-reporting-form.xlsx?sfvrsn=6a2e971d_3,https://www.centralbank.ie/regulation/anti-money-laundering-and-countering-the-financing-of-terrorism/fund-transfer-regulations-notification-requirement-for-payment-service-providers
f89f681d3ce007f872e8ccf7a8fb4530abc5ce7d003f4d404b8e3628bf36c6f9,XLSX,100251,documents,,,files\www.centralbank.ie\_long\cef6f04db82266b4d35f4f41\copy-of-risk-evaluation-questionnaire__q-0aa9a446db__u-cef6f.xlsx,https://www.centralbank.ie/docs/default-source/regulation/amld-/risk-evaluation/copy-of-risk-evaluation-questionnaire.xlsx?sfvrsn=ac6ab21d_12,1,https://www.centralbank.ie/docs/default-source/regulation/amld-/risk-evaluation/copy-of-risk-evaluation-questionnaire.xlsx?sfvrsn=ac6ab21d_12,https://www.centralbank.ie/regulation/anti-money-laundering-and-countering-the-financing-of-terrorism/risk-based-approach-to-aml-supervision
cc16a5b437c8388eb86aebc7265bde5df738ad0dbf9c98e76576ee0f278e8600,XLSX,241586,documents,,,files\www.centralbank.ie\_long\23f65ad7f6ff34f8ccfa6960\schedule-2-add-remove-activity-form-for-anti-money-launderin.xlsx,https://www.centralbank.ie/docs/default-source/regulation/amld-/schedule-2/schedule-2-add-remove-activity-form-for-anti-money-laundering-countering-the-financing-of-terrorism-purposes.xlsx?sfvrsn=efbe701a_4,1,https://www.centralbank.ie/docs/default-source/regulation/amld-/schedule-2/schedule-2-add-remove-activity-form-for-anti-money-laundering-countering-the-financing-of-terrorism-purposes.xlsx?sfvrsn=efbe701a_4,https://www.centralbank.ie/regulation/anti-money-laundering-and-countering-the-financing-of-terrorism/schedule2-registration
a11a0cf40ba9d08a235e197726c2841a206e5ee0d15b014fc8b7756725580aa7,XLSX,186829,documents,,,files\www.centralbank.ie\_long\2c8625b00c3c2baf7a8d2043\schedule-2-deregistration-form-for-anti-money-laundering-pur.xlsx,https://www.centralbank.ie/docs/default-source/regulation/amld-/schedule-2/schedule-2-deregistration-form-for-anti-money-laundering-purposes.xlsx?sfvrsn=d4008a1d_14,1,https://www.centralbank.ie/docs/default-source/regulation/amld-/schedule-2/schedule-2-deregistration-form-for-anti-money-laundering-purposes.xlsx?sfvrsn=d4008a1d_14,https://www.centralbank.ie/regulation/anti-money-laundering-and-countering-the-financing-of-terrorism/schedule2-registration
892be92a0f3f28b2d4b1aa77d4c097cbb5704e9dd70301928fe927be7b551088,XLSX,187367,documents,,,files\www.centralbank.ie\_long\9c8d19bfe1e3d8bc33ed54ac\consumer-protection-code-mapping-tool__q-da31c18eed__u-9c8d1.xlsx,https://www.centralbank.ie/docs/default-source/regulation/consumer-protection/other-codes-of-conduct/consumer-protection-code-review/consumer-protection-code-mapping-tool.xlsx?sfvrsn=c7186a1a_6,1,https://www.centralbank.ie/docs/default-source/regulation/consumer-protection/other-codes-of-conduct/consumer-protection-code-review/consumer-protection-code-mapping-tool.xlsx?sfvrsn=c7186a1a_6,https://www.centralbank.ie/regulation/consumer-protection/consumer-protection-code/section-48-regulations/mapping-tools | https://www.centralbank.ie/regulation/consumer-protection/consumer-protection-code/section-17a-regulations/mapping-tools
29a7c0282fd5e958a860378e1809968d8811066ad4a776c60e0d351d28617dc0,XLSX,53788,documents,,,files\www.centralbank.ie\_long\7812ad35c9692ffe17dcd3ec\table-of-changes-made-to-the-regulations__u-7812ad35c969.xlsx,https://www.centralbank.ie/docs/default-source/regulation/consumer-protection/other-codes-of-conduct/consumer-protection-code-review/table-of-changes-made-to-the-regulations.xlsx,2,https://www.centralbank.ie/docs/default-source/regulation/consumer-protection/other-codes-of-conduct/consumer-protection-code-review/table-of-changes-made-to-the-regulations.xlsx | https://www.centralbank.ie/docs/default-source/regulation/consumer-protection/other-codes-of-conduct/consumer-protection-code-review/table-of-changes-made-to-the-regulations.xlsx?sfvrsn=7a1f6a1a_8,https://www.centralbank.ie/regulation/consumer-protection/consumer-protection-code/consumer-protection-code-review | https://www.centralbank.ie/regulation/consumer-protection/consumer-protection-code/section-48-regulations/mapping-tools | https://www.centralbank.ie/regulation/consumer-protection/consumer-protection-code/section-17a-regulations/mapping-tools
ab242400613601e4ccef2487d0dbbeecd05ff29380052a3192288e5e4330abd0,XLSX,15420,documents,,,files\www.centralbank.ie\docs\default-source\regulation\csdr\questionnaire__q-f145467a5b__u-d0b3f923ff1e.xlsx,https://www.centralbank.ie/docs/default-source/regulation/csdr/questionnaire.xlsx?sfvrsn=9878be1d_4,1,https://www.centralbank.ie/docs/default-source/regulation/csdr/questionnaire.xlsx?sfvrsn=9878be1d_4,https://www.centralbank.ie/regulation/central-securities-depository-regulation-csdr
29097822072977af99dd3b38c0cf8ac30f4c67a4d057d4747265facb8ccef86c,XLSX,136927,documents,,,files\www.centralbank.ie\_long\9e7fc5a9102f8b7f0418f344\dora-incident-reporting-template__q-cc5a56cb81__u-9e7fc5a910.xlsx,https://www.centralbank.ie/docs/default-source/regulation/dora-templates/dora-incident-reporting-template.xlsx?sfvrsn=5b96641a_6,1,https://www.centralbank.ie/docs/default-source/regulation/dora-templates/dora-incident-reporting-template.xlsx?sfvrsn=5b96641a_6,https://www.centralbank.ie/regulation/digital-operational-resilience-act-dora/reporting-major-ict-related-incidents-and-significant-cyber-threats
ac490af11de6d5d5d5636e5e8d7082506093695189bb7bce731396e856b4c59d,XLSX,71965,documents,,,files\www.centralbank.ie\_long\20658586606909e4e551e869\dora-significant-cyber-threats-template__q-ce31d9a0c9__u-206.xlsx,https://www.centralbank.ie/docs/default-source/regulation/dora-templates/dora-significant-cyber-threats-template.xlsx?sfvrsn=4396641a_4,1,https://www.centralbank.ie/docs/default-source/regulation/dora-templates/dora-significant-cyber-threats-template.xlsx?sfvrsn=4396641a_4,https://www.centralbank.ie/regulation/digital-operational-resilience-act-dora/reporting-major-ict-related-incidents-and-significant-cyber-threats
ab62971ab165c933e021a8696d46da8dec5dacd017ac2aacf51cf8d3a7ff7a1d,XLSX,485217,documents,,,files\www.centralbank.ie\_long\0b7cc6912ef818a92b3914bd\vasp-aml-cft-registration-form__u-0b7cc6912ef8.xlsx,https://www.centralbank.ie/docs/default-source/regulation/how-we-regulate/anti-money-laundering-and-countering-the-financing-of-terrorism/registration---vasp/vasp-aml-cft-registration-form.xlsx,1,https://www.centralbank.ie/docs/default-source/regulation/how-we-regulate/anti-money-laundering-and-countering-the-financing-of-terrorism/registration---vasp/vasp-aml-cft-registration-form.xlsx,https://www.centralbank.ie/regulation/anti-money-laundering-and-countering-the-financing-of-terrorism/virtual-asset-service-providers/vasp-registration-information
3fa352f160c580eff10bd0874d41a5034a5e02a2a67611beccf843510c61d5e2,XLSX,410574,documents,,,files\www.centralbank.ie\_long\e5b199e9be63a0e461d4730b\vasp-beneficial-ownership-form---body-corporate-or-other-leg.xlsx,https://www.centralbank.ie/docs/default-source/regulation/how-we-regulate/anti-money-laundering-and-countering-the-financing-of-terrorism/registration---vasp/vasp-beneficial-ownership-form---body-corporate-or-other-legal-arrangement.xlsx,1,https://www.centralbank.ie/docs/default-source/regulation/how-we-regulate/anti-money-laundering-and-countering-the-financing-of-terrorism/registration---vasp/vasp-beneficial-ownership-form---body-corporate-or-other-legal-arrangement.xlsx,https://www.centralbank.ie/regulation/anti-money-laundering-and-countering-the-financing-of-terrorism/virtual-asset-service-providers/vasp-registration-information
05f7ad342e19a35553210720f8e1514c465a31ea1a610096de90921161da2a1d,XLSX,316392,documents,,,files\www.centralbank.ie\_long\eb14f147832ee9a8630287ae\vasp-beneficial-ownership-form---natural-person__u-eb14f1478.xlsx,https://www.centralbank.ie/docs/default-source/regulation/how-we-regulate/anti-money-laundering-and-countering-the-financing-of-terrorism/registration---vasp/vasp-beneficial-ownership-form---natural-person.xlsx,1,https://www.centralbank.ie/docs/default-source/regulation/how-we-regulate/anti-money-laundering-and-countering-the-financing-of-terrorism/registration---vasp/vasp-beneficial-ownership-form---natural-person.xlsx,https://www.centralbank.ie/regulation/anti-money-laundering-and-countering-the-financing-of-terrorism/virtual-asset-service-providers/vasp-registration-information
cbc4f4b06613a8d279b2d90a6c84ed40c4265786914cc9b20c1f0b0975971c0f,XLSX,116201,documents,,,files\www.centralbank.ie\_long\9f5c29b29ce43a82f6b8bc64\vasp-pre-registration-form__u-9f5c29b29ce4.xlsx,https://www.centralbank.ie/docs/default-source/regulation/how-we-regulate/anti-money-laundering-and-countering-the-financing-of-terrorism/registration---vasp/vasp-pre-registration-form.xlsx,1,https://www.centralbank.ie/docs/default-source/regulation/how-we-regulate/anti-money-laundering-and-countering-the-financing-of-terrorism/registration---vasp/vasp-pre-registration-form.xlsx,https://www.centralbank.ie/regulation/anti-money-laundering-and-countering-the-financing-of-terrorism/virtual-asset-service-providers/vasp-registration-information
d688ce4dd4c950b65eca3c6a142b0168c85af0cceb02d016301cedd1b0a2b21d,XLSX,20664,documents,,,files\www.centralbank.ie\_long\9aa682bcabf3d46e2a3b24ed\article-8(1)(a)-second-indent-prior-movements-reporting-form.xlsx,https://www.centralbank.ie/docs/default-source/regulation/how-we-regulate/international-financial-sanctions/sanctions-reporting/article-8(1)(a)-second-indent-prior-movements-reporting-form.xlsx?sfvrsn=a5599e1d_7,1,https://www.centralbank.ie/docs/default-source/regulation/how-we-regulate/international-financial-sanctions/sanctions-reporting/article-8(1)(a)-second-indent-prior-movements-reporting-form.xlsx?sfvrsn=a5599e1d_7,https://www.centralbank.ie/regulation/how-we-regulate/international-financial-sanctions/sanctions-reporting
8f926af5da6838897bcbe2a88845a3e585063ed83604613b2b7139d409a43823,XLSX,18700,documents,,,files\www.centralbank.ie\_long\620f49ebdf70749a9bce166f\eu-reg-833-2014-article-5r-1-self-reporting__q-7425d3314b__u.xlsx,https://www.centralbank.ie/docs/default-source/regulation/how-we-regulate/international-financial-sanctions/sanctions-reporting/eu-reg-833-2014-article-5r-1-self-reporting.xlsx?sfvrsn=dafb631a_4,1,https://www.centralbank.ie/docs/default-source/regulation/how-we-regulate/international-financial-sanctions/sanctions-reporting/eu-reg-833-2014-article-5r-1-self-reporting.xlsx?sfvrsn=dafb631a_4,https://www.centralbank.ie/regulation/how-we-regulate/international-financial-sanctions/sanctions-reporting
15b446ee1f00dae769137c6e6c541e39e6d339a7c4e0f8b775e7be2649f61434,XLSX,24442,documents,,,files\www.centralbank.ie\_long\3a85dfa8e0b1e6c764cbba2b\self-declaration-reporting-form__q-81226aad2f__u-3a85dfa8e0b.xlsx,https://www.centralbank.ie/docs/default-source/regulation/how-we-regulate/international-financial-sanctions/sanctions-reporting/self-declaration-reporting-form.xlsx?sfvrsn=86d1941d_3,1,https://www.centralbank.ie/docs/default-source/regulation/how-we-regulate/international-financial-sanctions/sanctions-reporting/self-declaration-reporting-form.xlsx?sfvrsn=86d1941d_3,https://www.centralbank.ie/regulation/how-we-regulate/international-financial-sanctions/sanctions-reporting
d454d89fbf53a341bb44091abcafd805fd5997c78314fb1c1672f08bf9d575be,XLSX,97011,documents,,,files\www.centralbank.ie\_long\0050bd75965cd603ffd3ab03\sanctions-return-form__u-0050bd75965c.xlsx,https://www.centralbank.ie/docs/default-source/regulation/how-we-regulate/international-financial-sanctions/sanctions-return-form.xlsx,2,https://www.centralbank.ie/docs/default-source/regulation/how-we-regulate/international-financial-sanctions/sanctions-return-form.xlsx | https://www.centralbank.ie/docs/default-source/regulation/how-we-regulate/international-financial-sanctions/sanctions-return-form.xlsx?sfvrsn=5867ba1d_8,https://www.centralbank.ie/regulation/how-we-regulate/international-financial-sanctions/financial-sanctions---faq | https://www.centralbank.ie/regulation/how-we-regulate/international-financial-sanctions/sanctions-reporting | https://www.centralbank.ie/news/article/press-release-central-bank-contacts-business-groups-regarding-financial-sanctions-obligations-20-june-2022
5685dbc47d1b2868ea6dfad36180dd84122666c7586ea8990178f1212986eb35,XLSX,81947,documents,,,files\www.centralbank.ie\_long\d4065c473f8f6cb25adf73b8\bifr-eac__q-07a86dc053__u-d4065c473f8f.xlsx,https://www.centralbank.ie/docs/default-source/regulation/how-we-regulate/resolution/bifr/bifr-eac.xlsx?sfvrsn=54ca9d1d_12,1,https://www.centralbank.ie/docs/default-source/regulation/how-we-regulate/resolution/bifr/bifr-eac.xlsx?sfvrsn=54ca9d1d_12,https://www.centralbank.ie/regulation/how-we-regulate/resolution-framework/resolution-funds/bank-and-investment-firm-resolution-fund
5c09eadcfd128e0958af6a3a4e26f5f831a1efcf9467d42e691d4df66f86dc5b,XLSX,262128,documents,,,files\www.centralbank.ie\_long\c211e9ce125843f26cd4cda5\bifr-guidance-document__q-274c8ff8b6__u-c211e9ce1258.xlsx,https://www.centralbank.ie/docs/default-source/regulation/how-we-regulate/resolution/bifr/bifr-guidance-document.xlsx?sfvrsn=bc59d1d_16,1,https://www.centralbank.ie/docs/default-source/regulation/how-we-regulate/resolution/bifr/bifr-guidance-document.xlsx?sfvrsn=bc59d1d_16,https://www.centralbank.ie/regulation/how-we-regulate/resolution-framework/resolution-funds/bank-and-investment-firm-resolution-fund
21ecee82c02fc290b7e62e8d7cff8a420d396e5153c6e8b999b861b63fe80099,XLSX,45378,documents,,,files\www.centralbank.ie\_long\02798af9f83208ced9cae907\bifr-validation-rules__q-2f836945d3__u-02798af9f832.xlsx,https://www.centralbank.ie/docs/default-source/regulation/how-we-regulate/resolution/bifr/bifr-validation-rules.xlsx?sfvrsn=aacb9d1d_17,1,https://www.centralbank.ie/docs/default-source/regulation/how-we-regulate/resolution/bifr/bifr-validation-rules.xlsx?sfvrsn=aacb9d1d_17,https://www.centralbank.ie/regulation/how-we-regulate/resolution-framework/resolution-funds/bank-and-investment-firm-resolution-fund
8314e6eed9f3d70d619437f14e9621a61b5424d916ae09675c4c1827f224042d,XLSX,12624,documents,,,files\www.centralbank.ie\_long\bd4939883e63a2424c33cc88\section-26e-publiction-obligation-covered-bond-programmes__q.xlsx,https://www.centralbank.ie/docs/default-source/regulation/how-we-regulate/supervision/disclosure-obligations/section-26e-publiction-obligation-covered-bond-programmes.xlsx?sfvrsn=e780991d_2,1,https://www.centralbank.ie/docs/default-source/regulation/how-we-regulate/supervision/disclosure-obligations/section-26e-publiction-obligation-covered-bond-programmes.xlsx?sfvrsn=e780991d_2,https://www.centralbank.ie/regulation/how-we-regulate/supervision/supervisory-disclosures/asset-covered-securities
3dcfb6270c5740372a86c4c1e4d6e62944dace321391fb3a36f684b836bdf94f,XLSX,14211,documents,,,files\www.centralbank.ie\_long\ac2a858ef347511215f53d6f\q4---list-of-asset-covered-securities---premium__q-63ccca908.xlsx,https://www.centralbank.ie/docs/default-source/regulation/how-we-regulate/supervision/supervisory-review-process/q4---list-of-asset-covered-securities---premium.xlsx?sfvrsn=35f06c1a_3,1,https://www.centralbank.ie/docs/default-source/regulation/how-we-regulate/supervision/supervisory-review-process/q4---list-of-asset-covered-securities---premium.xlsx?sfvrsn=35f06c1a_3,https://www.centralbank.ie/regulation/how-we-regulate/supervision/supervisory-disclosures/asset-covered-securities
97263be7cd8ea8bac892949e59ab508d4cce12c96d93be915f67ba826e7bffb9,XLSX,17883,documents,,,files\www.centralbank.ie\_long\ba47022b60f8444c4b36b917\q4---list-of-asset-covered-securities__q-9c281150a8__u-ba470.xlsx,https://www.centralbank.ie/docs/default-source/regulation/how-we-regulate/supervision/supervisory-review-process/q4---list-of-asset-covered-securities.xlsx?sfvrsn=30f06c1a_4,1,https://www.centralbank.ie/docs/default-source/regulation/how-we-regulate/supervision/supervisory-review-process/q4---list-of-asset-covered-securities.xlsx?sfvrsn=30f06c1a_4,https://www.centralbank.ie/regulation/how-we-regulate/supervision/supervisory-disclosures/asset-covered-securities
6764abe0921624e4a0968cd31699adab27fa04f5844666a00294fe425478f317,XLSX,176766,documents,,,files\www.centralbank.ie\_long\0733c98730888eaacd8b170f\mcar-template__q-17ab317c55__u-0733c9873088.xlsx,https://www.centralbank.ie/docs/default-source/regulation/industry-market-sectors/client-assets/mcar-template.xlsx?sfvrsn=646f9f1d_3,1,https://www.centralbank.ie/docs/default-source/regulation/industry-market-sectors/client-assets/mcar-template.xlsx?sfvrsn=646f9f1d_3,https://www.centralbank.ie/regulation/industry-market-sectors/client-assets
aeb7c320a9f6f85b023c3a8ef18c1e1d553c207eb5382a7bd9c02416092a5a91,XLSX,167541,documents,,,files\www.centralbank.ie\_long\4b95b92bb736009347e1f0f6\banking-cobr-template__q-6b5d2e45b4__u-4b95b92bb736.xlsx,https://www.centralbank.ie/docs/default-source/regulation/industry-market-sectors/credit-institutions/reporting-requirements/banking-cobr-template.xlsx?sfvrsn=c1586b1a_1,1,https://www.centralbank.ie/docs/default-source/regulation/industry-market-sectors/credit-institutions/reporting-requirements/banking-cobr-template.xlsx?sfvrsn=c1586b1a_1,https://www.centralbank.ie/regulation/industry-market-sectors/credit-institutions/reporting-requirements
0d74ac92e001cbec89d155a80008a43e405777b20d6496a20b2417b5259589cf,XLSX,432819,documents,,,files\www.centralbank.ie\_long\0ed879421e96657c8552e979\fccu-2019-ii-chartpack__u-0ed879421e96.xlsx,https://www.centralbank.ie/docs/default-source/regulation/industry-market-sectors/credit-unions/communications/financial-conditions-of-credit-unions/fccu-2019-ii-chartpack.xlsx,1,https://www.centralbank.ie/docs/default-source/regulation/industry-market-sectors/credit-unions/communications/financial-conditions-of-credit-unions/fccu-2019-ii-chartpack.xlsx,https://www.centralbank.ie/regulation/industry-market-sectors/credit-unions/communications
42c8cb8f5c536ed01327dc775c16a5251f027c7e58721673e4ee08cc3d072012,XLSX,238451,documents,,,files\www.centralbank.ie\_long\bb0e31d4c646080f9603eb1d\fccu-2020-i---chartpack__u-bb0e31d4c646.xlsx,https://www.centralbank.ie/docs/default-source/regulation/industry-market-sectors/credit-unions/communications/financial-conditions-of-credit-unions/fccu-2020-i---chartpack.xlsx,1,https://www.centralbank.ie/docs/default-source/regulation/industry-market-sectors/credit-unions/communications/financial-conditions-of-credit-unions/fccu-2020-i---chartpack.xlsx,https://www.centralbank.ie/regulation/industry-market-sectors/credit-unions/communications
5c1651218b5137053736cbb09651a655cc9278f57a06c6d3909b7b31e3f18466,XLSX,215042,documents,,,files\www.centralbank.ie\_long\76e791fc04abe044f19c118f\fccu-2021-i-chartpack__u-76e791fc04ab.xlsx,https://www.centralbank.ie/docs/default-source/regulation/industry-market-sectors/credit-unions/communications/financial-conditions-of-credit-unions/fccu-2021-i-chartpack.xlsx,1,https://www.centralbank.ie/docs/default-source/regulation/industry-market-sectors/credit-unions/communications/financial-conditions-of-credit-unions/fccu-2021-i-chartpack.xlsx,https://www.centralbank.ie/regulation/industry-market-sectors/credit-unions/communications
f79eeb4157f4c7a5df43b823d13709e6eb73ab7aecd3aeb53a343261cfec555a,XLSX,295272,documents,,,files\www.centralbank.ie\_long\dd797980f86f303967634b5a\fccu-2022-i-chartpack__u-dd797980f86f.xlsx,https://www.centralbank.ie/docs/default-source/regulation/industry-market-sectors/credit-unions/communications/financial-conditions-of-credit-unions/fccu-2022-i-chartpack.xlsx,1,https://www.centralbank.ie/docs/default-source/regulation/industry-market-sectors/credit-unions/communications/financial-conditions-of-credit-unions/fccu-2022-i-chartpack.xlsx,https://www.centralbank.ie/regulation/industry-market-sectors/credit-unions/communications
ed365acb8349f2b50e00f7cb59fe2d1d6c66c0690959dcfe22d83701e5654b6a,XLSX,658131,documents,,,files\www.centralbank.ie\_long\5fe29cd6ff5678ed8d790c3e\fccu-2023-i-chartpack__q-88d13cf734__u-5fe29cd6ff56.xlsx,https://www.centralbank.ie/docs/default-source/regulation/industry-market-sectors/credit-unions/communications/financial-conditions-of-credit-unions/fccu-2023-i-chartpack.xlsx?sfvrsn=29f7631a_1,1,https://www.centralbank.ie/docs/default-source/regulation/industry-market-sectors/credit-unions/communications/financial-conditions-of-credit-unions/fccu-2023-i-chartpack.xlsx?sfvrsn=29f7631a_1,https://www.centralbank.ie/regulation/industry-market-sectors/credit-unions/communications
8349c5bf0286fd64a8af59c4dc13cc8b1429ba883b42a54189de1c9e14ac7ca4,XLSX,372328,documents,,,files\www.centralbank.ie\_long\1b44e5e971cee36785e7e319\financial-conditions-of-credit-unions-2024---chart-pack__q-4.xlsx,https://www.centralbank.ie/docs/default-source/regulation/industry-market-sectors/credit-unions/communications/financial-conditions-of-credit-unions/financial-conditions-of-credit-unions-2024---chart-pack.xlsx?sfvrsn=17726b1a_4,1,https://www.centralbank.ie/docs/default-source/regulation/industry-market-sectors/credit-unions/communications/financial-conditions-of-credit-unions/financial-conditions-of-credit-unions-2024---chart-pack.xlsx?sfvrsn=17726b1a_4,https://www.centralbank.ie/regulation/industry-market-sectors/credit-unions/communications
d3f618c599ef40d0d2534b32e22411b5f1638378334f3d1ee8a68ff9f4c0cba0,XLSX,335288,documents,,,files\www.centralbank.ie\_long\f1ff80d97f133b738d85b9ac\financial-conditions-of-credit-unions-2025-chart-pack__q-a01.xlsx,https://www.centralbank.ie/docs/default-source/regulation/industry-market-sectors/credit-unions/communications/financial-conditions-of-credit-unions/financial-conditions-of-credit-unions-2025-chart-pack.xlsx?sfvrsn=da2f731a_4,1,https://www.centralbank.ie/docs/default-source/regulation/industry-market-sectors/credit-unions/communications/financial-conditions-of-credit-unions/financial-conditions-of-credit-unions-2025-chart-pack.xlsx?sfvrsn=da2f731a_4,https://www.centralbank.ie/regulation/industry-market-sectors/credit-unions/communications
256d8f3b45bf7c0abc96be0253ac9d38d99ebb90249c1d2f3b723265f644e1b4,XLSX,47505,documents,,,files\www.centralbank.ie\_long\934c545bd65e4865f0bbaab0\outsourcing-register-template__q-6b678c9691__u-934c545bd65e.xlsx,https://www.centralbank.ie/docs/default-source/regulation/industry-market-sectors/credit-unions/communications/guidance/outsourcing-register-template.xlsx?sfvrsn=480e9a1d_2,1,https://www.centralbank.ie/docs/default-source/regulation/industry-market-sectors/credit-unions/communications/guidance/outsourcing-register-template.xlsx?sfvrsn=480e9a1d_2,https://www.centralbank.ie/regulation/industry-market-sectors/credit-unions/communications
cd5218dfb95dd59d77ac2dc536ab27d18420ae77e25c0acb6c3ba32e3078c5e1,XLSX,51916,documents,,,files\www.centralbank.ie\_long\862aae015d851f5dd4af645b\aifmd-reporting---list-of-caf-and-cam-errors__q-8362451a2b__.xlsx,https://www.centralbank.ie/docs/default-source/regulation/industry-market-sectors/funds-service-providers/aifm/reporting-requirements/aifmd-reporting---list-of-caf-and-cam-errors.xlsx?sfvrsn=59d89d1d_1,1,https://www.centralbank.ie/docs/default-source/regulation/industry-market-sectors/funds-service-providers/aifm/reporting-requirements/aifmd-reporting---list-of-caf-and-cam-errors.xlsx?sfvrsn=59d89d1d_1,https://www.centralbank.ie/regulation/industry-market-sectors/funds-service-providers/aifm/reporting-requirements | https://www.centralbank.ie/regulation/industry-market-sectors/funds/reporting-requirements
26cf9c424f2338b3cc600a0b6bfc3cac12da9fecc1d9eba087ee890e9ab0b13b,XLSX,253639,documents,,,files\www.centralbank.ie\_long\f54e34e4c74d549cbae72951\custody-and-prime-broker-return-template__q-e561e7c3c8__u-f5.xlsx,https://www.centralbank.ie/docs/default-source/regulation/industry-market-sectors/funds-service-providers/aifm/reporting-requirements/custody-and-prime-broker-return-template.xlsx?sfvrsn=5a48701a_1,1,https://www.centralbank.ie/docs/default-source/regulation/industry-market-sectors/funds-service-providers/aifm/reporting-requirements/custody-and-prime-broker-return-template.xlsx?sfvrsn=5a48701a_1,https://www.centralbank.ie/regulation/industry-market-sectors/funds-service-providers/depositaries/reporting-requirements
0919813f20ac16397a465bf302e8246880f9402f588108f05c2b0ea5a76e5291,XLSX,1124087,documents,,,files\www.centralbank.ie\_long\ac1c48299c4ca18ed2956ea7\central-bank-of-ireland-business-rules-v2-0__q-2de65c861d__u.xlsx,https://www.centralbank.ie/docs/default-source/regulation/industry-market-sectors/funds-service-providers/central-bank-of-ireland-business-rules-v2-0.xlsx?sfvrsn=d8988d1d_8,1,https://www.centralbank.ie/docs/default-source/regulation/industry-market-sectors/funds-service-providers/central-bank-of-ireland-business-rules-v2-0.xlsx?sfvrsn=d8988d1d_8,https://www.centralbank.ie/regulation/industry-market-sectors/funds-service-providers | https://www.centralbank.ie/regulation/industry-market-sectors/investment-firms
6af32041f0ed2fec353fcc2b7cdcdd2f7d73e77db75f095563fabb5f99cefad0,XLSX,16388,documents,,,files\www.centralbank.ie\_long\38bc3043d6bd74eddc9affb0\central-bank-of-ireland-taxonomy-2-1-business-rules__q-194d8.xlsx,https://www.centralbank.ie/docs/default-source/regulation/industry-market-sectors/funds-service-providers/central-bank-of-ireland-taxonomy-2-1-business-rules.xlsx?sfvrsn=1993971d_3,1,https://www.centralbank.ie/docs/default-source/regulation/industry-market-sectors/funds-service-providers/central-bank-of-ireland-taxonomy-2-1-business-rules.xlsx?sfvrsn=1993971d_3,https://www.centralbank.ie/regulation/industry-market-sectors/funds-service-providers | https://www.centralbank.ie/regulation/industry-market-sectors/investment-firms
fef19d957469ee529ea48c20769dc36fe47a16237188f7c82081a30686395b7e,XLSX,28343,documents,,,files\www.centralbank.ie\_long\32fee7fcc214180432332f0a\daofi-mcr__q-c7bbc8c9a1__u-32fee7fcc214.xlsx,https://www.centralbank.ie/docs/default-source/regulation/industry-market-sectors/funds-service-providers/depositaries/daofi/daofi-mcr.xlsx?sfvrsn=3024921d_2,1,https://www.centralbank.ie/docs/default-source/regulation/industry-market-sectors/funds-service-providers/depositaries/daofi/daofi-mcr.xlsx?sfvrsn=3024921d_2,https://www.centralbank.ie/regulation/industry-market-sectors/funds-service-providers/depositaries/daofi
69c6185ca3bf1883fda71fa13718a5257f6381c465dfc006801c1b6016a07344,XLSX,63979,documents,,,files\www.centralbank.ie\_long\984420d9f318bc86b4fd79aa\mrd-structure-template__q-bf33f12dc5__u-984420d9f318.xlsx,https://www.centralbank.ie/docs/default-source/regulation/industry-market-sectors/funds-service-providers/depositaries/mrd-structure-template.xlsx?sfvrsn=a5daae1d_2,1,https://www.centralbank.ie/docs/default-source/regulation/industry-market-sectors/funds-service-providers/depositaries/mrd-structure-template.xlsx?sfvrsn=a5daae1d_2,https://www.centralbank.ie/regulation/industry-market-sectors/funds-service-providers/depositaries/reporting-requirements
2872e4bd2f9a0a387af6e705e655c6ba193df54027afb008ecc76b12a7a38e98,XLSX,3769994,documents,,,files\www.centralbank.ie\_long\2beac88becf3ee839e2a22a7\aor-structure-template__q-fa4a3ed255__u-2beac88becf3.xlsx,https://www.centralbank.ie/docs/default-source/regulation/industry-market-sectors/funds-service-providers/fund-administrators/reporting-requirements/aor-structure-template.xlsx?sfvrsn=9458ac1d_20,1,https://www.centralbank.ie/docs/default-source/regulation/industry-market-sectors/funds-service-providers/fund-administrators/reporting-requirements/aor-structure-template.xlsx?sfvrsn=9458ac1d_20,https://www.centralbank.ie/regulation/industry-market-sectors/funds-service-providers/fund-administrators/reporting-requirements
11136d457d1169ae95965dc614c49bc3d850e2efda06cdeb9aa184d4629bf1e7,XLSX,60921,documents,,,files\www.centralbank.ie\_long\2d9e5a3fc82a070e3fed5536\ofr-structure-template__q-fbb2424bcc__u-2d9e5a3fc82a.xlsx,https://www.centralbank.ie/docs/default-source/regulation/industry-market-sectors/funds-service-providers/fund-administrators/reporting-requirements/ofr-structure-template.xlsx?sfvrsn=ef0ca91d_2,1,https://www.centralbank.ie/docs/default-source/regulation/industry-market-sectors/funds-service-providers/fund-administrators/reporting-requirements/ofr-structure-template.xlsx?sfvrsn=ef0ca91d_2,https://www.centralbank.ie/regulation/industry-market-sectors/funds-service-providers/fund-administrators/reporting-requirements
ab3cf1aa4f8ab1dec7faaa0ed3fbb8682c8492bcd9936c24f795d3e763353ba1,XLSX,233020,documents,,,files\www.centralbank.ie\_long\8aad2377df8f3cd5e479949b\eltif-application-form__q-4be8341bc7__u-8aad2377df8f.xlsx,https://www.centralbank.ie/docs/default-source/regulation/industry-market-sectors/funds/aifs/forms-(aifs)/eltif-application-form.xlsx?sfvrsn=c868631a_14,1,https://www.centralbank.ie/docs/default-source/regulation/industry-market-sectors/funds/aifs/forms-(aifs)/eltif-application-form.xlsx?sfvrsn=c868631a_14,https://www.centralbank.ie/regulation/industry-market-sectors/funds/aifs/authorisation | https://www.centralbank.ie/regulation/industry-market-sectors/funds/aifs/forms
3984e9171a749e9a0ba176bf129b61f17419418e9e3b23ad97a796eb899ab32e,XLSX,7391407,documents,,,files\www.centralbank.ie\_long\6cf6d3f3d1caa4867296c742\difr-developer-template__q-4337f343c3__u-6cf6d3f3d1ca.xlsx,https://www.centralbank.ie/docs/default-source/regulation/industry-market-sectors/funds/daily-investment-fund-return/difr-developer-template.xlsx?sfvrsn=9e47681a_4,1,https://www.centralbank.ie/docs/default-source/regulation/industry-market-sectors/funds/daily-investment-fund-return/difr-developer-template.xlsx?sfvrsn=9e47681a_4,https://www.centralbank.ie/regulation/industry-market-sectors/funds/reporting-requirements/daily-investment-funds-return-difr
a5b38dedb1760abf706e1ef35a5999cee14ef97f906feb2bf1ea3f079abc6aef,XLSX,7386933,documents,,,files\www.centralbank.ie\_long\e4442648704f5dbb073c23a3\difr-template__q-f3bd720684__u-e4442648704f.xlsx,https://www.centralbank.ie/docs/default-source/regulation/industry-market-sectors/funds/daily-investment-fund-return/difr-template.xlsx?sfvrsn=f847681a_3,1,https://www.centralbank.ie/docs/default-source/regulation/industry-market-sectors/funds/daily-investment-fund-return/difr-template.xlsx?sfvrsn=f847681a_3,https://www.centralbank.ie/regulation/industry-market-sectors/funds/reporting-requirements/daily-investment-funds-return-difr
ab404cc7a893dda9c711c9e801b5d89560f24b3b1eb92cb5caab2bdfac2a5dde,XLSX,24266,documents,,,files\www.centralbank.ie\_long\8e5cf3ad27a8743fe3f97e37\dailymmf__schema_excel__q-fc6e86ef23__u-8e5cf3ad27a8.xlsx,https://www.centralbank.ie/docs/default-source/regulation/industry-market-sectors/funds/industry-communications/dailymmf__schema_excel.xlsx?sfvrsn=ae69921d_4,1,https://www.centralbank.ie/docs/default-source/regulation/industry-market-sectors/funds/industry-communications/dailymmf__schema_excel.xlsx?sfvrsn=ae69921d_4,https://www.centralbank.ie/regulation/industry-market-sectors/funds/industry-communications
14f8f592f8716041ffec9ed4ccb515e4d27e93aac08c48c1e9d7c1aaa59e3740,XLSX,145730,documents,,,files\www.centralbank.ie\_long\a223e792eb1ab87fdab7edcb\copy-of-gns-4-4-8-4-5_form-pr1-5-(002)__q-7b7e3885cb__u-a223.xlsx,https://www.centralbank.ie/docs/default-source/regulation/industry-market-sectors/funds/introduction-to-icav/forms-(icav)/copy-of-gns-4-4-8-4-5_form-pr1-5-(002).xlsx?sfvrsn=1b76d51d_3,1,https://www.centralbank.ie/docs/default-source/regulation/industry-market-sectors/funds/introduction-to-icav/forms-(icav)/copy-of-gns-4-4-8-4-5_form-pr1-5-(002).xlsx?sfvrsn=1b76d51d_3,https://www.centralbank.ie/regulation/industry-market-sectors/funds/introduction-to-icav/forms
511c75c741284fc459cc1662a0a0ace33131b6b786c299898e578096fd6110bf,XLSX,194205,documents,,,files\www.centralbank.ie\_long\67bceb56ded9ddf8f46a25eb\form-ch5-1-satisfaction-of-charge-or-judgement-mortgage__q-1.xlsx,https://www.centralbank.ie/docs/default-source/regulation/industry-market-sectors/funds/introduction-to-icav/forms-(icav)/form-ch5-1-satisfaction-of-charge-or-judgement-mortgage.xlsx?sfvrsn=228cdd1d_5,1,https://www.centralbank.ie/docs/default-source/regulation/industry-market-sectors/funds/introduction-to-icav/forms-(icav)/form-ch5-1-satisfaction-of-charge-or-judgement-mortgage.xlsx?sfvrsn=228cdd1d_5,https://www.centralbank.ie/regulation/industry-market-sectors/funds/introduction-to-icav/forms
e639195142c462eaa9f16249fa0cab20a7185b888efcf7c99bf4d53401e214ec,XLSX,152138,documents,,,files\www.centralbank.ie\_long\9c9460d65f4026c1f2e48fbe\form-ch5-2-partial-satisfaction-of-charge-or-judgement-mortg.xlsx,https://www.centralbank.ie/docs/default-source/regulation/industry-market-sectors/funds/introduction-to-icav/forms-(icav)/form-ch5-2-partial-satisfaction-of-charge-or-judgement-mortgage.xlsx?sfvrsn=198cdd1d_5,1,https://www.centralbank.ie/docs/default-source/regulation/industry-market-sectors/funds/introduction-to-icav/forms-(icav)/form-ch5-2-partial-satisfaction-of-charge-or-judgement-mortgage.xlsx?sfvrsn=198cdd1d_5,https://www.centralbank.ie/regulation/industry-market-sectors/funds/introduction-to-icav/forms
fa1b97168603688dd8a653fcd6c1befaaa15d8896cae30a968be6729f30d3f4b,XLSX,244665,documents,,,files\www.centralbank.ie\_long\c76488c40cc913d20ba5890f\form-r2-receivers-abstract__q-1a78c23b42__u-c76488c40cc9.xlsx,https://www.centralbank.ie/docs/default-source/regulation/industry-market-sectors/funds/introduction-to-icav/forms-(icav)/form-r2-receivers-abstract.xlsx?sfvrsn=5bfc6e1a_4,1,https://www.centralbank.ie/docs/default-source/regulation/industry-market-sectors/funds/introduction-to-icav/forms-(icav)/form-r2-receivers-abstract.xlsx?sfvrsn=5bfc6e1a_4,https://www.centralbank.ie/regulation/industry-market-sectors/funds/introduction-to-icav/forms
eb679b8f8a087e1aa1fdb7dc2ba77a68794daf2e1fe12cbfa6e1146326b3b68d,XLSX,147627,documents,,,files\www.centralbank.ie\_long\2d28146afa8e1661ed2a31e2\form-r4-receivers-notice-of-cessation__q-f66cd11e68__u-2d281.xlsx,https://www.centralbank.ie/docs/default-source/regulation/industry-market-sectors/funds/introduction-to-icav/forms-(icav)/form-r4-receivers-notice-of-cessation.xlsx?sfvrsn=a0fd6e1a_4,1,https://www.centralbank.ie/docs/default-source/regulation/industry-market-sectors/funds/introduction-to-icav/forms-(icav)/form-r4-receivers-notice-of-cessation.xlsx?sfvrsn=a0fd6e1a_4,https://www.centralbank.ie/regulation/industry-market-sectors/funds/introduction-to-icav/forms
c979343f4f53506fa84066af7fcd0047727e6ab6869680f507a227cb565f8838,XLSX,169498,documents,,,files\www.centralbank.ie\_long\d2e1906bc1ba6b21690cfb35\form-w3-1---appointment-of-liquidator__q-f3ac7132bc__u-d2e19.xlsx,https://www.centralbank.ie/docs/default-source/regulation/industry-market-sectors/funds/introduction-to-icav/forms-(icav)/form-w3-1---appointment-of-liquidator.xlsx?sfvrsn=fe8dd1d_5,1,https://www.centralbank.ie/docs/default-source/regulation/industry-market-sectors/funds/introduction-to-icav/forms-(icav)/form-w3-1---appointment-of-liquidator.xlsx?sfvrsn=fe8dd1d_5,https://www.centralbank.ie/regulation/industry-market-sectors/funds/introduction-to-icav/forms
5a4251ce9978ecd5123b96e721939b22a46a8fc5f9c4a3bc44b2a950074d9f5f,XLSX,167540,documents,,,files\www.centralbank.ie\_long\d121aa157ce48d5c8fe5d297\form-w3-2---notification-of-resignation-of-liquidator__q-5b4.xlsx,https://www.centralbank.ie/docs/default-source/regulation/industry-market-sectors/funds/introduction-to-icav/forms-(icav)/form-w3-2---notification-of-resignation-of-liquidator.xlsx?sfvrsn=73e8dd1d_5,1,https://www.centralbank.ie/docs/default-source/regulation/industry-market-sectors/funds/introduction-to-icav/forms-(icav)/form-w3-2---notification-of-resignation-of-liquidator.xlsx?sfvrsn=73e8dd1d_5,https://www.centralbank.ie/regulation/industry-market-sectors/funds/introduction-to-icav/forms
db1ac4db3a7f7f61a3fc180fc9b764e25f31a4a7c9fe2966c0cd6daf81385429,XLSX,167794,documents,,,files\www.centralbank.ie\_long\82fc07fa1d93941a7a8ae45e\form-w3-3---notification-of-removal-of-liquidator__q-c9f2c33.xlsx,https://www.centralbank.ie/docs/default-source/regulation/industry-market-sectors/funds/introduction-to-icav/forms-(icav)/form-w3-3---notification-of-removal-of-liquidator.xlsx?sfvrsn=7ce8dd1d_5,1,https://www.centralbank.ie/docs/default-source/regulation/industry-market-sectors/funds/introduction-to-icav/forms-(icav)/form-w3-3---notification-of-removal-of-liquidator.xlsx?sfvrsn=7ce8dd1d_5,https://www.centralbank.ie/regulation/industry-market-sectors/funds/introduction-to-icav/forms
4a757d7915b0fac5f0e7c7fc356a1e688bf35b3c8ea7d8130dfc36b358597c83,XLSX,172059,documents,,,files\www.centralbank.ie\_long\5d531ac7119b61e982c6e2e5\form-w3-4---appointment-of-liquidator-following-removal-of-a.xlsx,https://www.centralbank.ie/docs/default-source/regulation/industry-market-sectors/funds/introduction-to-icav/forms-(icav)/form-w3-4---appointment-of-liquidator-following-removal-of-a-previous-liquidator.xlsx?sfvrsn=76e8dd1d_5,1,https://www.centralbank.ie/docs/default-source/regulation/industry-market-sectors/funds/introduction-to-icav/forms-(icav)/form-w3-4---appointment-of-liquidator-following-removal-of-a-previous-liquidator.xlsx?sfvrsn=76e8dd1d_5,https://www.centralbank.ie/regulation/industry-market-sectors/funds/introduction-to-icav/forms
e8c473fc94878659a59071c44615c888f320c9de6425e1e0b7c51624df56a0fd,XLSX,156651,documents,,,files\www.centralbank.ie\_long\4e0376b8fed43251c5c9e6af\form-w4-1-liquidator-s-account-of-his-her-acts-and-dealings_.xlsx,https://www.centralbank.ie/docs/default-source/regulation/industry-market-sectors/funds/introduction-to-icav/forms-(icav)/form-w4-1-liquidator-s-account-of-his-her-acts-and-dealings.xlsx?sfvrsn=79e8dd1d_5,1,https://www.centralbank.ie/docs/default-source/regulation/industry-market-sectors/funds/introduction-to-icav/forms-(icav)/form-w4-1-liquidator-s-account-of-his-her-acts-and-dealings.xlsx?sfvrsn=79e8dd1d_5,https://www.centralbank.ie/regulation/industry-market-sectors/funds/introduction-to-icav/forms
c8b0f3e7d3a938497cfa9ea53c1a73f53d56177f5d8edb25f648accab98c64a4,XLSX,156623,documents,,,files\www.centralbank.ie\_long\12d8a5ee110ef3ed054c821b\form-w4-2-liquidator-s-statement-of-proceedings-and-position.xlsx,https://www.centralbank.ie/docs/default-source/regulation/industry-market-sectors/funds/introduction-to-icav/forms-(icav)/form-w4-2-liquidator-s-statement-of-proceedings-and-position-of-winding-up.xlsx?sfvrsn=bfe9dd1d_5,1,https://www.centralbank.ie/docs/default-source/regulation/industry-market-sectors/funds/introduction-to-icav/forms-(icav)/form-w4-2-liquidator-s-statement-of-proceedings-and-position-of-winding-up.xlsx?sfvrsn=bfe9dd1d_5,https://www.centralbank.ie/regulation/industry-market-sectors/funds/introduction-to-icav/forms
c97a7500dd307453bc8c54fd55393f7d068212979d4a2639b94e12dfc749d135,XLSX,159078,documents,,,files\www.centralbank.ie\_long\6cefabc1d00f327923233192\form-w5-liquidator-s-final-statement-of-account__q-b641412d2.xlsx,https://www.centralbank.ie/docs/default-source/regulation/industry-market-sectors/funds/introduction-to-icav/forms-(icav)/form-w5-liquidator-s-final-statement-of-account.xlsx?sfvrsn=2e8dd1d_5,1,https://www.centralbank.ie/docs/default-source/regulation/industry-market-sectors/funds/introduction-to-icav/forms-(icav)/form-w5-liquidator-s-final-statement-of-account.xlsx?sfvrsn=2e8dd1d_5,https://www.centralbank.ie/regulation/industry-market-sectors/funds/introduction-to-icav/forms
01cafd67204650055ba13e5f51c1228aa2568398425edb65c0cf245c8bf81809,XLSX,176057,documents,,,files\www.centralbank.ie\_long\9b00c9c6c53a7c768c33e5cb\form-w6-return-of-the-final-members-meeting-members-voluntar.xlsx,https://www.centralbank.ie/docs/default-source/regulation/industry-market-sectors/funds/introduction-to-icav/forms-(icav)/form-w6-return-of-the-final-members-meeting-members-voluntary-winding-up.xlsx?sfvrsn=a9e9dd1d_5,1,https://www.centralbank.ie/docs/default-source/regulation/industry-market-sectors/funds/introduction-to-icav/forms-(icav)/form-w6-return-of-the-final-members-meeting-members-voluntary-winding-up.xlsx?sfvrsn=a9e9dd1d_5,https://www.centralbank.ie/regulation/industry-market-sectors/funds/introduction-to-icav/forms
5d5738b19b49b8bbc7c82fb0bff09bbee574a4371c46ada526e20cc09e03d370,XLSX,169468,documents,,,files\www.centralbank.ie\_long\64a0bbbe031ad2c0fa20db48\form-w7-notification-of-annulment-of-winding-up__q-6cce143a6.xlsx,https://www.centralbank.ie/docs/default-source/regulation/industry-market-sectors/funds/introduction-to-icav/forms-(icav)/form-w7-notification-of-annulment-of-winding-up.xlsx?sfvrsn=b2e9dd1d_5,1,https://www.centralbank.ie/docs/default-source/regulation/industry-market-sectors/funds/introduction-to-icav/forms-(icav)/form-w7-notification-of-annulment-of-winding-up.xlsx?sfvrsn=b2e9dd1d_5,https://www.centralbank.ie/regulation/industry-market-sectors/funds/introduction-to-icav/forms
d66d43c39401e2b5a60c0a1c490e484e3957dea73063b5817be0f6c89eb70408,XLSX,148448,documents,,,files\www.centralbank.ie\_long\af7ef9320e80c6e88019710c\gns-4-4-8-4-5_ar1-form__q-3ad6503a7c__u-af7ef9320e80.xlsx,https://www.centralbank.ie/docs/default-source/regulation/industry-market-sectors/funds/introduction-to-icav/forms-(icav)/gns-4-4-8-4-5_ar1-form.xlsx?sfvrsn=ba26d71d_4,1,https://www.centralbank.ie/docs/default-source/regulation/industry-market-sectors/funds/introduction-to-icav/forms-(icav)/gns-4-4-8-4-5_ar1-form.xlsx?sfvrsn=ba26d71d_4,https://www.centralbank.ie/regulation/industry-market-sectors/funds/introduction-to-icav/forms
6fd48128ef08074c5943c0aec6c6c3f64e489c88e0247f99336f0a87f4eabdc5,XLSX,145500,documents,,,files\www.centralbank.ie\_long\61bb952de45a94f7cbe2eb70\gns-4-4-8-4-5_ar2-form__q-329b6896aa__u-61bb952de45a.xlsx,https://www.centralbank.ie/docs/default-source/regulation/industry-market-sectors/funds/introduction-to-icav/forms-(icav)/gns-4-4-8-4-5_ar2-form.xlsx?sfvrsn=aa26d71d_4,1,https://www.centralbank.ie/docs/default-source/regulation/industry-market-sectors/funds/introduction-to-icav/forms-(icav)/gns-4-4-8-4-5_ar2-form.xlsx?sfvrsn=aa26d71d_4,https://www.centralbank.ie/regulation/industry-market-sectors/funds/introduction-to-icav/forms
9d7afd6ff85e312fc06f857c6a662b7b9fb1a83cd90f3ce272c0f84884e425d5,XLSX,188131,documents,,,files\www.centralbank.ie\_long\9def3933bb458ee943642b1e\gns-4-4-8-4-5_form-ch-1-1__q-9061e7bbf5__u-9def3933bb45.xlsx,https://www.centralbank.ie/docs/default-source/regulation/industry-market-sectors/funds/introduction-to-icav/forms-(icav)/gns-4-4-8-4-5_form-ch-1-1.xlsx?sfvrsn=4726d71d_7,1,https://www.centralbank.ie/docs/default-source/regulation/industry-market-sectors/funds/introduction-to-icav/forms-(icav)/gns-4-4-8-4-5_form-ch-1-1.xlsx?sfvrsn=4726d71d_7,https://www.centralbank.ie/regulation/industry-market-sectors/funds/introduction-to-icav/forms
7414c85726ac24c22d3ef9d1776c221883a1280fe284d9abc1a5754918a3ec2c,XLSX,197320,documents,,,files\www.centralbank.ie\_long\5c306d7daf4f9b2429c594aa\gns-4-4-8-4-5_form-ch-1-2__q-fc27bef044__u-5c306d7daf4f.xlsx,https://www.centralbank.ie/docs/default-source/regulation/industry-market-sectors/funds/introduction-to-icav/forms-(icav)/gns-4-4-8-4-5_form-ch-1-2.xlsx?sfvrsn=a627d71d_4,1,https://www.centralbank.ie/docs/default-source/regulation/industry-market-sectors/funds/introduction-to-icav/forms-(icav)/gns-4-4-8-4-5_form-ch-1-2.xlsx?sfvrsn=a627d71d_4,https://www.centralbank.ie/regulation/industry-market-sectors/funds/introduction-to-icav/forms
889ad32edc71f58277da443da3eab8fd3dc228cc02e344aaaf3ff751500c99ba,XLSX,196581,documents,,,files\www.centralbank.ie\_long\404ae6ffd7929dbf5922cea7\gns-4-4-8-4-5_form-ch-1-3__q-6663536f16__u-404ae6ffd792.xlsx,https://www.centralbank.ie/docs/default-source/regulation/industry-market-sectors/funds/introduction-to-icav/forms-(icav)/gns-4-4-8-4-5_form-ch-1-3.xlsx?sfvrsn=8927d71d_4,1,https://www.centralbank.ie/docs/default-source/regulation/industry-market-sectors/funds/introduction-to-icav/forms-(icav)/gns-4-4-8-4-5_form-ch-1-3.xlsx?sfvrsn=8927d71d_4,https://www.centralbank.ie/regulation/industry-market-sectors/funds/introduction-to-icav/forms
03da81eb405b8fd38c7b9da35ae9edd9167dcca4639b8ef22103bb68c74d1270,XLSX,189808,documents,,,files\www.centralbank.ie\_long\d0cd23b1e884c1ef78d81b3a\gns-4-4-8-4-5_form-ch-2__q-bd84cadb1b__u-d0cd23b1e884.xlsx,https://www.centralbank.ie/docs/default-source/regulation/industry-market-sectors/funds/introduction-to-icav/forms-(icav)/gns-4-4-8-4-5_form-ch-2.xlsx?sfvrsn=fd27d71d_3,1,https://www.centralbank.ie/docs/default-source/regulation/industry-market-sectors/funds/introduction-to-icav/forms-(icav)/gns-4-4-8-4-5_form-ch-2.xlsx?sfvrsn=fd27d71d_3,https://www.centralbank.ie/regulation/industry-market-sectors/funds/introduction-to-icav/forms
3d66f5e134310dd015978340571977a94d2cfc1409f3b3ce2074bbd69deef67e,XLSX,193096,documents,,,files\www.centralbank.ie\_long\7ae28cb246672b76b722de56\gns-4-4-8-4-5_form-ch-3__q-f64bd1bdad__u-7ae28cb24667.xlsx,https://www.centralbank.ie/docs/default-source/regulation/industry-market-sectors/funds/introduction-to-icav/forms-(icav)/gns-4-4-8-4-5_form-ch-3.xlsx?sfvrsn=ca27d71d_3,1,https://www.centralbank.ie/docs/default-source/regulation/industry-market-sectors/funds/introduction-to-icav/forms-(icav)/gns-4-4-8-4-5_form-ch-3.xlsx?sfvrsn=ca27d71d_3,https://www.centralbank.ie/regulation/industry-market-sectors/funds/introduction-to-icav/forms
f0a3507f3dbf5dcd50a40b0c5c4697594ec3b702dc8ea7fb2eb3009e0eb91933,XLSX,189368,documents,,,files\www.centralbank.ie\_long\c63db633305db562ebadb8c6\gns-4-4-8-4-5_form-ch-4__q-cff755c01c__u-c63db633305d.xlsx,https://www.centralbank.ie/docs/default-source/regulation/industry-market-sectors/funds/introduction-to-icav/forms-(icav)/gns-4-4-8-4-5_form-ch-4.xlsx?sfvrsn=3a27d71d_3,1,https://www.centralbank.ie/docs/default-source/regulation/industry-market-sectors/funds/introduction-to-icav/forms-(icav)/gns-4-4-8-4-5_form-ch-4.xlsx?sfvrsn=3a27d71d_3,https://www.centralbank.ie/regulation/industry-market-sectors/funds/introduction-to-icav/forms
276d9be3b7f59e58a338b6b1b75736a9025b5e4a4840ad6c3a90d656747ea446,XLSX,168669,documents,,,files\www.centralbank.ie\_long\2ff96047ee882bd72a45b4e6\gns-4-4-8-4-5_form-pr-1-1__q-195dad0068__u-2ff96047ee88.xlsx,https://www.centralbank.ie/docs/default-source/regulation/industry-market-sectors/funds/introduction-to-icav/forms-(icav)/gns-4-4-8-4-5_form-pr-1-1.xlsx?sfvrsn=8c26d71d_3,1,https://www.centralbank.ie/docs/default-source/regulation/industry-market-sectors/funds/introduction-to-icav/forms-(icav)/gns-4-4-8-4-5_form-pr-1-1.xlsx?sfvrsn=8c26d71d_3,https://www.centralbank.ie/regulation/industry-market-sectors/funds/introduction-to-icav/forms
687e1b3b71b60a37f9c4b712e627a5f286c2be95d7212188ccf27af76e967883,XLSX,161247,documents,,,files\www.centralbank.ie\_long\7b21662dd4cd6fa870073d27\gns-4-4-8-4-5_form-pr1-10__q-941fffe03c__u-7b21662dd4cd.xlsx,https://www.centralbank.ie/docs/default-source/regulation/industry-market-sectors/funds/introduction-to-icav/forms-(icav)/gns-4-4-8-4-5_form-pr1-10.xlsx?sfvrsn=6426d71d_3,1,https://www.centralbank.ie/docs/default-source/regulation/industry-market-sectors/funds/introduction-to-icav/forms-(icav)/gns-4-4-8-4-5_form-pr1-10.xlsx?sfvrsn=6426d71d_3,https://www.centralbank.ie/regulation/industry-market-sectors/funds/introduction-to-icav/forms
4cc2fccecf64d2aeb8ecd7156fc89fbca4a4d6bc3ca1332f09ebe7e9854eb89d,XLSX,142087,documents,,,files\www.centralbank.ie\_long\bdf0d9f0d8ddec090e65cf36\gns-4-4-8-4-5_form-pr1-2__q-e5a1adf488__u-bdf0d9f0d8dd.xlsx,https://www.centralbank.ie/docs/default-source/regulation/industry-market-sectors/funds/introduction-to-icav/forms-(icav)/gns-4-4-8-4-5_form-pr1-2.xlsx?sfvrsn=e426d71d_3,1,https://www.centralbank.ie/docs/default-source/regulation/industry-market-sectors/funds/introduction-to-icav/forms-(icav)/gns-4-4-8-4-5_form-pr1-2.xlsx?sfvrsn=e426d71d_3,https://www.centralbank.ie/regulation/industry-market-sectors/funds/introduction-to-icav/forms
de4c2137807bc1865379e42aa0e8fa07c33720e1697eaaa85eb00ea576ecf410,XLSX,127020,documents,,,files\www.centralbank.ie\_long\2e90b8cb68609342e54c63bc\gns-4-4-8-4-5_form-pr1-3__q-970cc7289e__u-2e90b8cb6860.xlsx,https://www.centralbank.ie/docs/default-source/regulation/industry-market-sectors/funds/introduction-to-icav/forms-(icav)/gns-4-4-8-4-5_form-pr1-3.xlsx?sfvrsn=c526d71d_3,1,https://www.centralbank.ie/docs/default-source/regulation/industry-market-sectors/funds/introduction-to-icav/forms-(icav)/gns-4-4-8-4-5_form-pr1-3.xlsx?sfvrsn=c526d71d_3,https://www.centralbank.ie/regulation/industry-market-sectors/funds/introduction-to-icav/forms
f06bc69de82edd55f8a4946a2e7cfc896054fab8bc7769bd6c1acbd9312ad17d,XLSX,148765,documents,,,files\www.centralbank.ie\_long\9107ad595e29ab06489a85d2\gns-4-4-8-4-5_form-pr1-4__q-77c7d24e60__u-9107ad595e29.xlsx,https://www.centralbank.ie/docs/default-source/regulation/industry-market-sectors/funds/introduction-to-icav/forms-(icav)/gns-4-4-8-4-5_form-pr1-4.xlsx?sfvrsn=3526d71d_3,1,https://www.centralbank.ie/docs/default-source/regulation/industry-market-sectors/funds/introduction-to-icav/forms-(icav)/gns-4-4-8-4-5_form-pr1-4.xlsx?sfvrsn=3526d71d_3,https://www.centralbank.ie/regulation/industry-market-sectors/funds/introduction-to-icav/forms
99fbeed676c445e8d67df4bd7a572a90c3436d2f144b740eaa871db512613368,XLSX,172241,documents,,,files\www.centralbank.ie\_long\d9e2507e9fed3807b5cfa103\gns-4-4-8-4-5_form-pr1-6__q-edf259ba29__u-d9e2507e9fed.xlsx,https://www.centralbank.ie/docs/default-source/regulation/industry-market-sectors/funds/introduction-to-icav/forms-(icav)/gns-4-4-8-4-5_form-pr1-6.xlsx?sfvrsn=2426d71d_3,1,https://www.centralbank.ie/docs/default-source/regulation/industry-market-sectors/funds/introduction-to-icav/forms-(icav)/gns-4-4-8-4-5_form-pr1-6.xlsx?sfvrsn=2426d71d_3,https://www.centralbank.ie/regulation/industry-market-sectors/funds/introduction-to-icav/forms
f15e86e187d92352a0dac89a17aa1f8eb77f4306db20cdf8a5306b82846e44bf,XLSX,141457,documents,,,files\www.centralbank.ie\_long\73e6e3059fc88f59dc955aca\gns-4-4-8-4-5_form-pr1-7__q-67bd9384a4__u-73e6e3059fc8.xlsx,https://www.centralbank.ie/docs/default-source/regulation/industry-market-sectors/funds/introduction-to-icav/forms-(icav)/gns-4-4-8-4-5_form-pr1-7.xlsx?sfvrsn=1426d71d_3,1,https://www.centralbank.ie/docs/default-source/regulation/industry-market-sectors/funds/introduction-to-icav/forms-(icav)/gns-4-4-8-4-5_form-pr1-7.xlsx?sfvrsn=1426d71d_3,https://www.centralbank.ie/regulation/industry-market-sectors/funds/introduction-to-icav/forms
2d36dbcf2ad6b9c0ddea3fdf970880c76e3aa2370a1f4add94fa99bb2e350178,XLSX,168721,documents,,,files\www.centralbank.ie\_long\c2e37846221a1c8f9793d3fd\gns-4-4-8-4-5_form-pr1-8__q-bae06a3560__u-c2e37846221a.xlsx,https://www.centralbank.ie/docs/default-source/regulation/industry-market-sectors/funds/introduction-to-icav/forms-(icav)/gns-4-4-8-4-5_form-pr1-8.xlsx?sfvrsn=426d71d_3,1,https://www.centralbank.ie/docs/default-source/regulation/industry-market-sectors/funds/introduction-to-icav/forms-(icav)/gns-4-4-8-4-5_form-pr1-8.xlsx?sfvrsn=426d71d_3,https://www.centralbank.ie/regulation/industry-market-sectors/funds/introduction-to-icav/forms
09956d17113ff74c0a895b2b9b6d09a60346aa2fd3a706b9ffa9207c63b34813,XLSX,168325,documents,,,files\www.centralbank.ie\_long\c005f52a8044891a504d5945\gns-4-4-8-4-5_form-pr1-9__q-83f3b3b879__u-c005f52a8044.xlsx,https://www.centralbank.ie/docs/default-source/regulation/industry-market-sectors/funds/introduction-to-icav/forms-(icav)/gns-4-4-8-4-5_form-pr1-9.xlsx?sfvrsn=7426d71d_3,1,https://www.centralbank.ie/docs/default-source/regulation/industry-market-sectors/funds/introduction-to-icav/forms-(icav)/gns-4-4-8-4-5_form-pr1-9.xlsx?sfvrsn=7426d71d_3,https://www.centralbank.ie/regulation/industry-market-sectors/funds/introduction-to-icav/forms
78dcd2a97526655089bae43c44fe97d1026757142ae22b804612be65f92a7605,XLSX,161749,documents,,,files\www.centralbank.ie\_long\458116bb6796bc00715a8fe9\gns-4-4-8-4-5_form-vs1__q-0028fcaa72__u-458116bb6796.xlsx,https://www.centralbank.ie/docs/default-source/regulation/industry-market-sectors/funds/introduction-to-icav/forms-(icav)/gns-4-4-8-4-5_form-vs1.xlsx?sfvrsn=7727d71d_3,1,https://www.centralbank.ie/docs/default-source/regulation/industry-market-sectors/funds/introduction-to-icav/forms-(icav)/gns-4-4-8-4-5_form-vs1.xlsx?sfvrsn=7727d71d_3,https://www.centralbank.ie/regulation/industry-market-sectors/funds/introduction-to-icav/forms
0decd22e5ac9970c30631d9f61b17645db5bf5e878f0911c39b3f3c666f86e69,XLSX,158347,documents,,,files\www.centralbank.ie\_long\536c23cfb0316940fdfd499f\gns-4-4-8-4-5_form-vs2__q-8055d2ea4a__u-536c23cfb031.xlsx,https://www.centralbank.ie/docs/default-source/regulation/industry-market-sectors/funds/introduction-to-icav/forms-(icav)/gns-4-4-8-4-5_form-vs2.xlsx?sfvrsn=6727d71d_3,1,https://www.centralbank.ie/docs/default-source/regulation/industry-market-sectors/funds/introduction-to-icav/forms-(icav)/gns-4-4-8-4-5_form-vs2.xlsx?sfvrsn=6727d71d_3,https://www.centralbank.ie/regulation/industry-market-sectors/funds/introduction-to-icav/forms
ddd53d9d9c5c2449f2d905dc1ea35602e6b26ef4c636c05017657506fbef3613,XLSX,154228,documents,,,files\www.centralbank.ie\_long\e7a05a5dad529b2ae6360527\gns-4-4-8-4-5_form-vs3__q-36399e3386__u-e7a05a5dad52.xlsx,https://www.centralbank.ie/docs/default-source/regulation/industry-market-sectors/funds/introduction-to-icav/forms-(icav)/gns-4-4-8-4-5_form-vs3.xlsx?sfvrsn=5727d71d_3,1,https://www.centralbank.ie/docs/default-source/regulation/industry-market-sectors/funds/introduction-to-icav/forms-(icav)/gns-4-4-8-4-5_form-vs3.xlsx?sfvrsn=5727d71d_3,https://www.centralbank.ie/regulation/industry-market-sectors/funds/introduction-to-icav/forms
4dd725cb882ee3f20444f8664c8321e6c83a32230c091b35d44093c24b7ef548,XLSX,173839,documents,,,files\www.centralbank.ie\_long\42c6acce9bdf16c439c51702\gns-4-4-8-4-5_form-w1__q-a855782824__u-42c6acce9bdf.xlsx,https://www.centralbank.ie/docs/default-source/regulation/industry-market-sectors/funds/introduction-to-icav/forms-(icav)/gns-4-4-8-4-5_form-w1.xlsx?sfvrsn=bd20d71d_3,1,https://www.centralbank.ie/docs/default-source/regulation/industry-market-sectors/funds/introduction-to-icav/forms-(icav)/gns-4-4-8-4-5_form-w1.xlsx?sfvrsn=bd20d71d_3,https://www.centralbank.ie/regulation/industry-market-sectors/funds/introduction-to-icav/forms
f2dffba41e4a566617131e4bb365f07e8d714c577f39bd4b05187d40418ba44b,XLSX,169410,documents,,,files\www.centralbank.ie\_long\60c5c23110749776523b580e\gns-4-4-8-4-5_form-w2__q-bdc41af386__u-60c5c2311074.xlsx,https://www.centralbank.ie/docs/default-source/regulation/industry-market-sectors/funds/introduction-to-icav/forms-(icav)/gns-4-4-8-4-5_form-w2.xlsx?sfvrsn=9020d71d_3,1,https://www.centralbank.ie/docs/default-source/regulation/industry-market-sectors/funds/introduction-to-icav/forms-(icav)/gns-4-4-8-4-5_form-w2.xlsx?sfvrsn=9020d71d_3,https://www.centralbank.ie/regulation/industry-market-sectors/funds/introduction-to-icav/forms
eb9342378a4e989c3e8daf1ce9afbb9c090c682e67c373e0ad08bd04b0d34e8d,XLSX,143104,documents,,,files\www.centralbank.ie\_long\c4d6bb018c0de21226330f31\r1-receivers-notification-of-appointment-of-receivers__q-917.xlsx,https://www.centralbank.ie/docs/default-source/regulation/industry-market-sectors/funds/introduction-to-icav/forms-(icav)/r1-receivers-notification-of-appointment-of-receivers.xlsx?sfvrsn=84fd6e1a_6,1,https://www.centralbank.ie/docs/default-source/regulation/industry-market-sectors/funds/introduction-to-icav/forms-(icav)/r1-receivers-notification-of-appointment-of-receivers.xlsx?sfvrsn=84fd6e1a_6,https://www.centralbank.ie/regulation/industry-market-sectors/funds/introduction-to-icav/forms
88b489fbf8b0b10546f5e1ef592b703bec33e42067d7bc1f6005d9549c253620,XLSX,168226,documents,,,files\www.centralbank.ie\_long\7267c0254fbfa13913b4e2c0\gns-4-4-8-4-5-_ar3-form__q-b13d160524__u-7267c0254fbf.xlsx,https://www.centralbank.ie/docs/default-source/regulation/industry-market-sectors/funds/introduction-to-icav/registration-(icav)/gns-4-4-8-4-5-_ar3-form.xlsx?sfvrsn=b41ad71d_4,1,https://www.centralbank.ie/docs/default-source/regulation/industry-market-sectors/funds/introduction-to-icav/registration-(icav)/gns-4-4-8-4-5-_ar3-form.xlsx?sfvrsn=b41ad71d_4,https://www.centralbank.ie/regulation/industry-market-sectors/funds/introduction-to-icav/registration
58009bd985d5cdaa859e853de2b8b54aa23bd316484389399fd0eb0b0fc88edc,XLSX,153988,documents,,,files\www.centralbank.ie\_long\675556fd79276ae6b972fb04\gns-4-4-8-4-5_ar1-form__q-00f17f2621__u-675556fd7927.xlsx,https://www.centralbank.ie/docs/default-source/regulation/industry-market-sectors/funds/introduction-to-icav/registration-(icav)/gns-4-4-8-4-5_ar1-form.xlsx?sfvrsn=3219d71d_4,1,https://www.centralbank.ie/docs/default-source/regulation/industry-market-sectors/funds/introduction-to-icav/registration-(icav)/gns-4-4-8-4-5_ar1-form.xlsx?sfvrsn=3219d71d_4,https://www.centralbank.ie/regulation/industry-market-sectors/funds/introduction-to-icav/registration
6409949e972edd450cf930612ee1cf3bfa8a4effab84552a4cf031d3b670ee0f,XLSX,195094,documents,,,files\www.centralbank.ie\_long\5cd5e84583d3e9610b24e4ba\gns-4-4-8-4-5_ar2-form__q-51ded4295a__u-5cd5e84583d3.xlsx,https://www.centralbank.ie/docs/default-source/regulation/industry-market-sectors/funds/introduction-to-icav/registration-(icav)/gns-4-4-8-4-5_ar2-form.xlsx?sfvrsn=2219d71d_4,1,https://www.centralbank.ie/docs/default-source/regulation/industry-market-sectors/funds/introduction-to-icav/registration-(icav)/gns-4-4-8-4-5_ar2-form.xlsx?sfvrsn=2219d71d_4,https://www.centralbank.ie/regulation/industry-market-sectors/funds/introduction-to-icav/registration
9770ae12814b577dfc5e37d7d0fc193e9635b2048016749ce1538507225192fe,XLSX,43978,documents,,,files\www.centralbank.ie\_long\9418ccbcc83838315be6b8e7\taxonomy-2-8-2-data-quality-checks__q-cb9d14a336__u-9418ccbc.xlsx,https://www.centralbank.ie/docs/default-source/regulation/industry-market-sectors/insurance-reinsurance/solvency-ii/communications/insurance-speeches-and-presentations/taxonomy-2-8-2-data-quality-checks.xlsx?sfvrsn=bf75651a_3,1,https://www.centralbank.ie/docs/default-source/regulation/industry-market-sectors/insurance-reinsurance/solvency-ii/communications/insurance-speeches-and-presentations/taxonomy-2-8-2-data-quality-checks.xlsx?sfvrsn=bf75651a_3,https://www.centralbank.ie/regulation/industry-market-sectors/insurance-reinsurance/reporting-requirements
45b3b5d0721d516b9d63ad3bc7d0489c6d9b906047d930a0f92165653fb81aff,XLSX,403340,documents,,,files\www.centralbank.ie\_long\2b6d7daf242c511e5b22f6a8\annotated_templates_1-0-1__q-43d307d601__u-2b6d7daf242c.xlsx,https://www.centralbank.ie/docs/default-source/regulation/industry-market-sectors/insurance-reinsurance/solvency-ii/national-specific-templates/dpm-and-taxonomy---version-1.0.1/annotated_templates_1-0-1.xlsx?sfvrsn=3e86d11d_2,1,https://www.centralbank.ie/docs/default-source/regulation/industry-market-sectors/insurance-reinsurance/solvency-ii/national-specific-templates/dpm-and-taxonomy---version-1.0.1/annotated_templates_1-0-1.xlsx?sfvrsn=3e86d11d_2,https://www.centralbank.ie/regulation/industry-market-sectors/insurance-reinsurance/national-specific-templates
ed53007fe5e54fdd63020fd2d600ed198fb2d6445d10cdd75824ab04207ac1fe,XLSX,2302228,documents,,,files\www.centralbank.ie\_long\ebd41603f04a43b79493ffc4\dpm_dictionary_1-0-1__q-a8350a9ba2__u-ebd41603f04a.xlsx,https://www.centralbank.ie/docs/default-source/regulation/industry-market-sectors/insurance-reinsurance/solvency-ii/national-specific-templates/dpm-and-taxonomy---version-1.0.1/dpm_dictionary_1-0-1.xlsx?sfvrsn=2886d11d_2,1,https://www.centralbank.ie/docs/default-source/regulation/industry-market-sectors/insurance-reinsurance/solvency-ii/national-specific-templates/dpm-and-taxonomy---version-1.0.1/dpm_dictionary_1-0-1.xlsx?sfvrsn=2886d11d_2,https://www.centralbank.ie/regulation/industry-market-sectors/insurance-reinsurance/national-specific-templates
0f309e352254586c11ae83dfd4ac0b9ffc1e9e6dda6fd24482e3858c3f73b076,XLSX,23392,documents,,,files\www.centralbank.ie\_long\629131aa667e2314c2548891\known_issues-1-0-1__q-67cc0160df__u-629131aa667e.xlsx,https://www.centralbank.ie/docs/default-source/regulation/industry-market-sectors/insurance-reinsurance/solvency-ii/national-specific-templates/dpm-and-taxonomy---version-1.0.1/known_issues-1-0-1.xlsx?sfvrsn=2286d11d_2,1,https://www.centralbank.ie/docs/default-source/regulation/industry-market-sectors/insurance-reinsurance/solvency-ii/national-specific-templates/dpm-and-taxonomy---version-1.0.1/known_issues-1-0-1.xlsx?sfvrsn=2286d11d_2,https://www.centralbank.ie/regulation/industry-market-sectors/insurance-reinsurance/national-specific-templates
a6d67d80988235d0e7128fe480322e99d924f0de2fc134b4682fc2dd189b8077,XLSX,309749,documents,,,files\www.centralbank.ie\_long\781e2f0c59cbc229e8ecad32\nst_validations__q-f98d674a87__u-781e2f0c59cb.xlsx,https://www.centralbank.ie/docs/default-source/regulation/industry-market-sectors/insurance-reinsurance/solvency-ii/national-specific-templates/dpm-and-taxonomy---version-1.0.1/nst_validations.xlsx?sfvrsn=1a8cd11d_2,1,https://www.centralbank.ie/docs/default-source/regulation/industry-market-sectors/insurance-reinsurance/solvency-ii/national-specific-templates/dpm-and-taxonomy---version-1.0.1/nst_validations.xlsx?sfvrsn=1a8cd11d_2,https://www.centralbank.ie/regulation/industry-market-sectors/insurance-reinsurance/national-specific-templates
0f62aa5208827e4f492a388f74e2dc4f0c937a91bcb83484079a946068f416f9,XLSX,26346,documents,,,files\www.centralbank.ie\_long\3524af98208c68777bfe12fb\list-of-known-issues__q-609178acf3__u-3524af98208c.xlsx,https://www.centralbank.ie/docs/default-source/regulation/industry-market-sectors/insurance-reinsurance/solvency-ii/national-specific-templates/dpm-and-taxonomy---version-1.3.0-(published-october-2018)/list-of-known-issues.xlsx?sfvrsn=bf28b11d_11,1,https://www.centralbank.ie/docs/default-source/regulation/industry-market-sectors/insurance-reinsurance/solvency-ii/national-specific-templates/dpm-and-taxonomy---version-1.3.0-(published-october-2018)/list-of-known-issues.xlsx?sfvrsn=bf28b11d_11,https://www.centralbank.ie/regulation/industry-market-sectors/insurance-reinsurance/national-specific-templates
1087c6bed1898cf8703c0f8ac1ec1f39478dd9cf5de216e059c5216a184ca157,XLSX,519866,documents,,,files\www.centralbank.ie\_long\018cf76757aa36be96fa4368\nst-dpm-annotated-templates__q-2d0d443a25__u-018cf76757aa.xlsx,https://www.centralbank.ie/docs/default-source/regulation/industry-market-sectors/insurance-reinsurance/solvency-ii/national-specific-templates/dpm-and-taxonomy---version-1.3.0-(published-october-2018)/nst-dpm-annotated-templates.xlsx?sfvrsn=72fb11d_3,1,https://www.centralbank.ie/docs/default-source/regulation/industry-market-sectors/insurance-reinsurance/solvency-ii/national-specific-templates/dpm-and-taxonomy---version-1.3.0-(published-october-2018)/nst-dpm-annotated-templates.xlsx?sfvrsn=72fb11d_3,https://www.centralbank.ie/regulation/industry-market-sectors/insurance-reinsurance/national-specific-templates
9e8986c720c604973d6ef5e3d841882b9cc00ce77d6abc54f236c99cd782be04,XLSX,2334686,documents,,,files\www.centralbank.ie\_long\6b76bc8a91ead74c05d11c65\nst-dpm-dictionary__q-fca1a3ba8a__u-6b76bc8a91ea.xlsx,https://www.centralbank.ie/docs/default-source/regulation/industry-market-sectors/insurance-reinsurance/solvency-ii/national-specific-templates/dpm-and-taxonomy---version-1.3.0-(published-october-2018)/nst-dpm-dictionary.xlsx?sfvrsn=692fb11d_3,1,https://www.centralbank.ie/docs/default-source/regulation/industry-market-sectors/insurance-reinsurance/solvency-ii/national-specific-templates/dpm-and-taxonomy---version-1.3.0-(published-october-2018)/nst-dpm-dictionary.xlsx?sfvrsn=692fb11d_3,https://www.centralbank.ie/regulation/industry-market-sectors/insurance-reinsurance/national-specific-templates
34a13060c6cf4880db00cadf0c93327acb0d7349139282f87667db38c3902a6f,XLSX,465235,documents,,,files\www.centralbank.ie\_long\89a24ea7f6922913d3e47811\nst-validations__q-fe1d443e64__u-89a24ea7f692.xlsx,https://www.centralbank.ie/docs/default-source/regulation/industry-market-sectors/insurance-reinsurance/solvency-ii/national-specific-templates/dpm-and-taxonomy---version-1.3.0-(published-october-2018)/nst-validations.xlsx?sfvrsn=4d2fb11d_11,1,https://www.centralbank.ie/docs/default-source/regulation/industry-market-sectors/insurance-reinsurance/solvency-ii/national-specific-templates/dpm-and-taxonomy---version-1.3.0-(published-october-2018)/nst-validations.xlsx?sfvrsn=4d2fb11d_11,https://www.centralbank.ie/regulation/industry-market-sectors/insurance-reinsurance/national-specific-templates
157b4978f07ef40ec0e0597184319c698fab51908f7962751bfd5958bfd51d87,XLSX,26629,documents,,,files\www.centralbank.ie\_long\406d9ca5645be1c1b41ff66a\list-of-known-issues__q-29bcb906ad__u-406d9ca5645b.xlsx,https://www.centralbank.ie/docs/default-source/regulation/industry-market-sectors/insurance-reinsurance/solvency-ii/national-specific-templates/dpm-and-taxonomy---version-1.4.0/list-of-known-issues.xlsx?sfvrsn=f1ce831d_4,1,https://www.centralbank.ie/docs/default-source/regulation/industry-market-sectors/insurance-reinsurance/solvency-ii/national-specific-templates/dpm-and-taxonomy---version-1.4.0/list-of-known-issues.xlsx?sfvrsn=f1ce831d_4,https://www.centralbank.ie/regulation/industry-market-sectors/insurance-reinsurance/national-specific-templates
c4d53a97107a294df5e524b1f1d417d5e5dc1f802829b9fec6c116cfe325dce3,XLSX,507104,documents,,,files\www.centralbank.ie\_long\e77167239e542061ee9dc32f\nst-dpm-annotated-templates__q-4287136bb4__u-e77167239e54.xlsx,https://www.centralbank.ie/docs/default-source/regulation/industry-market-sectors/insurance-reinsurance/solvency-ii/national-specific-templates/dpm-and-taxonomy---version-1.4.0/nst-dpm-annotated-templates.xlsx?sfvrsn=d9ce831d_12,1,https://www.centralbank.ie/docs/default-source/regulation/industry-market-sectors/insurance-reinsurance/solvency-ii/national-specific-templates/dpm-and-taxonomy---version-1.4.0/nst-dpm-annotated-templates.xlsx?sfvrsn=d9ce831d_12,https://www.centralbank.ie/regulation/industry-market-sectors/insurance-reinsurance/national-specific-templates
345faf312c02c4831d548ac7846b48a6d5fa0453875c254ff6efcdf6e1fcc266,XLSX,3407228,documents,,,files\www.centralbank.ie\_long\06c74db8adbb92fd0335be9e\nst-dpm-dictionary__q-39593fa202__u-06c74db8adbb.xlsx,https://www.centralbank.ie/docs/default-source/regulation/industry-market-sectors/insurance-reinsurance/solvency-ii/national-specific-templates/dpm-and-taxonomy---version-1.4.0/nst-dpm-dictionary.xlsx?sfvrsn=c1ce831d_4,1,https://www.centralbank.ie/docs/default-source/regulation/industry-market-sectors/insurance-reinsurance/solvency-ii/national-specific-templates/dpm-and-taxonomy---version-1.4.0/nst-dpm-dictionary.xlsx?sfvrsn=c1ce831d_4,https://www.centralbank.ie/regulation/industry-market-sectors/insurance-reinsurance/national-specific-templates
0965a15a83b372181898a3972e33831c2be1ae4a8af28373c36ddcb21a59e6af,XLSX,576242,documents,,,files\www.centralbank.ie\_long\f333dc95bc8e7ed8aba23ab0\nst-validations__q-7b3881faec__u-f333dc95bc8e.xlsx,https://www.centralbank.ie/docs/default-source/regulation/industry-market-sectors/insurance-reinsurance/solvency-ii/national-specific-templates/dpm-and-taxonomy---version-1.4.0/nst-validations.xlsx?sfvrsn=65ce831d_4,1,https://www.centralbank.ie/docs/default-source/regulation/industry-market-sectors/insurance-reinsurance/solvency-ii/national-specific-templates/dpm-and-taxonomy---version-1.4.0/nst-validations.xlsx?sfvrsn=65ce831d_4,https://www.centralbank.ie/regulation/industry-market-sectors/insurance-reinsurance/national-specific-templates
154c3d66fdef2c6833933231b6c43a252f1cdcaa633bb7b01da9c11443cc760e,XLSX,973832,documents,,,files\www.centralbank.ie\_long\5a525dcc2acf3134edd09c2e\nst-1-5-0-annotated-templates__q-4344642844__u-5a525dcc2acf.xlsx,https://www.centralbank.ie/docs/default-source/regulation/industry-market-sectors/insurance-reinsurance/solvency-ii/national-specific-templates/dpm-and-taxonomy---version-1.5.0/nst-1-5-0-annotated-templates.xlsx?sfvrsn=a291981d_6,1,https://www.centralbank.ie/docs/default-source/regulation/industry-market-sectors/insurance-reinsurance/solvency-ii/national-specific-templates/dpm-and-taxonomy---version-1.5.0/nst-1-5-0-annotated-templates.xlsx?sfvrsn=a291981d_6,https://www.centralbank.ie/regulation/industry-market-sectors/insurance-reinsurance/national-specific-templates
14e57476b841bfed297aa0b92706c34d499d925c64da9410f22f496056a36f3a,XLSX,1283443,documents,,,files\www.centralbank.ie\_long\95e40ad0e186370f66ebf5d2\nst-1-5-0-dpm-dictionary__q-ecf0fb29dc__u-95e40ad0e186.xlsx,https://www.centralbank.ie/docs/default-source/regulation/industry-market-sectors/insurance-reinsurance/solvency-ii/national-specific-templates/dpm-and-taxonomy---version-1.5.0/nst-1-5-0-dpm-dictionary.xlsx?sfvrsn=be91981d_7,1,https://www.centralbank.ie/docs/default-source/regulation/industry-market-sectors/insurance-reinsurance/solvency-ii/national-specific-templates/dpm-and-taxonomy---version-1.5.0/nst-1-5-0-dpm-dictionary.xlsx?sfvrsn=be91981d_7,https://www.centralbank.ie/regulation/industry-market-sectors/insurance-reinsurance/national-specific-templates
7429435e4e5f21ae44e4a0d0a46cc041459fd2e1f2e22eb55f88252072ff4820,XLSX,26646,documents,,,files\www.centralbank.ie\_long\325d36853b275577132fe717\nst-1-5-0-list-of-known-issues__q-4d6576eecc__u-325d36853b27.xlsx,https://www.centralbank.ie/docs/default-source/regulation/industry-market-sectors/insurance-reinsurance/solvency-ii/national-specific-templates/dpm-and-taxonomy---version-1.5.0/nst-1-5-0-list-of-known-issues.xlsx?sfvrsn=d391981d_5,1,https://www.centralbank.ie/docs/default-source/regulation/industry-market-sectors/insurance-reinsurance/solvency-ii/national-specific-templates/dpm-and-taxonomy---version-1.5.0/nst-1-5-0-list-of-known-issues.xlsx?sfvrsn=d391981d_5,https://www.centralbank.ie/regulation/industry-market-sectors/insurance-reinsurance/national-specific-templates
558d80a017c34dbbb5d1adad2661d1a49285f64415a946509d0f30fa40ea19c7,XLSX,104836,documents,,,files\www.centralbank.ie\_long\62604da69da886fd14db95d4\nst-1-5-0-list-of-validations__q-7b970c9452__u-62604da69da8.xlsx,https://www.centralbank.ie/docs/default-source/regulation/industry-market-sectors/insurance-reinsurance/solvency-ii/national-specific-templates/dpm-and-taxonomy---version-1.5.0/nst-1-5-0-list-of-validations.xlsx?sfvrsn=d291981d_8,1,https://www.centralbank.ie/docs/default-source/regulation/industry-market-sectors/insurance-reinsurance/solvency-ii/national-specific-templates/dpm-and-taxonomy---version-1.5.0/nst-1-5-0-list-of-validations.xlsx?sfvrsn=d291981d_8,https://www.centralbank.ie/regulation/industry-market-sectors/insurance-reinsurance/national-specific-templates
d18d593d9efbc4c7e282c84054ec54ca6aefa69642398dd94ca2868eaf22c96f,XLSX,825869,documents,,,files\www.centralbank.ie\_long\bde5733debca1b48f689e5bc\nst-1-6-0-annotated-templates__q-035c02ae2a__u-bde5733debca.xlsx,https://www.centralbank.ie/docs/default-source/regulation/industry-market-sectors/insurance-reinsurance/solvency-ii/national-specific-templates/dpm-and-taxonomy---version-1.6.0/nst-1-6-0-annotated-templates.xlsx?sfvrsn=5f3c9d1d_4,1,https://www.centralbank.ie/docs/default-source/regulation/industry-market-sectors/insurance-reinsurance/solvency-ii/national-specific-templates/dpm-and-taxonomy---version-1.6.0/nst-1-6-0-annotated-templates.xlsx?sfvrsn=5f3c9d1d_4,https://www.centralbank.ie/regulation/industry-market-sectors/insurance-reinsurance/national-specific-templates
fb40ecc9d7b734fe4580e9f5f62df1688bbecaeb73d2813490c3e2dc97ae7d05,XLSX,1262046,documents,,,files\www.centralbank.ie\_long\780bd8829ddd15113607a017\nst-1-6-0-dpm-dictionary__q-9d6b9426fa__u-780bd8829ddd.xlsx,https://www.centralbank.ie/docs/default-source/regulation/industry-market-sectors/insurance-reinsurance/solvency-ii/national-specific-templates/dpm-and-taxonomy---version-1.6.0/nst-1-6-0-dpm-dictionary.xlsx?sfvrsn=a63d9d1d_4,1,https://www.centralbank.ie/docs/default-source/regulation/industry-market-sectors/insurance-reinsurance/solvency-ii/national-specific-templates/dpm-and-taxonomy---version-1.6.0/nst-1-6-0-dpm-dictionary.xlsx?sfvrsn=a63d9d1d_4,https://www.centralbank.ie/regulation/industry-market-sectors/insurance-reinsurance/national-specific-templates
a3b078d963eb8e7ee666d810b6f38aceb4d652d41a851a573bd671b778e0c27c,XLSX,26663,documents,,,files\www.centralbank.ie\_long\cc668ba309d868ba0348f768\nst-1-6-0-list-of-known-issues__q-d40ce0cb87__u-cc668ba309d8.xlsx,https://www.centralbank.ie/docs/default-source/regulation/industry-market-sectors/insurance-reinsurance/solvency-ii/national-specific-templates/dpm-and-taxonomy---version-1.6.0/nst-1-6-0-list-of-known-issues.xlsx?sfvrsn=233c9d1d_4,1,https://www.centralbank.ie/docs/default-source/regulation/industry-market-sectors/insurance-reinsurance/solvency-ii/national-specific-templates/dpm-and-taxonomy---version-1.6.0/nst-1-6-0-list-of-known-issues.xlsx?sfvrsn=233c9d1d_4,https://www.centralbank.ie/regulation/industry-market-sectors/insurance-reinsurance/national-specific-templates
432cecc4425c827182f62cb124f602eed8e3d79027a5fe05a1e2ffcc753c85c6,XLSX,103996,documents,,,files\www.centralbank.ie\_long\67bac52d4ded5735c033c87c\nst-1-6-0-list-of-validations__q-d4abb69668__u-67bac52d4ded.xlsx,https://www.centralbank.ie/docs/default-source/regulation/industry-market-sectors/insurance-reinsurance/solvency-ii/national-specific-templates/dpm-and-taxonomy---version-1.6.0/nst-1-6-0-list-of-validations.xlsx?sfvrsn=133c9d1d_4,1,https://www.centralbank.ie/docs/default-source/regulation/industry-market-sectors/insurance-reinsurance/solvency-ii/national-specific-templates/dpm-and-taxonomy---version-1.6.0/nst-1-6-0-list-of-validations.xlsx?sfvrsn=133c9d1d_4,https://www.centralbank.ie/regulation/industry-market-sectors/insurance-reinsurance/national-specific-templates
5cf787561e5301fcb7d0c8e4a2ad9f209630333ee6009c7ce24aaeb0f1c1534c,XLSX,828609,documents,,,files\www.centralbank.ie\_long\f55e1948612f4cc79d6556c7\nst-1-7-0-annotated-templates__q-0e6351770c__u-f55e1948612f.xlsx,https://www.centralbank.ie/docs/default-source/regulation/industry-market-sectors/insurance-reinsurance/solvency-ii/national-specific-templates/dpm-and-taxonomy---version-1.7.0/nst-1-7-0-annotated-templates.xlsx?sfvrsn=792f641a_2,1,https://www.centralbank.ie/docs/default-source/regulation/industry-market-sectors/insurance-reinsurance/solvency-ii/national-specific-templates/dpm-and-taxonomy---version-1.7.0/nst-1-7-0-annotated-templates.xlsx?sfvrsn=792f641a_2,https://www.centralbank.ie/regulation/industry-market-sectors/insurance-reinsurance/national-specific-templates
9d2fda7d80b1911cb1e7cbee2959ad8296e515259e9d5a9b4693472d692a54f8,XLSX,1305413,documents,,,files\www.centralbank.ie\_long\1eae437556c67a0bbb2cda5a\nst-1-7-0-dpm-dictionary__q-8eea719516__u-1eae437556c6.xlsx,https://www.centralbank.ie/docs/default-source/regulation/industry-market-sectors/insurance-reinsurance/solvency-ii/national-specific-templates/dpm-and-taxonomy---version-1.7.0/nst-1-7-0-dpm-dictionary.xlsx?sfvrsn=6a2f641a_2,1,https://www.centralbank.ie/docs/default-source/regulation/industry-market-sectors/insurance-reinsurance/solvency-ii/national-specific-templates/dpm-and-taxonomy---version-1.7.0/nst-1-7-0-dpm-dictionary.xlsx?sfvrsn=6a2f641a_2,https://www.centralbank.ie/regulation/industry-market-sectors/insurance-reinsurance/national-specific-templates
a656f66844bd2d31d87a336874cca8c9b21bdef75968d597a3c3c517ce7dea24,XLSX,27049,documents,,,files\www.centralbank.ie\_long\22b738e932200d0805ce983f\nst-1-7-0-list-of-known-issues__q-51a931e655__u-22b738e93220.xlsx,https://www.centralbank.ie/docs/default-source/regulation/industry-market-sectors/insurance-reinsurance/solvency-ii/national-specific-templates/dpm-and-taxonomy---version-1.7.0/nst-1-7-0-list-of-known-issues.xlsx?sfvrsn=142f641a_2,1,https://www.centralbank.ie/docs/default-source/regulation/industry-market-sectors/insurance-reinsurance/solvency-ii/national-specific-templates/dpm-and-taxonomy---version-1.7.0/nst-1-7-0-list-of-known-issues.xlsx?sfvrsn=142f641a_2,https://www.centralbank.ie/regulation/industry-market-sectors/insurance-reinsurance/national-specific-templates
2f0b3615c06938b7baa79d97daddf3386330c293e867b1c0b22852910df3371c,XLSX,103613,documents,,,files\www.centralbank.ie\_long\524fa3aec13c8dbf613b3ff1\nst-1-7-0-list-of-validations__q-293ce4e4ce__u-524fa3aec13c.xlsx,https://www.centralbank.ie/docs/default-source/regulation/industry-market-sectors/insurance-reinsurance/solvency-ii/national-specific-templates/dpm-and-taxonomy---version-1.7.0/nst-1-7-0-list-of-validations.xlsx?sfvrsn=232f641a_2,1,https://www.centralbank.ie/docs/default-source/regulation/industry-market-sectors/insurance-reinsurance/solvency-ii/national-specific-templates/dpm-and-taxonomy---version-1.7.0/nst-1-7-0-list-of-validations.xlsx?sfvrsn=232f641a_2,https://www.centralbank.ie/regulation/industry-market-sectors/insurance-reinsurance/national-specific-templates
15e953ae5e1f21dbb519ac996422bdefc7b27b91c92b9da56d1cf412319f71c7,XLSX,2310450,documents,,,files\www.centralbank.ie\_long\f3662500da029161c59107ef\cbi_solvencyii_dpm_dictionary_2-1-0_1-1-0__q-a7760b3c01__u-f.xlsx,https://www.centralbank.ie/docs/default-source/regulation/industry-market-sectors/insurance-reinsurance/solvency-ii/national-specific-templates/dpm-and-taxonomy/cbi_solvencyii_dpm_dictionary_2-1-0_1-1-0.xlsx?sfvrsn=1b98dc1d_4,1,https://www.centralbank.ie/docs/default-source/regulation/industry-market-sectors/insurance-reinsurance/solvency-ii/national-specific-templates/dpm-and-taxonomy/cbi_solvencyii_dpm_dictionary_2-1-0_1-1-0.xlsx?sfvrsn=1b98dc1d_4,https://www.centralbank.ie/regulation/industry-market-sectors/insurance-reinsurance/national-specific-templates
ab6b30644f45814fc496b1e0a5bd98ce4d6ad542de5dc5d9bd580c3fc3d88f17,XLSX,480997,documents,,,files\www.centralbank.ie\_long\6d123432cc997eb5c647b0fe\cbi_solvencyii_nst_annotated_templates_2-1-0_1-1-0__q-f7be8a.xlsx,https://www.centralbank.ie/docs/default-source/regulation/industry-market-sectors/insurance-reinsurance/solvency-ii/national-specific-templates/dpm-and-taxonomy/cbi_solvencyii_nst_annotated_templates_2-1-0_1-1-0.xlsx?sfvrsn=659adc1d_4,1,https://www.centralbank.ie/docs/default-source/regulation/industry-market-sectors/insurance-reinsurance/solvency-ii/national-specific-templates/dpm-and-taxonomy/cbi_solvencyii_nst_annotated_templates_2-1-0_1-1-0.xlsx?sfvrsn=659adc1d_4,https://www.centralbank.ie/regulation/industry-market-sectors/insurance-reinsurance/national-specific-templates
64d77590f2626074bf1bf09d5ce30d318391a5b5ca5f3c605e0e0fb7377f2006,XLSX,28110,documents,,,files\www.centralbank.ie\_long\3adf78eb482312417bad42dd\cbi_solvencyii_nst_taxonomy_known_issues__q-8246806c59__u-3a.xlsx,https://www.centralbank.ie/docs/default-source/regulation/industry-market-sectors/insurance-reinsurance/solvency-ii/national-specific-templates/dpm-and-taxonomy/cbi_solvencyii_nst_taxonomy_known_issues.xlsx?sfvrsn=3098dc1d_4,1,https://www.centralbank.ie/docs/default-source/regulation/industry-market-sectors/insurance-reinsurance/solvency-ii/national-specific-templates/dpm-and-taxonomy/cbi_solvencyii_nst_taxonomy_known_issues.xlsx?sfvrsn=3098dc1d_4,https://www.centralbank.ie/regulation/industry-market-sectors/insurance-reinsurance/national-specific-templates
d7662b5597be732a497d8ed717fcb52760476890e63334d29204234ddc04db58,XLSX,313117,documents,,,files\www.centralbank.ie\_long\6dfec89fcfbab1cbb0eea258\cbi_solvencyii_nst_validations__q-c07bb22a7d__u-6dfec89fcfba.xlsx,https://www.centralbank.ie/docs/default-source/regulation/industry-market-sectors/insurance-reinsurance/solvency-ii/national-specific-templates/dpm-and-taxonomy/cbi_solvencyii_nst_validations.xlsx?sfvrsn=3798dc1d_4,1,https://www.centralbank.ie/docs/default-source/regulation/industry-market-sectors/insurance-reinsurance/solvency-ii/national-specific-templates/dpm-and-taxonomy/cbi_solvencyii_nst_validations.xlsx?sfvrsn=3798dc1d_4,https://www.centralbank.ie/regulation/industry-market-sectors/insurance-reinsurance/national-specific-templates
5fe9f0b9cd55a732e541d8f5e5f7a3aadede4360910e2b0b6aaa2df88c83d1a9,XLSX,27984,documents,,,files\www.centralbank.ie\_long\84d358147541c78d537c90df\list-of-known-issues-(updated-15-december-2017)__q-dd2b33c36.xlsx,https://www.centralbank.ie/docs/default-source/regulation/industry-market-sectors/insurance-reinsurance/solvency-ii/national-specific-templates/dpm-taxonomy-version-1.2.0/list-of-known-issues-(updated-15-december-2017).xlsx?sfvrsn=4,1,https://www.centralbank.ie/docs/default-source/regulation/industry-market-sectors/insurance-reinsurance/solvency-ii/national-specific-templates/dpm-taxonomy-version-1.2.0/list-of-known-issues-(updated-15-december-2017).xlsx?sfvrsn=4,https://www.centralbank.ie/regulation/industry-market-sectors/insurance-reinsurance/national-specific-templates
52a1f58282ebeb33dedcf0ce6199ba2c333cf6454de383121baf287f85ccd216,XLSX,383523,documents,,,files\www.centralbank.ie\_long\a6ea67c06c34f9542160afe2\nst-validations__q-8f51900136__u-a6ea67c06c34.xlsx,https://www.centralbank.ie/docs/default-source/regulation/industry-market-sectors/insurance-reinsurance/solvency-ii/national-specific-templates/dpm-taxonomy-version-1.2.0/nst-validations.xlsx?sfvrsn=8,1,https://www.centralbank.ie/docs/default-source/regulation/industry-market-sectors/insurance-reinsurance/solvency-ii/national-specific-templates/dpm-taxonomy-version-1.2.0/nst-validations.xlsx?sfvrsn=8,https://www.centralbank.ie/regulation/industry-market-sectors/insurance-reinsurance/national-specific-templates
616ce5e39c1a86dd106a818e38010c497a1a15d18d7a8038d93e88539193fd99,XLSX,2099356,documents,,,files\www.centralbank.ie\_long\dd6d60d71948b23b7775cb12\solvencyii-dpm-dictionary-2-2-0-1-2-0-november-2017__q-dd2b3.xlsx,https://www.centralbank.ie/docs/default-source/regulation/industry-market-sectors/insurance-reinsurance/solvency-ii/national-specific-templates/dpm-taxonomy-version-1.2.0/solvencyii-dpm-dictionary-2-2-0-1-2-0-november-2017.xlsx?sfvrsn=4,1,https://www.centralbank.ie/docs/default-source/regulation/industry-market-sectors/insurance-reinsurance/solvency-ii/national-specific-templates/dpm-taxonomy-version-1.2.0/solvencyii-dpm-dictionary-2-2-0-1-2-0-november-2017.xlsx?sfvrsn=4,https://www.centralbank.ie/regulation/industry-market-sectors/insurance-reinsurance/national-specific-templates
53a6f836362c6aef649b506c0978330ec2f33be6338805c9815dd9aff36dd202,XLSX,486734,documents,,,files\www.centralbank.ie\_long\16b657f58c9b34d605a4114d\solvencyii-nst-annotated-templates-2-2-0-1-2-0-november-2017.xlsx,https://www.centralbank.ie/docs/default-source/regulation/industry-market-sectors/insurance-reinsurance/solvency-ii/national-specific-templates/dpm-taxonomy-version-1.2.0/solvencyii-nst-annotated-templates-2-2-0-1-2-0-november-2017.xlsx?sfvrsn=4,1,https://www.centralbank.ie/docs/default-source/regulation/industry-market-sectors/insurance-reinsurance/solvency-ii/national-specific-templates/dpm-taxonomy-version-1.2.0/solvencyii-nst-annotated-templates-2-2-0-1-2-0-november-2017.xlsx?sfvrsn=4,https://www.centralbank.ie/regulation/industry-market-sectors/insurance-reinsurance/national-specific-templates
596ce834f905a94a17ff4d81b5f28b4473ee8e95248cd0a4409d64730bcfa365,XLSX,170934,documents,,,files\www.centralbank.ie\_long\16ba2b88ee805a90c07ef780\gns-4-4-10-1-5-orsa-low-and-medium-structured-template__u-16.xlsx,https://www.centralbank.ie/docs/default-source/regulation/industry-market-sectors/insurance-reinsurance/solvency-ii/reporting-requirements/gns-4-4-10-1-5-orsa-low-and-medium-structured-template.xlsx,1,https://www.centralbank.ie/docs/default-source/regulation/industry-market-sectors/insurance-reinsurance/solvency-ii/reporting-requirements/gns-4-4-10-1-5-orsa-low-and-medium-structured-template.xlsx,https://www.centralbank.ie/regulation/industry-market-sectors/insurance-reinsurance/reporting-requirements
c2626a2709775e2c321efe94c2338e5185af4190a236a881d11ea05a7e5c1fb0,XLSX,146725,documents,,,files\www.centralbank.ie\_long\74d63a19c0ea422c654e4fc3\insurance-cobr-template__q-7e3efbc25c__u-74d63a19c0ea.xlsx,https://www.centralbank.ie/docs/default-source/regulation/industry-market-sectors/insurance-reinsurance/solvency-ii/reporting-requirements/insurance-cobr-template.xlsx?sfvrsn=ce5f6b1a_2,1,https://www.centralbank.ie/docs/default-source/regulation/industry-market-sectors/insurance-reinsurance/solvency-ii/reporting-requirements/insurance-cobr-template.xlsx?sfvrsn=ce5f6b1a_2,https://www.centralbank.ie/regulation/industry-market-sectors/insurance-reinsurance/reporting-requirements
24918890124e50cba031fc8220cef0c7371599585307d2fd515c6f40966961a7,XLSX,40816,documents,,,files\www.centralbank.ie\_long\7dd79f33fe8f08a62f4a08aa\internal-model-structured-template-v1-3__q-bb793c3e99__u-7dd.xlsx,https://www.centralbank.ie/docs/default-source/regulation/industry-market-sectors/insurance-reinsurance/solvency-ii/reporting-requirements/internal-model-structured-template-v1-3.xlsx?sfvrsn=22a76b1a_4,1,https://www.centralbank.ie/docs/default-source/regulation/industry-market-sectors/insurance-reinsurance/solvency-ii/reporting-requirements/internal-model-structured-template-v1-3.xlsx?sfvrsn=22a76b1a_4,https://www.centralbank.ie/regulation/industry-market-sectors/insurance-reinsurance/reporting-requirements
0b000e2d8817e325c19ecb9a7bdc7d86afee3d370b8a03f8df196dd2532db1bb,XLSX,4087489,documents,,,files\www.centralbank.ie\_long\099c8c680c5dc4a448d4db0e\data-repository-sfcr-template-information__q-4c5232ed71__u-0.xlsx,https://www.centralbank.ie/docs/default-source/regulation/industry-market-sectors/insurance-reinsurance/solvency-ii/solvency-and-financial-condition-report-repository/data-repository-sfcr-template-information.xlsx?sfvrsn=a77ab71d_4,1,https://www.centralbank.ie/docs/default-source/regulation/industry-market-sectors/insurance-reinsurance/solvency-ii/solvency-and-financial-condition-report-repository/data-repository-sfcr-template-information.xlsx?sfvrsn=a77ab71d_4,https://www.centralbank.ie/regulation/industry-market-sectors/insurance-reinsurance/solvency-and-financial-condition-report-repository
19c8c2ed496af16e5198d57359e1adb5a2890a3e92b7e9021bc7aa1a7b6bc099,XLSX,68253,documents,,,files\www.centralbank.ie\_long\7fe78b83cf2c3a23c96a729a\insurance-intermediaries---temporary-run-off-regime-reportin.xlsx,https://www.centralbank.ie/docs/default-source/regulation/industry-market-sectors/insurance-reinsurance/temporary-run-off-regime/insurance-intermediaries---temporary-run-off-regime-reporting-form.xlsx?sfvrsn=367b891d_2,1,https://www.centralbank.ie/docs/default-source/regulation/industry-market-sectors/insurance-reinsurance/temporary-run-off-regime/insurance-intermediaries---temporary-run-off-regime-reporting-form.xlsx?sfvrsn=367b891d_2,https://www.centralbank.ie/regulation/industry-market-sectors/insurance-reinsurance/temporary-run-off-regime
30b0a6963fc817259c9810a772fba3a295a7289c0b92b718776173c5be62411a,XLSX,28656,documents,,,files\www.centralbank.ie\_long\bb1e6d57521d2c8865acbcb0\insurers---temporary-run-off-regime-reporting-form__q-20716d.xlsx,https://www.centralbank.ie/docs/default-source/regulation/industry-market-sectors/insurance-reinsurance/temporary-run-off-regime/insurers---temporary-run-off-regime-reporting-form.xlsx?sfvrsn=287b891d_5,1,https://www.centralbank.ie/docs/default-source/regulation/industry-market-sectors/insurance-reinsurance/temporary-run-off-regime/insurers---temporary-run-off-regime-reporting-form.xlsx?sfvrsn=287b891d_5,https://www.centralbank.ie/regulation/industry-market-sectors/insurance-reinsurance/temporary-run-off-regime
b68dafe2798f23e8ed1a80fc5c928267753e6dbb62cd90f7d83a1a718e63993d,XLSX,173796,documents,,,files\www.centralbank.ie\_long\7fd2f95c4643b72bbea0b7d0\cbi-2-4-business-rules__q-5f2402c937__u-7fd2f95c4643.xlsx,https://www.centralbank.ie/docs/default-source/regulation/industry-market-sectors/investment-firms/cbi-2-4-business-rules.xlsx?sfvrsn=d19b6c1a_3,1,https://www.centralbank.ie/docs/default-source/regulation/industry-market-sectors/investment-firms/cbi-2-4-business-rules.xlsx?sfvrsn=d19b6c1a_3,https://www.centralbank.ie/regulation/industry-market-sectors/funds-service-providers | https://www.centralbank.ie/regulation/industry-market-sectors/investment-firms
8540753ac29872095f96324a542df60c895c7b52f9225850076b0c5e0777e20d,XLSX,15240,documents,,,files\www.centralbank.ie\_long\8154f069da7ef94b24f13846\central-bank-of-ireland-cbi-2-3-1-icaap-validation-rules__q-.xlsx,https://www.centralbank.ie/docs/default-source/regulation/industry-market-sectors/investment-firms/central-bank-of-ireland-cbi-2-3-1-icaap-validation-rules.xlsx?sfvrsn=2e56a1a_4,1,https://www.centralbank.ie/docs/default-source/regulation/industry-market-sectors/investment-firms/central-bank-of-ireland-cbi-2-3-1-icaap-validation-rules.xlsx?sfvrsn=2e56a1a_4,https://www.centralbank.ie/regulation/industry-market-sectors/funds-service-providers | https://www.centralbank.ie/regulation/industry-market-sectors/investment-firms
7dc439d4bffa6669a1cb7552247d8ea2ce6fd094b1890fb75fcc1e1274adc7d9,XLSX,13160,documents,,,files\www.centralbank.ie\_long\7e7ecf7ac71967e6345fb2eb\central-bank-of-ireland-cbi-2-3-1-mmr-validation-rules__q-bd.xlsx,https://www.centralbank.ie/docs/default-source/regulation/industry-market-sectors/investment-firms/central-bank-of-ireland-cbi-2-3-1-mmr-validation-rules.xlsx?sfvrsn=d9e66a1a_4,1,https://www.centralbank.ie/docs/default-source/regulation/industry-market-sectors/investment-firms/central-bank-of-ireland-cbi-2-3-1-mmr-validation-rules.xlsx?sfvrsn=d9e66a1a_4,https://www.centralbank.ie/regulation/industry-market-sectors/funds-service-providers | https://www.centralbank.ie/regulation/industry-market-sectors/investment-firms
5e049dfd96dfab2fb5d0d236574b35f0f91f4f369a612d4a7fafad5ac9af7d6c,XLSX,6217,documents,,,files\www.centralbank.ie\_long\ec16d10a646e2535228003ea\central-bank-of-ireland-taxonomy-2-2-1-business-rules__q-0be.xlsx,https://www.centralbank.ie/docs/default-source/regulation/industry-market-sectors/investment-firms/central-bank-of-ireland-taxonomy-2-2-1-business-rules.xlsx?sfvrsn=e3399d1d_1,1,https://www.centralbank.ie/docs/default-source/regulation/industry-market-sectors/investment-firms/central-bank-of-ireland-taxonomy-2-2-1-business-rules.xlsx?sfvrsn=e3399d1d_1,https://www.centralbank.ie/regulation/industry-market-sectors/funds-service-providers | https://www.centralbank.ie/regulation/industry-market-sectors/investment-firms
680d1fa553c96ebcc0e812e1a94e2c48f2816adba5edfab8dd2e2fef951eb1a7,XLSX,20596,documents,,,files\www.centralbank.ie\_long\8e37c39d374014c64eade5cd\central-bank-of-ireland-taxonomy-2-2-2-business-rules__q-190.xlsx,https://www.centralbank.ie/docs/default-source/regulation/industry-market-sectors/investment-firms/central-bank-of-ireland-taxonomy-2-2-2-business-rules.xlsx?sfvrsn=e8e7631a_1,1,https://www.centralbank.ie/docs/default-source/regulation/industry-market-sectors/investment-firms/central-bank-of-ireland-taxonomy-2-2-2-business-rules.xlsx?sfvrsn=e8e7631a_1,https://www.centralbank.ie/regulation/industry-market-sectors/funds-service-providers | https://www.centralbank.ie/regulation/industry-market-sectors/investment-firms
3ecca6810711b8b97138cc0d90fd9fd58c3566968386b49d570607ffa4d045e4,XLSX,13453,documents,,,files\www.centralbank.ie\_long\47e851ddac6a9c1e9dada26e\central-bank-of-ireland-taxonomy-2-3-ad-business-rules__q-ee.xlsx,https://www.centralbank.ie/docs/default-source/regulation/industry-market-sectors/investment-firms/central-bank-of-ireland-taxonomy-2-3-ad-business-rules.xlsx?sfvrsn=45d1611a_2,1,https://www.centralbank.ie/docs/default-source/regulation/industry-market-sectors/investment-firms/central-bank-of-ireland-taxonomy-2-3-ad-business-rules.xlsx?sfvrsn=45d1611a_2,https://www.centralbank.ie/regulation/industry-market-sectors/funds-service-providers | https://www.centralbank.ie/regulation/industry-market-sectors/investment-firms
14b3d9471e27dffa97b86d42a58d5e171f3fed893120a51ea5badd967acfcc5f,XLSX,44421,documents,,,files\www.centralbank.ie\_long\9ef067577de1ba5843d7e8b9\central-bank-of-ireland-taxonomy-2-3-cr-business-rules__q-7a.xlsx,https://www.centralbank.ie/docs/default-source/regulation/industry-market-sectors/investment-firms/central-bank-of-ireland-taxonomy-2-3-cr-business-rules.xlsx?sfvrsn=fcd2611a_2,1,https://www.centralbank.ie/docs/default-source/regulation/industry-market-sectors/investment-firms/central-bank-of-ireland-taxonomy-2-3-cr-business-rules.xlsx?sfvrsn=fcd2611a_2,https://www.centralbank.ie/regulation/industry-market-sectors/funds-service-providers | https://www.centralbank.ie/regulation/industry-market-sectors/investment-firms
8a86491ac3a5f7cb548a3796c32dc9b110133528e012c296f31abe4fb4f4862c,XLSX,30205,documents,,,files\www.centralbank.ie\_long\e85d3a14390ca426091c77f0\central-bank-of-ireland-taxonomy-2.1.1-business-rules5b73b4d.xlsx,https://www.centralbank.ie/docs/default-source/regulation/industry-market-sectors/investment-firms/central-bank-of-ireland-taxonomy-2.1.1-business-rules5b73b4d4-abf6-4ae8-a479-8be14cc1fa0a.xlsx?sfvrsn=ed869e1d_1,1,https://www.centralbank.ie/docs/default-source/regulation/industry-market-sectors/investment-firms/central-bank-of-ireland-taxonomy-2.1.1-business-rules5b73b4d4-abf6-4ae8-a479-8be14cc1fa0a.xlsx?sfvrsn=ed869e1d_1,https://www.centralbank.ie/regulation/industry-market-sectors/funds-service-providers | https://www.centralbank.ie/regulation/industry-market-sectors/investment-firms
4b3d18cc983336ecb968fb6ee2f1645a0a193762db09330a9de6dc86b5464339,XLSX,14048,documents,,,files\www.centralbank.ie\_long\b4624697922b6c73148f79d7\deactivated-validation-rules-2-4__q-e71957f231__u-b462469792.xlsx,https://www.centralbank.ie/docs/default-source/regulation/industry-market-sectors/investment-firms/deactivated-validation-rules-2-4.xlsx?sfvrsn=10a46c1a_2,1,https://www.centralbank.ie/docs/default-source/regulation/industry-market-sectors/investment-firms/deactivated-validation-rules-2-4.xlsx?sfvrsn=10a46c1a_2,https://www.centralbank.ie/regulation/industry-market-sectors/funds-service-providers | https://www.centralbank.ie/regulation/industry-market-sectors/investment-firms
15349feef954885a518c9854896849728938a443db65875869f8a41140df94be,XLSX,155188,documents,,,files\www.centralbank.ie\_long\8971f3e263bf871d14252021\deactivated-validation-rules__q-f126b24dae__u-8971f3e263bf.xlsx,https://www.centralbank.ie/docs/default-source/regulation/industry-market-sectors/investment-firms/deactivated-validation-rules.xlsx?sfvrsn=88e76a1a_4,1,https://www.centralbank.ie/docs/default-source/regulation/industry-market-sectors/investment-firms/deactivated-validation-rules.xlsx?sfvrsn=88e76a1a_4,https://www.centralbank.ie/regulation/industry-market-sectors/funds-service-providers | https://www.centralbank.ie/regulation/industry-market-sectors/investment-firms
7f2a70d5ccc48196333efe1bc3972e088ad7194874bb35d3cffdc149b5ed3267,XLSX,24431,documents,,,files\www.centralbank.ie\_long\4ebff1cbd58258d21ab6e6cd\reporting-requirements-iia-non-retail-investment-business-fi.xlsx,https://www.centralbank.ie/docs/default-source/regulation/industry-market-sectors/investment-firms/iia-non-retail-firms/reporting-requirements/reporting-requirements-iia-non-retail-investment-business-firms.xlsx?sfvrsn=ed3d931d_7,1,https://www.centralbank.ie/docs/default-source/regulation/industry-market-sectors/investment-firms/iia-non-retail-firms/reporting-requirements/reporting-requirements-iia-non-retail-investment-business-firms.xlsx?sfvrsn=ed3d931d_7,https://www.centralbank.ie/regulation/industry-market-sectors/investment-firms/iia-non-retail-firms/reporting-requirements
e9d323586145cbf30083ecd7f5dcc96b257cc25f9facc55676b66b2c473ddfa5,XLSX,29937,documents,,,files\www.centralbank.ie\_long\bb4fb9616ac7fc826320d4ab\errors-and-omissions-notification__q-059174d97e__u-bb4fb9616.xlsx,https://www.centralbank.ie/docs/default-source/regulation/industry-market-sectors/investment-firms/mifid-firms/reporting-requirements/errors-and-omissions-notification.xlsx?sfvrsn=cf778e1d_3,1,https://www.centralbank.ie/docs/default-source/regulation/industry-market-sectors/investment-firms/mifid-firms/reporting-requirements/errors-and-omissions-notification.xlsx?sfvrsn=cf778e1d_3,https://www.centralbank.ie/regulation/industry-market-sectors/investment-firms/mifid-firms/reporting-requirements | https://www.centralbank.ie/regulation/industry-market-sectors/investment-firms/mifid-firms/reporting-requirements/previous-reporting-requirements
474f650917fc94cf87a956d006abeea96fa5384303d2f86aca577ad2c4798653,XLSX,33270,documents,,,files\www.centralbank.ie\_long\a1859a950e5f2138bb6a1841\reporting-requirements-for-mifid-investment-firms__q-dac868f.xlsx,https://www.centralbank.ie/docs/default-source/regulation/industry-market-sectors/investment-firms/mifid-firms/reporting-requirements/reporting-requirements-for-mifid-investment-firms.xlsx?sfvrsn=ed9a8d1d_12,1,https://www.centralbank.ie/docs/default-source/regulation/industry-market-sectors/investment-firms/mifid-firms/reporting-requirements/reporting-requirements-for-mifid-investment-firms.xlsx?sfvrsn=ed9a8d1d_12,https://www.centralbank.ie/regulation/industry-market-sectors/investment-firms/mifid-firms/reporting-requirements
074b0802319f8cbef98ef3993c63fce37f7debe5b111c013f252f98f8ce1976a,XLSX,47077,documents,,,files\www.centralbank.ie\_long\a0b196a8d60343dea5d45501\central-bank-of-ireland-taxonomy-2-2-2-business-rules-eia-an.xlsx,https://www.centralbank.ie/docs/default-source/regulation/industry-market-sectors/payment-institutions/reporting-requirements/central-bank-of-ireland-taxonomy-2-2-2-business-rules-eia-and-eis.xlsx?sfvrsn=19d99d1d_2,1,https://www.centralbank.ie/docs/default-source/regulation/industry-market-sectors/payment-institutions/reporting-requirements/central-bank-of-ireland-taxonomy-2-2-2-business-rules-eia-and-eis.xlsx?sfvrsn=19d99d1d_2,https://www.centralbank.ie/regulation/industry-market-sectors/electronic-money-institutions/reporting-requirements
634045430366e3b8d7da673672b8458540e95466894e4e6d4390a8578e8c7550,XLSX,43327,documents,,,files\www.centralbank.ie\_long\66e518a40ec15b637fac5e06\central-bank-of-ireland-taxonomy-2-2-2-business-rules-pia-an.xlsx,https://www.centralbank.ie/docs/default-source/regulation/industry-market-sectors/payment-institutions/reporting-requirements/central-bank-of-ireland-taxonomy-2-2-2-business-rules-pia-and-pis.xlsx?sfvrsn=ad99d1d_2,1,https://www.centralbank.ie/docs/default-source/regulation/industry-market-sectors/payment-institutions/reporting-requirements/central-bank-of-ireland-taxonomy-2-2-2-business-rules-pia-and-pis.xlsx?sfvrsn=ad99d1d_2,https://www.centralbank.ie/regulation/industry-market-sectors/payment-institutions/reporting-requirements
4ff3c5eec2850ec6b54cdfafddb572effb3cf91c3ef5770ea81eb62002d4431e,XLSX,39517,documents,,,files\www.centralbank.ie\_long\795e7ec876fc069b03bc7aeb\central-bank-of-ireland-taxonomy-2.1.1-business-rules-e-mone.xlsx,https://www.centralbank.ie/docs/default-source/regulation/industry-market-sectors/payment-institutions/reporting-requirements/central-bank-of-ireland-taxonomy-2.1.1-business-rules-e-money.xlsx?sfvrsn=35f49e1d_1,1,https://www.centralbank.ie/docs/default-source/regulation/industry-market-sectors/payment-institutions/reporting-requirements/central-bank-of-ireland-taxonomy-2.1.1-business-rules-e-money.xlsx?sfvrsn=35f49e1d_1,https://www.centralbank.ie/regulation/industry-market-sectors/electronic-money-institutions/reporting-requirements
c4b1cddd4afdf880ae6bf740bf379037ee36d4c8de18fb2d40251267dd7c2023,XLSX,36429,documents,,,files\www.centralbank.ie\_long\57c743b70316032363c26640\central-bank-of-ireland-taxonomy-2.1.1-business-rules__q-d69.xlsx,https://www.centralbank.ie/docs/default-source/regulation/industry-market-sectors/payment-institutions/reporting-requirements/central-bank-of-ireland-taxonomy-2.1.1-business-rules.xlsx?sfvrsn=c2ea9e1d_1,1,https://www.centralbank.ie/docs/default-source/regulation/industry-market-sectors/payment-institutions/reporting-requirements/central-bank-of-ireland-taxonomy-2.1.1-business-rules.xlsx?sfvrsn=c2ea9e1d_1,https://www.centralbank.ie/regulation/industry-market-sectors/payment-institutions/reporting-requirements
8b9f981123ee1eeb7f8aaf745975672f45d107444afc59246ddd5b0416ffcc3c,XLSX,410964,documents,,,files\www.centralbank.ie\_long\f2c9c57a8fbf5628b3c29c48\debt-submission-template__q-6368b70e21__u-f2c9c57a8fbf.xlsx,https://www.centralbank.ie/docs/default-source/regulation/industry-market-sectors/securities-markets/eugb-regulation/debt-submission-template.xlsx?sfvrsn=d05a641a_4,1,https://www.centralbank.ie/docs/default-source/regulation/industry-market-sectors/securities-markets/eugb-regulation/debt-submission-template.xlsx?sfvrsn=d05a641a_4,https://www.centralbank.ie/regulation/industry-market-sectors/securities-markets/eugb-regulation/submission-template-and-guidance
755ce48df205f606b2fec56b69613d326698269e08bead647905b1ac207821d1,XLSX,21338,documents,,,files\www.centralbank.ie\_long\0bd3b3ac1e79eda24f3f131f\gns-4-4-17-4-11-deal-specific-or-event-based-insider-list__q.xlsx,https://www.centralbank.ie/docs/default-source/regulation/industry-market-sectors/securities-markets/market-abuse-regulation/submit-insider-lists/gns-4-4-17-4-11-deal-specific-or-event-based-insider-list.xlsx?sfvrsn=2f50d71d_6,1,https://www.centralbank.ie/docs/default-source/regulation/industry-market-sectors/securities-markets/market-abuse-regulation/submit-insider-lists/gns-4-4-17-4-11-deal-specific-or-event-based-insider-list.xlsx?sfvrsn=2f50d71d_6,https://www.centralbank.ie/regulation/industry-market-sectors/securities-markets/market-abuse-regulation/submit-insider-lists
5ef6dd8b0b73c81f5b36290891587255eaaccb7b36b1e0afbab4533ebbf22e11,XLSX,24339,documents,,,files\www.centralbank.ie\_long\a860bc841ce4260a1fd7aaf9\gns-4-4-17-4-11-permanent-insider-section__q-663f4c3d9f__u-a.xlsx,https://www.centralbank.ie/docs/default-source/regulation/industry-market-sectors/securities-markets/market-abuse-regulation/submit-insider-lists/gns-4-4-17-4-11-permanent-insider-section.xlsx?sfvrsn=2250d71d_4,1,https://www.centralbank.ie/docs/default-source/regulation/industry-market-sectors/securities-markets/market-abuse-regulation/submit-insider-lists/gns-4-4-17-4-11-permanent-insider-section.xlsx?sfvrsn=2250d71d_4,https://www.centralbank.ie/regulation/industry-market-sectors/securities-markets/market-abuse-regulation/submit-insider-lists
40715547da935ca9b60ca8a78196052fef03564ce361786bc65559fb246e497a,XLSX,410775,documents,,,files\www.centralbank.ie\_long\92d9508ffa96208e71fea1b4\debt-submission-template__q-e05a949b4b__u-92d9508ffa96.xlsx,https://www.centralbank.ie/docs/default-source/regulation/industry-market-sectors/securities-markets/prospectus-regulation/template-emails-letters-and-forms/debt-submission-template.xlsx?sfvrsn=2c68b61d_6,1,https://www.centralbank.ie/docs/default-source/regulation/industry-market-sectors/securities-markets/prospectus-regulation/template-emails-letters-and-forms/debt-submission-template.xlsx?sfvrsn=2c68b61d_6,https://www.centralbank.ie/regulation/industry-market-sectors/securities-markets/prospectus-regulation/submission-templates-guidance
dc673947bf4cf2b32045fb27714573ca2affaeab57e9f3e52cc71d29dc5e045a,XLSX,57517,documents,,,files\www.centralbank.ie\_long\ccfa65ecefcdfc21deee66df\cancellation-net-short-position-in-shares__q-5ed2d5bf63__u-c.xlsx,https://www.centralbank.ie/docs/default-source/regulation/industry-market-sectors/securities-markets/short-selling-regulation/forms/cancellation-net-short-position-in-shares.xlsx?sfvrsn=12c89d1d_3,1,https://www.centralbank.ie/docs/default-source/regulation/industry-market-sectors/securities-markets/short-selling-regulation/forms/cancellation-net-short-position-in-shares.xlsx?sfvrsn=12c89d1d_3,https://www.centralbank.ie/regulation/industry-market-sectors/securities-markets/short-selling-regulation/forms
cc1178c4409cee566055cd38dc3d90ebb178802297da7e0c5dd8773761c7f4aa,XLSX,53054,documents,,,files\www.centralbank.ie\_long\51a96a438b70941b2f66d6c0\cancellation-net-short-position-in-sovereign-debt__q-8b36755.xlsx,https://www.centralbank.ie/docs/default-source/regulation/industry-market-sectors/securities-markets/short-selling-regulation/forms/cancellation-net-short-position-in-sovereign-debt.xlsx?sfvrsn=a6c99d1d_3,1,https://www.centralbank.ie/docs/default-source/regulation/industry-market-sectors/securities-markets/short-selling-regulation/forms/cancellation-net-short-position-in-sovereign-debt.xlsx?sfvrsn=a6c99d1d_3,https://www.centralbank.ie/regulation/industry-market-sectors/securities-markets/short-selling-regulation/forms
ee8cd9a743abde86466e1758665e72fd07d0069e00198b5e2a25236048a0c5c8,XLSX,53175,documents,,,files\www.centralbank.ie\_long\07a4c397661000899394b499\cancellation-uncovered-position-in-sovereign-cds__q-fc8d0072.xlsx,https://www.centralbank.ie/docs/default-source/regulation/industry-market-sectors/securities-markets/short-selling-regulation/forms/cancellation-uncovered-position-in-sovereign-cds.xlsx?sfvrsn=2ec99d1d_4,1,https://www.centralbank.ie/docs/default-source/regulation/industry-market-sectors/securities-markets/short-selling-regulation/forms/cancellation-uncovered-position-in-sovereign-cds.xlsx?sfvrsn=2ec99d1d_4,https://www.centralbank.ie/regulation/industry-market-sectors/securities-markets/short-selling-regulation/forms
7842cdde6190c561f5faf79ff7f2723f51db777e003614ded337c6bafd7563c3,XLSX,52800,documents,,,files\www.centralbank.ie\_long\1afbc62bd7ee2611e93f9364\change-of-information-form__q-2fd67a4794__u-1afbc62bd7ee.xlsx,https://www.centralbank.ie/docs/default-source/regulation/industry-market-sectors/securities-markets/short-selling-regulation/forms/change-of-information-form.xlsx?sfvrsn=4cce9d1d_2,1,https://www.centralbank.ie/docs/default-source/regulation/industry-market-sectors/securities-markets/short-selling-regulation/forms/change-of-information-form.xlsx?sfvrsn=4cce9d1d_2,https://www.centralbank.ie/regulation/industry-market-sectors/securities-markets/short-selling-regulation/forms
53c45728b272eac157a1909efde7bf8145983dad548814c8efd98b0f09b4959e,XLSX,57950,documents,,,files\www.centralbank.ie\_long\dbbd6f7f8fbfa149d6206abc\notification-net-short-position-in-shares__q-c24562f542__u-d.xlsx,https://www.centralbank.ie/docs/default-source/regulation/industry-market-sectors/securities-markets/short-selling-regulation/forms/notification-net-short-position-in-shares.xlsx?sfvrsn=edcf9d1d_4,1,https://www.centralbank.ie/docs/default-source/regulation/industry-market-sectors/securities-markets/short-selling-regulation/forms/notification-net-short-position-in-shares.xlsx?sfvrsn=edcf9d1d_4,https://www.centralbank.ie/regulation/industry-market-sectors/securities-markets/short-selling-regulation/forms
aee02ea725a0f4c9adadef0f144f2d653a1d192a1ab3ea18b00729025f60a1da,XLSX,53000,documents,,,files\www.centralbank.ie\_long\ca919637d1b12a3379d7de4f\notification-net-short-position-in-sovereign-debt__q-742a242.xlsx,https://www.centralbank.ie/docs/default-source/regulation/industry-market-sectors/securities-markets/short-selling-regulation/forms/notification-net-short-position-in-sovereign-debt.xlsx?sfvrsn=bcf9d1d_3,1,https://www.centralbank.ie/docs/default-source/regulation/industry-market-sectors/securities-markets/short-selling-regulation/forms/notification-net-short-position-in-sovereign-debt.xlsx?sfvrsn=bcf9d1d_3,https://www.centralbank.ie/regulation/industry-market-sectors/securities-markets/short-selling-regulation/forms
ef513ed7f1282e5b2d0bceb6dea9274a7e58fcd0a4a7b1af0b8edf45b3117379,XLSX,53069,documents,,,files\www.centralbank.ie\_long\e2ecc015817e618980bb5ce3\notification-uncovered-position-in-sovereign-cds__q-60bd238e.xlsx,https://www.centralbank.ie/docs/default-source/regulation/industry-market-sectors/securities-markets/short-selling-regulation/forms/notification-uncovered-position-in-sovereign-cds.xlsx?sfvrsn=a6c89d1d_3,1,https://www.centralbank.ie/docs/default-source/regulation/industry-market-sectors/securities-markets/short-selling-regulation/forms/notification-uncovered-position-in-sovereign-cds.xlsx?sfvrsn=a6c89d1d_3,https://www.centralbank.ie/regulation/industry-market-sectors/securities-markets/short-selling-regulation/forms
56cab6e89b7704019e6f546cb79816626dcb5c30ae8858b51064a52b3c99c75d,XLSX,55092,documents,,,files\www.centralbank.ie\_long\aade67fbccd910deae83350e\registration-form__q-5777555f6c__u-aade67fbccd9.xlsx,https://www.centralbank.ie/docs/default-source/regulation/industry-market-sectors/securities-markets/short-selling-regulation/forms/registration-form.xlsx?sfvrsn=31ce9d1d_3,1,https://www.centralbank.ie/docs/default-source/regulation/industry-market-sectors/securities-markets/short-selling-regulation/forms/registration-form.xlsx?sfvrsn=31ce9d1d_3,https://www.centralbank.ie/regulation/industry-market-sectors/securities-markets/short-selling-regulation/forms
ad8c15380b6ad486cf351e1fe5f59e1b5995c870844b066bdc3ceebc6db344fc,XLSX,34875,documents,,,files\www.centralbank.ie\_long\f66f5e3191d4d2e27cbd8602\table-of-significant-net-short-positions-in-shares__q-1c1e08.xlsx,https://www.centralbank.ie/docs/default-source/regulation/industry-market-sectors/securities-markets/short-selling-regulation/public-net-short-positions/table-of-significant-net-short-positions-in-shares.xlsx?sfvrsn=49c7d61d_968,1,https://www.centralbank.ie/docs/default-source/regulation/industry-market-sectors/securities-markets/short-selling-regulation/public-net-short-positions/table-of-significant-net-short-positions-in-shares.xlsx?sfvrsn=49c7d61d_968,https://www.centralbank.ie/regulation/industry-market-sectors/securities-markets/short-selling-regulation/public-net-short-positions
367d47a7512dda09348d6b99d84c6212de14b9d075b118ac5ec1d7ab9f4b7e8c,XLSX,259164,documents,,,files\www.centralbank.ie\_long\f40412fa933abb50ea80aabf\regulated-information-submission-form__q-bb850e9d5b__u-f4041.xlsx,https://www.centralbank.ie/docs/default-source/regulation/industry-market-sectors/securities-markets/transparency-regulation/forms/regulated-information-submission-form.xlsx?sfvrsn=be6ab61d_2,1,https://www.centralbank.ie/docs/default-source/regulation/industry-market-sectors/securities-markets/transparency-regulation/forms/regulated-information-submission-form.xlsx?sfvrsn=be6ab61d_2,https://www.centralbank.ie/regulation/industry-market-sectors/securities-markets/transparency-regulation/forms
3dd52d13b249ac7b865362f404ff6e7a0c287c547cfaf7b6210f7e29cb31129d,XLSX,253329,documents,,,files\www.centralbank.ie\_long\fcb54fe653b77b5dfd08f7bc\tr1---submission-form__q-a79508f911__u-fcb54fe653b7.xlsx,https://www.centralbank.ie/docs/default-source/regulation/industry-market-sectors/securities-markets/transparency-regulation/forms/tr1---submission-form.xlsx?sfvrsn=5a69b61d_4,1,https://www.centralbank.ie/docs/default-source/regulation/industry-market-sectors/securities-markets/transparency-regulation/forms/tr1---submission-form.xlsx?sfvrsn=5a69b61d_4,https://www.centralbank.ie/regulation/industry-market-sectors/securities-markets/transparency-regulation/forms
bbe1525d8faa17a5bba0e27d383cb2a99a9fcc7dfd00bf1c5cc5b9b21bd2b3c2,XLSX,138052,documents,,,files\www.centralbank.ie\_long\34e5c04b300b0f59a9d1eace\crypto-assets-service-providers-return-excel-form__q-b9a1923.xlsx,https://www.centralbank.ie/docs/default-source/regulation/micar/crypto-assets-service-providers-return-excel-form.xlsx?sfvrsn=33e7731a_2,1,https://www.centralbank.ie/docs/default-source/regulation/micar/crypto-assets-service-providers-return-excel-form.xlsx?sfvrsn=33e7731a_2,https://www.centralbank.ie/regulation/markets-in-crypto-assets-regulation/regulatory-reporting
2644efe0b8bb108bad8b8615e63e60932b19d99b8511d3a5e281b3b083c480c3,XLSX,308867,documents,,,files\www.centralbank.ie\_long\99ce363598fc2e39d6849c3a\micar-title-ii-other-crypto-assets-submission-template__q-03.xlsx,https://www.centralbank.ie/docs/default-source/regulation/micar/micar-title-ii-other-crypto-assets-submission-template.xlsx?sfvrsn=7be691a_4,1,https://www.centralbank.ie/docs/default-source/regulation/micar/micar-title-ii-other-crypto-assets-submission-template.xlsx?sfvrsn=7be691a_4,https://www.centralbank.ie/regulation/markets-in-crypto-assets-regulation
e28a6b22d8b41b9034eb7332959b9845f0eda7688e7d9878a73357b37680a938,XLSX,56605,documents,,,files\www.centralbank.ie\_long\0dbf2ff650b84d617b8085d9\insurance-outsourcing-register__q-2641083e29__u-0dbf2ff650b8.xlsx,https://www.centralbank.ie/docs/default-source/regulation/outsourcing-registers/insurance-outsourcing-register.xlsx?sfvrsn=bd2a941d_3,1,https://www.centralbank.ie/docs/default-source/regulation/outsourcing-registers/insurance-outsourcing-register.xlsx?sfvrsn=bd2a941d_3,https://www.centralbank.ie/regulation/outsourcing-registers-submission-requirements
9a53b22bd0d1f35a3dd872f397b6e66a822d8585236d5d16bae7e2b234d40e67,XLSX,59628,documents,,,files\www.centralbank.ie\_long\2de905f4366380aea966edd5\investment-outsourcing-register__q-6fb469e217__u-2de905f4366.xlsx,https://www.centralbank.ie/docs/default-source/regulation/outsourcing-registers/investment-outsourcing-register.xlsx?sfvrsn=b22a941d_3,1,https://www.centralbank.ie/docs/default-source/regulation/outsourcing-registers/investment-outsourcing-register.xlsx?sfvrsn=b22a941d_3,https://www.centralbank.ie/regulation/outsourcing-registers-submission-requirements
4074ece21c8a2f2c56220fb0ab4820c831ebe48624a5647a812d0e721c68df36,XLSX,56341,documents,,,files\www.centralbank.ie\_long\8b680bd318e382ed61ac2f70\lsi-outsourcing-register__q-62786ded57__u-8b680bd318e3.xlsx,https://www.centralbank.ie/docs/default-source/regulation/outsourcing-registers/lsi-outsourcing-register.xlsx?sfvrsn=af2a941d_3,1,https://www.centralbank.ie/docs/default-source/regulation/outsourcing-registers/lsi-outsourcing-register.xlsx?sfvrsn=af2a941d_3,https://www.centralbank.ie/regulation/outsourcing-registers-submission-requirements
3622fd5e3211ec994f037ccf3c789a2186537e9d7261b81d5981609aa5b9532a,XLSX,56222,documents,,,files\www.centralbank.ie\_long\98a1dc441e0b1519bce5792e\pmi-emi-outsourcing-register__q-4d84adbcbb__u-98a1dc441e0b.xlsx,https://www.centralbank.ie/docs/default-source/regulation/outsourcing-registers/pmi-emi-outsourcing-register.xlsx?sfvrsn=9c2a941d_3,1,https://www.centralbank.ie/docs/default-source/regulation/outsourcing-registers/pmi-emi-outsourcing-register.xlsx?sfvrsn=9c2a941d_3,https://www.centralbank.ie/regulation/outsourcing-registers-submission-requirements
0b5eeb079c8696755f7259e21e4609f3660c4ba422e5e9c8e908dd58cc59cada,XLSX,17985,documents,,,files\www.centralbank.ie\docs\default-source\regulation\psd2\article-36__q-640b4e9a8f__u-d661a396eeda.xlsx,https://www.centralbank.ie/docs/default-source/regulation/psd2/article-36.xlsx?sfvrsn=fe0621a_1,1,https://www.centralbank.ie/docs/default-source/regulation/psd2/article-36.xlsx?sfvrsn=fe0621a_1,https://www.centralbank.ie/regulation/psd2-overview/psd2
52d3af91ae203bee7332951f411e6b72a0b9b0324e9432c199a4ecd76435871d,XLSX,15793,documents,,,files\www.centralbank.ie\docs\default-source\regulation\psd2\article-68__q-62505e63a6__u-21b7846e92b1.xlsx,https://www.centralbank.ie/docs/default-source/regulation/psd2/article-68.xlsx?sfvrsn=62e0621a_1,1,https://www.centralbank.ie/docs/default-source/regulation/psd2/article-68.xlsx?sfvrsn=62e0621a_1,https://www.centralbank.ie/regulation/psd2-overview/psd2
1e13cecd658dd7f3248ebda19083db11bf1990a0f758314502e6e138daf0cc7f,XLSX,41662,documents,,,files\www.centralbank.ie\_long\4c04dc344f56c0a42e92c1c0\api-exemption-application-form__q-a4db8a8df2__u-4c04dc344f56.xlsx,https://www.centralbank.ie/docs/default-source/regulation/psd2/psd2-faq/api-exemption-application-form.xlsx?sfvrsn=f198b41d_4,1,https://www.centralbank.ie/docs/default-source/regulation/psd2/psd2-faq/api-exemption-application-form.xlsx?sfvrsn=f198b41d_4,https://www.centralbank.ie/regulation/psd2-overview/faq
9782b48f871b6a5b8ee2add69776c04f54c59efa2e851cdd43e85afc6db6e757,XLSX,53361,documents,,,files\www.centralbank.ie\_long\9e7c98a1f3b39cd5d546b41e\operational-and-security-risk-template__q-c7eb6a68e1__u-9e7c.xlsx,https://www.centralbank.ie/docs/default-source/regulation/psd2/psd2-faq/operational-and-security-risk-template.xlsx?sfvrsn=a691971d_1,1,https://www.centralbank.ie/docs/default-source/regulation/psd2/psd2-faq/operational-and-security-risk-template.xlsx?sfvrsn=a691971d_1,https://www.centralbank.ie/regulation/psd2-overview/faq
8c039440eb9fce3747f36700ec9d39b308b755e6515832f40e9c87374a19c173,XLSX,47163,documents,,,files\www.centralbank.ie\_long\fae739b325490b4e2b952b19\reporting-template-2020__q-1f638a4651__u-fae739b32549.xlsx,https://www.centralbank.ie/docs/default-source/regulation/psd2/psd2-faq/reporting-template-2020.xlsx?sfvrsn=7d1e931d_4,1,https://www.centralbank.ie/docs/default-source/regulation/psd2/psd2-faq/reporting-template-2020.xlsx?sfvrsn=7d1e931d_4,https://www.centralbank.ie/regulation/psd2-overview/psd2
f8e751b5cf2cda95b1afeab223421aaf7fa8e64bd5f106cc3681ad56ac9bc220,XLSX,4383132,documents,,,files\www.centralbank.ie\_long\e92a83efd5959934e0489e8e\reporting-template__q-630ad39c2b__u-e92a83efd595.xlsx,https://www.centralbank.ie/docs/default-source/regulation/psd2/psd2-faq/reporting-template.xlsx?sfvrsn=8703b61d_14,1,https://www.centralbank.ie/docs/default-source/regulation/psd2/psd2-faq/reporting-template.xlsx?sfvrsn=8703b61d_14,https://www.centralbank.ie/regulation/psd2-overview/psd2
480d04dcc0d7ea504a2314da7d5aef0f48888a2df6c114cc4a00947299eddbb8,XLSX,12516,documents,,,files\www.centralbank.ie\_long\0cabb4c4d6c5d3008bd63d17\figure-1-bnpl-use-in-the-past-year__q-14e5dcb180__u-0cabb4c4.xlsx,https://www.centralbank.ie/docs/default-source/research-exchange/staff-insights/buy-now-pay-later/figure-1-bnpl-use-in-the-past-year.xlsx?sfvrsn=2ba4691a_1,1,https://www.centralbank.ie/docs/default-source/research-exchange/staff-insights/buy-now-pay-later/figure-1-bnpl-use-in-the-past-year.xlsx?sfvrsn=2ba4691a_1,https://www.centralbank.ie/publication/research-publications/staff-insights/who-clicks-pay-later---financial-vulnerability-and-buy-now-pay-later-usage
8150cbbd1c95488fc7890b1e1ed6178979fc06722394d38f926c0130118d5651,XLSX,14575,documents,,,files\www.centralbank.ie\_long\af2942aadf9eb12118953a94\figure-2-bnpl-frequency-of-usage-in-the-past-year__q-140de98.xlsx,https://www.centralbank.ie/docs/default-source/research-exchange/staff-insights/buy-now-pay-later/figure-2-bnpl-frequency-of-usage-in-the-past-year.xlsx?sfvrsn=fa4691a_1,1,https://www.centralbank.ie/docs/default-source/research-exchange/staff-insights/buy-now-pay-later/figure-2-bnpl-frequency-of-usage-in-the-past-year.xlsx?sfvrsn=fa4691a_1,https://www.centralbank.ie/publication/research-publications/staff-insights/who-clicks-pay-later---financial-vulnerability-and-buy-now-pay-later-usage
7375e1aefd9021984dc2df5eb190fc89b71345adadbd1ad53fc3f4fda960608d,XLSX,14461,documents,,,files\www.centralbank.ie\_long\8b0048dc1c709034eb0fdce2\figure-3-bnpl-multi-provider-usage-in-the-past-year__q-84987.xlsx,https://www.centralbank.ie/docs/default-source/research-exchange/staff-insights/buy-now-pay-later/figure-3-bnpl-multi-provider-usage-in-the-past-year.xlsx?sfvrsn=7aa4691a_1,1,https://www.centralbank.ie/docs/default-source/research-exchange/staff-insights/buy-now-pay-later/figure-3-bnpl-multi-provider-usage-in-the-past-year.xlsx?sfvrsn=7aa4691a_1,https://www.centralbank.ie/publication/research-publications/staff-insights/who-clicks-pay-later---financial-vulnerability-and-buy-now-pay-later-usage
0c9c221f0b850f801c067e81d386f769b5918db8dd9ad7fbc50111cb82aa05f4,XLSX,12945,documents,,,files\www.centralbank.ie\_long\b5ec0c5e56d282799812fba8\figure-4-prediction-of-bnpl-usage-by-financial-behaviours__q.xlsx,https://www.centralbank.ie/docs/default-source/research-exchange/staff-insights/buy-now-pay-later/figure-4-prediction-of-bnpl-usage-by-financial-behaviours.xlsx?sfvrsn=53a4691a_1,1,https://www.centralbank.ie/docs/default-source/research-exchange/staff-insights/buy-now-pay-later/figure-4-prediction-of-bnpl-usage-by-financial-behaviours.xlsx?sfvrsn=53a4691a_1,https://www.centralbank.ie/publication/research-publications/staff-insights/who-clicks-pay-later---financial-vulnerability-and-buy-now-pay-later-usage
e26416bf1a0cb15e9f6abb9e075cea31c666ade66ff9ff01e27a3221ccd554ad,XLSX,12830,documents,,,files\www.centralbank.ie\_long\b6ced68fc2e06b213ad854ef\figure-5-prediction-of-bnpl-use-of-more-than-5-times-by-fina.xlsx,https://www.centralbank.ie/docs/default-source/research-exchange/staff-insights/buy-now-pay-later/figure-5-prediction-of-bnpl-use-of-more-than-5-times-by-financial-behaviours.xlsx?sfvrsn=faa4691a_1,1,https://www.centralbank.ie/docs/default-source/research-exchange/staff-insights/buy-now-pay-later/figure-5-prediction-of-bnpl-use-of-more-than-5-times-by-financial-behaviours.xlsx?sfvrsn=faa4691a_1,https://www.centralbank.ie/publication/research-publications/staff-insights/who-clicks-pay-later---financial-vulnerability-and-buy-now-pay-later-usage
1c2bb5762311ef9da06f82f7d47f4eb6a2f8b5f62b74493a5d4b635a1e1ca3e1,XLSX,12851,documents,,,files\www.centralbank.ie\_long\75d1058b210a6a07645b5cf3\figure-6-prediction-of-bnpl-use-more-than-one-provider-by-fi.xlsx,https://www.centralbank.ie/docs/default-source/research-exchange/staff-insights/buy-now-pay-later/figure-6-prediction-of-bnpl-use-more-than-one-provider-by-financial-behaviours.xlsx?sfvrsn=fda4691a_1,1,https://www.centralbank.ie/docs/default-source/research-exchange/staff-insights/buy-now-pay-later/figure-6-prediction-of-bnpl-use-more-than-one-provider-by-financial-behaviours.xlsx?sfvrsn=fda4691a_1,https://www.centralbank.ie/publication/research-publications/staff-insights/who-clicks-pay-later---financial-vulnerability-and-buy-now-pay-later-usage
d945f768eebc6b464820f767b4acda84610dfb6f61efb5d985e0554af24863b1,XLSX,12837,documents,,,files\www.centralbank.ie\_long\7a73969f4b09cf2dea071106\figure-7-prediction-of-bnpl-use-in-the-past-year-by-borrower.xlsx,https://www.centralbank.ie/docs/default-source/research-exchange/staff-insights/buy-now-pay-later/figure-7-prediction-of-bnpl-use-in-the-past-year-by-borrower-behaviours.xlsx?sfvrsn=f4a4691a_1,1,https://www.centralbank.ie/docs/default-source/research-exchange/staff-insights/buy-now-pay-later/figure-7-prediction-of-bnpl-use-in-the-past-year-by-borrower-behaviours.xlsx?sfvrsn=f4a4691a_1,https://www.centralbank.ie/publication/research-publications/staff-insights/who-clicks-pay-later---financial-vulnerability-and-buy-now-pay-later-usage
9ea7969e443e649e64edd2a5bf688312ffd1b5b45d9377bb2f1d322adea888a8,XLSX,12744,documents,,,files\www.centralbank.ie\_long\922f05bc1052278923fc9617\figure-8-prediction-of-bnpl-use-more-than-5-times-by-borrowe.xlsx,https://www.centralbank.ie/docs/default-source/research-exchange/staff-insights/buy-now-pay-later/figure-8-prediction-of-bnpl-use-more-than-5-times-by-borrower-behaviours.xlsx?sfvrsn=e6a4691a_1,1,https://www.centralbank.ie/docs/default-source/research-exchange/staff-insights/buy-now-pay-later/figure-8-prediction-of-bnpl-use-more-than-5-times-by-borrower-behaviours.xlsx?sfvrsn=e6a4691a_1,https://www.centralbank.ie/publication/research-publications/staff-insights/who-clicks-pay-later---financial-vulnerability-and-buy-now-pay-later-usage
a614d69a460f8200be01a0426703a12b74015969f087c0806b49c1c1ce43683f,XLSX,12759,documents,,,files\www.centralbank.ie\_long\247b9b6cfc16efd53b26b03c\figure-9-prediction-of-multiple-bnpl-providers-at-a-time-by-.xlsx,https://www.centralbank.ie/docs/default-source/research-exchange/staff-insights/buy-now-pay-later/figure-9-prediction-of-multiple-bnpl-providers-at-a-time-by-borrower-behaviours.xlsx?sfvrsn=c2a4691a_1,1,https://www.centralbank.ie/docs/default-source/research-exchange/staff-insights/buy-now-pay-later/figure-9-prediction-of-multiple-bnpl-providers-at-a-time-by-borrower-behaviours.xlsx?sfvrsn=c2a4691a_1,https://www.centralbank.ie/publication/research-publications/staff-insights/who-clicks-pay-later---financial-vulnerability-and-buy-now-pay-later-usage
7eca279d4cf05815a3cb920736641d1403d75ab4aaf2f6284dbb8b2d3423fbb4,XLSX,14725,documents,,,files\www.centralbank.ie\_long\01fdfba2a07ffb72f5a96c03\figure-1---data__q-023601b976__u-01fdfba2a07f.xlsx,https://www.centralbank.ie/docs/default-source/research-exchange/staff-insights/energy-retrofitting/figure-1---data.xlsx?sfvrsn=53bb711a_2,1,https://www.centralbank.ie/docs/default-source/research-exchange/staff-insights/energy-retrofitting/figure-1---data.xlsx?sfvrsn=53bb711a_2,https://www.centralbank.ie/publication/research-publications/staff-insights/financing-options-energy-retrofits-irish-mortgage-holders
955f083e5f4b00f0f903e0084870dcfedafeface9ccf940d747db2a4112980d4,XLSX,13708,documents,,,files\www.centralbank.ie\_long\65600e676d57634487eab232\figure-2---data__q-a9a5dd213e__u-65600e676d57.xlsx,https://www.centralbank.ie/docs/default-source/research-exchange/staff-insights/energy-retrofitting/figure-2---data.xlsx?sfvrsn=ad44761a_2,1,https://www.centralbank.ie/docs/default-source/research-exchange/staff-insights/energy-retrofitting/figure-2---data.xlsx?sfvrsn=ad44761a_2,https://www.centralbank.ie/publication/research-publications/staff-insights/financing-options-energy-retrofits-irish-mortgage-holders
e7261b14c984fd9e212bf85ed75d090ba6786b5c1f1dd7807091ea752e17a1c9,XLSX,14753,documents,,,files\www.centralbank.ie\_long\f0649d30a6b3e0530e2918e1\figure-3---data__q-6fc1ffaf86__u-f0649d30a6b3.xlsx,https://www.centralbank.ie/docs/default-source/research-exchange/staff-insights/energy-retrofitting/figure-3---data.xlsx?sfvrsn=a844761a_1,1,https://www.centralbank.ie/docs/default-source/research-exchange/staff-insights/energy-retrofitting/figure-3---data.xlsx?sfvrsn=a844761a_1,https://www.centralbank.ie/publication/research-publications/staff-insights/financing-options-energy-retrofits-irish-mortgage-holders
da86979440fda56221df41848677d2f6f076d02e64f811c1f294186389351aa7,XLSX,13898,documents,,,files\www.centralbank.ie\_long\93b021e327bcaa535b608796\figure-4---data__q-a7098e7e4e__u-93b021e327bc.xlsx,https://www.centralbank.ie/docs/default-source/research-exchange/staff-insights/energy-retrofitting/figure-4---data.xlsx?sfvrsn=ae44761a_2,1,https://www.centralbank.ie/docs/default-source/research-exchange/staff-insights/energy-retrofitting/figure-4---data.xlsx?sfvrsn=ae44761a_2,https://www.centralbank.ie/publication/research-publications/staff-insights/financing-options-energy-retrofits-irish-mortgage-holders
97774188fb337c67bc3983697ebe1bf83aabbf46a37b23ab9463c4872720b0c2,XLSX,14270,documents,,,files\www.centralbank.ie\_long\6984ecddb5ab577f7d53b003\figure-5---data__q-03ab7f414b__u-6984ecddb5ab.xlsx,https://www.centralbank.ie/docs/default-source/research-exchange/staff-insights/energy-retrofitting/figure-5---data.xlsx?sfvrsn=a144761a_1,1,https://www.centralbank.ie/docs/default-source/research-exchange/staff-insights/energy-retrofitting/figure-5---data.xlsx?sfvrsn=a144761a_1,https://www.centralbank.ie/publication/research-publications/staff-insights/financing-options-energy-retrofits-irish-mortgage-holders
07cab0dffa78c0c8f9926356685354743fc7a3633a98553f2554b7c9bd1dd6b1,XLSX,16453,documents,,,files\www.centralbank.ie\_long\636c2f7baa8ef284d36fb470\figure-3__q-5bee5fec91__u-636c2f7baa8e.xlsx,https://www.centralbank.ie/docs/default-source/research-exchange/staff-insights/flood-risk--interest-rates-and-collateral-requirements/figure-3.xlsx?sfvrsn=8dca731a_1,1,https://www.centralbank.ie/docs/default-source/research-exchange/staff-insights/flood-risk--interest-rates-and-collateral-requirements/figure-3.xlsx?sfvrsn=8dca731a_1,https://www.centralbank.ie/publication/research-publications/staff-insights/flood-risk--interest-rates-and-collateral-requirements--evidence-from-irish-firms
a58d02abae2e11767b000dc2ec067445e28597808b0e013c568e573a87946c1c,XLSX,13199,documents,,,files\www.centralbank.ie\_long\0cbf5f73bf41f67407baf13e\figure-4__q-cd19bf7269__u-0cbf5f73bf41.xlsx,https://www.centralbank.ie/docs/default-source/research-exchange/staff-insights/flood-risk--interest-rates-and-collateral-requirements/figure-4.xlsx?sfvrsn=8eca731a_1,1,https://www.centralbank.ie/docs/default-source/research-exchange/staff-insights/flood-risk--interest-rates-and-collateral-requirements/figure-4.xlsx?sfvrsn=8eca731a_1,https://www.centralbank.ie/publication/research-publications/staff-insights/flood-risk--interest-rates-and-collateral-requirements--evidence-from-irish-firms
3541764cec75aa383d4fa0148367dcd18f7fd35ce78af25c233c13930d779a8c,XLSX,13165,documents,,,files\www.centralbank.ie\_long\04bff6ae4639edc6cd2fb267\figure-5__q-fd9bf7331c__u-04bff6ae4639.xlsx,https://www.centralbank.ie/docs/default-source/research-exchange/staff-insights/flood-risk--interest-rates-and-collateral-requirements/figure-5.xlsx?sfvrsn=83ca731a_1,1,https://www.centralbank.ie/docs/default-source/research-exchange/staff-insights/flood-risk--interest-rates-and-collateral-requirements/figure-5.xlsx?sfvrsn=83ca731a_1,https://www.centralbank.ie/publication/research-publications/staff-insights/flood-risk--interest-rates-and-collateral-requirements--evidence-from-irish-firms
e6470847fe8801a12458811984b83f09be921d70b2a4ad08701f962f7a947b10,XLSX,13167,documents,,,files\www.centralbank.ie\_long\c449d164ecfd59cb8aed1f52\figure-6__q-bc9c2c8d04__u-c449d164ecfd.xlsx,https://www.centralbank.ie/docs/default-source/research-exchange/staff-insights/flood-risk--interest-rates-and-collateral-requirements/figure-6.xlsx?sfvrsn=b0ca731a_1,1,https://www.centralbank.ie/docs/default-source/research-exchange/staff-insights/flood-risk--interest-rates-and-collateral-requirements/figure-6.xlsx?sfvrsn=b0ca731a_1,https://www.centralbank.ie/publication/research-publications/staff-insights/flood-risk--interest-rates-and-collateral-requirements--evidence-from-irish-firms
0946f2650a3d81a9cba35710aa23fffddc814d115e3d0d4e9ff9b5bdebc9b680,XLSX,198513,documents,,,files\www.centralbank.ie\_long\f1e2e7e845b679310fcf4f54\fig-1-auroc-final-and-table-2-ranking-under-auroc__q-44caf25.xlsx,https://www.centralbank.ie/docs/default-source/research-exchange/staff-insights/monitoring-financial-stability-risks/fig-1-auroc-final-and-table-2-ranking-under-auroc.xlsx?sfvrsn=e435711a_1,1,https://www.centralbank.ie/docs/default-source/research-exchange/staff-insights/monitoring-financial-stability-risks/fig-1-auroc-final-and-table-2-ranking-under-auroc.xlsx?sfvrsn=e435711a_1,https://www.centralbank.ie/publication/research-publications/staff-insights/monitoring-financial-stability-risks-using-uncertainty-indicators
967ae6c8c98b7017531527f160edf334053a4e560019d72a16b97836923786ce,XLSX,175789,documents,,,files\www.centralbank.ie\_long\beea7110e30f9f3c8121d824\figure-2a-and-2b-final-in-sip-format-gar-coeffs-and-conf-int.xlsx,https://www.centralbank.ie/docs/default-source/research-exchange/staff-insights/monitoring-financial-stability-risks/figure-2a-and-2b-final-in-sip-format-gar-coeffs-and-conf-intervals.xlsx?sfvrsn=d935711a_1,1,https://www.centralbank.ie/docs/default-source/research-exchange/staff-insights/monitoring-financial-stability-risks/figure-2a-and-2b-final-in-sip-format-gar-coeffs-and-conf-intervals.xlsx?sfvrsn=d935711a_1,https://www.centralbank.ie/publication/research-publications/staff-insights/monitoring-financial-stability-risks-using-uncertainty-indicators
7ac1a4eeb0957921241d2eb3287ed8f231257f4679d56ee5d66bc5ccab0b64a9,XLSX,98945,documents,,,files\www.centralbank.ie\_long\fb2cc7ec49ec65e5ea22183a\figure-3-final-in-sip-output-distributional-effects__q-4622d.xlsx,https://www.centralbank.ie/docs/default-source/research-exchange/staff-insights/monitoring-financial-stability-risks/figure-3-final-in-sip-output-distributional-effects.xlsx?sfvrsn=ff35711a_1,1,https://www.centralbank.ie/docs/default-source/research-exchange/staff-insights/monitoring-financial-stability-risks/figure-3-final-in-sip-output-distributional-effects.xlsx?sfvrsn=ff35711a_1,https://www.centralbank.ie/publication/research-publications/staff-insights/monitoring-financial-stability-risks-using-uncertainty-indicators
fa4f72e1ad1d606dc23846a948fcdab66b3a8904f58212bb5a4bad7570e6f4f9,XLSX,28548,documents,,,files\www.centralbank.ie\_long\25dce8fc75a246d2a36019d1\figure-4-final-var-barchart__q-32fbae0036__u-25dce8fc75a2.xlsx,https://www.centralbank.ie/docs/default-source/research-exchange/staff-insights/monitoring-financial-stability-risks/figure-4-final-var-barchart.xlsx?sfvrsn=fe35711a_1,1,https://www.centralbank.ie/docs/default-source/research-exchange/staff-insights/monitoring-financial-stability-risks/figure-4-final-var-barchart.xlsx?sfvrsn=fe35711a_1,https://www.centralbank.ie/publication/research-publications/staff-insights/monitoring-financial-stability-risks-using-uncertainty-indicators
1e581b3aa84c0667922b0cbcac197f3c98f86b2dcc95b66b908f552f20e0dbe3,XLSX,32710,documents,,,files\www.centralbank.ie\_long\e6cb7f50b426d6e00fc83ff6\table-1-final-and-tables-a-and-b-final-of-staff-insights__q-.xlsx,https://www.centralbank.ie/docs/default-source/research-exchange/staff-insights/monitoring-financial-stability-risks/table-1-final-and-tables-a-and-b-final-of-staff-insights.xlsx?sfvrsn=f535711a_1,1,https://www.centralbank.ie/docs/default-source/research-exchange/staff-insights/monitoring-financial-stability-risks/table-1-final-and-tables-a-and-b-final-of-staff-insights.xlsx?sfvrsn=f535711a_1,https://www.centralbank.ie/publication/research-publications/staff-insights/monitoring-financial-stability-risks-using-uncertainty-indicators
21b0725e39c98ec663e7b2138b13b7e8a82a45896b9b0cdd58de0895c7c909e1,XLSX,49439,documents,,,files\www.centralbank.ie\_long\c5d1dfa3caf67688d0051a0c\staff_insight_chart_data---final__q-097a862970__u-c5d1dfa3ca.xlsx,https://www.centralbank.ie/docs/default-source/research-exchange/staff-insights/staff_insight_chart_data---final.xlsx?sfvrsn=f3711a_5,1,https://www.centralbank.ie/docs/default-source/research-exchange/staff-insights/staff_insight_chart_data---final.xlsx?sfvrsn=f3711a_5,https://www.centralbank.ie/publication/research-publications/staff-insights/tracing-energy-shocks-through-the-irish-supply-chain--a-new-monitoring-framework
f909c3622655a974990ee407bef9b1eb68be5c3bd07def72f52ae52d35a3ae83,XLSX,13887,documents,,,files\www.centralbank.ie\_long\6445a5b3acfb2d2bb3c20c81\figure-5__q-93c5486e41__u-6445a5b3acfb.xlsx,https://www.centralbank.ie/docs/default-source/research-exchange/staff-insights/watt's-it-worth/figure-5.xlsx?sfvrsn=e941761a_1,1,https://www.centralbank.ie/docs/default-source/research-exchange/staff-insights/watt's-it-worth/figure-5.xlsx?sfvrsn=e941761a_1,https://www.centralbank.ie/publication/research-publications/staff-insights/residential-energy-efficiency-premiums
e4d9c23ffce44ccfd6ab6dd57b5c5a2e7fd81e0f1d01e6a254cd8176f4ee7da5,XLSX,37400,documents,,,files\www.centralbank.ie\_long\8f6d06bbbbb8ac906b0eec45\gross_national_debt2a4214144644629bacc1ff0000269695__q-0155b.xlsx,https://www.centralbank.ie/docs/default-source/statistics/data-and-analysis/competitiveness-reserves-and-national-debt/gross-national-debt/gross_national_debt2a4214144644629bacc1ff0000269695.xlsx?sfvrsn=9306761a_0,1,https://www.centralbank.ie/docs/default-source/statistics/data-and-analysis/competitiveness-reserves-and-national-debt/gross-national-debt/gross_national_debt2a4214144644629bacc1ff0000269695.xlsx?sfvrsn=9306761a_0,https://www.centralbank.ie/statistics/data-and-analysis/competitiveness-reserves-and-national-debt
cec3b92d857f3693e8471c6f1f55d58da89926d6bfcaa5e16b78bf964ed2252a,XLSX,33961,documents,,,files\www.centralbank.ie\_long\b6bda9e9191f8cf00055837d\harmonised-competitiveness-indicators-for-ireland__q-68d4602.xlsx,https://www.centralbank.ie/docs/default-source/statistics/data-and-analysis/competitiveness-reserves-and-national-debt/harmonised-competitiveness-indicators-for-ireland.xlsx?sfvrsn=eed4b91d_76,1,https://www.centralbank.ie/docs/default-source/statistics/data-and-analysis/competitiveness-reserves-and-national-debt/harmonised-competitiveness-indicators-for-ireland.xlsx?sfvrsn=eed4b91d_76,https://www.centralbank.ie/statistics/data-and-analysis/competitiveness-reserves-and-national-debt
780009d6cee273227ac886ecbe627b5a80bc062d92c9a02b017d1cdd30e64343,XLSX,26142,documents,,,files\www.centralbank.ie\_long\ad75cba751ac0d5859e40b65\official-external-reserves__q-22f8649601__u-ad75cba751ac.xlsx,https://www.centralbank.ie/docs/default-source/statistics/data-and-analysis/competitiveness-reserves-and-national-debt/official-external-reserves/official-external-reserves.xlsx?sfvrsn=be71d41d_492,1,https://www.centralbank.ie/docs/default-source/statistics/data-and-analysis/competitiveness-reserves-and-national-debt/official-external-reserves/official-external-reserves.xlsx?sfvrsn=be71d41d_492,https://www.centralbank.ie/statistics/data-and-analysis/competitiveness-reserves-and-national-debt
9375b670b323411deb8eba0e4293a52b1a66ea90f55ceb30af72d3e5ce2b288d,XLSX,41432,documents,,,files\www.centralbank.ie\_long\4dd626c8a45c18e6b7a7bf8e\template-on-international-reserves__q-5b072996db__u-4dd626c8.xlsx,https://www.centralbank.ie/docs/default-source/statistics/data-and-analysis/competitiveness-reserves-and-national-debt/official-external-reserves/template-on-international-reserves.xlsx?sfvrsn=3332b11d_384,1,https://www.centralbank.ie/docs/default-source/statistics/data-and-analysis/competitiveness-reserves-and-national-debt/official-external-reserves/template-on-international-reserves.xlsx?sfvrsn=3332b11d_384,https://www.centralbank.ie/statistics/data-and-analysis/competitiveness-reserves-and-national-debt
4472213e66ad3e1790fe345854d169eff27940018871063e614582efcf5fbd56,XLSX,39669,documents,,,files\www.centralbank.ie\_long\c0f4f4047982c753bef97ec7\table-a.23-account-migration-statistics__q-6b2b420d64__u-c0f.xlsx,https://www.centralbank.ie/docs/default-source/statistics/data-and-analysis/credit-and-banking-statistics/account-migration-project/table-a.23-account-migration-statistics.xlsx?sfvrsn=3601951d_10,1,https://www.centralbank.ie/docs/default-source/statistics/data-and-analysis/credit-and-banking-statistics/account-migration-project/table-a.23-account-migration-statistics.xlsx?sfvrsn=3601951d_10,https://www.centralbank.ie/statistics/data-and-analysis/credit-and-banking-statistics/account-migration-statistics
5c70758e91ed673bbef7f97a97f75eaa3c30df0c6a5dfcfd1d97afaba80f14d7,XLSX,284166,documents,,,files\www.centralbank.ie\_long\4f3d33bfa321fc72f7cd2c04\ie_table_a-10_private_sector_credit_advanced_to_irish_reside.xlsx,https://www.centralbank.ie/docs/default-source/statistics/data-and-analysis/credit-and-banking-statistics/bank-balance-sheets/bank-balance-sheets-data/ie_table_a-10_private_sector_credit_advanced_to_irish_residents.xlsx?sfvrsn=50d59f1d_113,1,https://www.centralbank.ie/docs/default-source/statistics/data-and-analysis/credit-and-banking-statistics/bank-balance-sheets/bank-balance-sheets-data/ie_table_a-10_private_sector_credit_advanced_to_irish_residents.xlsx?sfvrsn=50d59f1d_113,https://www.centralbank.ie/statistics/data-and-analysis/credit-and-banking-statistics/bank-balance-sheets/bank-balance-sheets-data
f11df16c1e2b6535cb49610a0ce5b7ff5c6dc85e84d5d5ba7feefb475bc4e3fd,XLSX,358159,documents,,,files\www.centralbank.ie\_long\a487865dc4f1f860cb94ca94\ie_table_a-11-1_deposits_from_irish_private_sector_-_sector_.xlsx,https://www.centralbank.ie/docs/default-source/statistics/data-and-analysis/credit-and-banking-statistics/bank-balance-sheets/bank-balance-sheets-data/ie_table_a-11-1_deposits_from_irish_private_sector_-_sector_and_category.xlsx?sfvrsn=24d59f1d_120,2,https://www.centralbank.ie/docs/default-source/statistics/data-and-analysis/credit-and-banking-statistics/bank-balance-sheets/bank-balance-sheets-data/ie_table_a-11-1_deposits_from_irish_private_sector_-_sector_and_category.xlsx?sfvrsn=24d59f1d_120 | https://www.centralbank.ie/docs/default-source/statistics/data-and-analysis/credit-and-banking-statistics/bank-balance-sheets/bank-balance-sheets-data/ie_table_a-11-1_deposits_from_irish_private_sector_-_sector_and_category.xlsx?sfvrsn=24d59f1d_99,https://www.centralbank.ie/statistics/data-and-analysis/credit-and-banking-statistics/bank-balance-sheets | https://www.centralbank.ie/statistics/data-and-analysis/credit-and-banking-statistics/bank-balance-sheets/bank-balance-sheets-data
422a0c76ab18cf8ea20d0b28ccaf50d2293babe826d3e51e92109253e5a82d24,XLSX,290476,documents,,,files\www.centralbank.ie\_long\8044864986995ef95a8648e8\ie_table_a-11_deposits_from_irish_private_sector_-_category_.xlsx,https://www.centralbank.ie/docs/default-source/statistics/data-and-analysis/credit-and-banking-statistics/bank-balance-sheets/bank-balance-sheets-data/ie_table_a-11_deposits_from_irish_private_sector_-_category.xlsx?sfvrsn=76d59f1d_114,1,https://www.centralbank.ie/docs/default-source/statistics/data-and-analysis/credit-and-banking-statistics/bank-balance-sheets/bank-balance-sheets-data/ie_table_a-11_deposits_from_irish_private_sector_-_category.xlsx?sfvrsn=76d59f1d_114,https://www.centralbank.ie/statistics/data-and-analysis/credit-and-banking-statistics/bank-balance-sheets/bank-balance-sheets-data
fc2fd9fc75c95f579d7e8eeb43a2ee0962e43fd5716b81e59d3070268c8b23f1,XLSX,320394,documents,,,files\www.centralbank.ie\_long\be71fecb2fa86711515d1f8f\ie_table_a-12-1_deposits_from_non-residents_-_sector__q-401d.xlsx,https://www.centralbank.ie/docs/default-source/statistics/data-and-analysis/credit-and-banking-statistics/bank-balance-sheets/bank-balance-sheets-data/ie_table_a-12-1_deposits_from_non-residents_-_sector.xlsx?sfvrsn=f4d59f1d_115,1,https://www.centralbank.ie/docs/default-source/statistics/data-and-analysis/credit-and-banking-statistics/bank-balance-sheets/bank-balance-sheets-data/ie_table_a-12-1_deposits_from_non-residents_-_sector.xlsx?sfvrsn=f4d59f1d_115,https://www.centralbank.ie/statistics/data-and-analysis/credit-and-banking-statistics/bank-balance-sheets/bank-balance-sheets-data
6be4aa81c9e792481adb14836f51bba7ed7f8d39ae4606728cbd7c858eabd600,XLSX,305652,documents,,,files\www.centralbank.ie\_long\812c0ee0ce4e3d4259e72460\ie_table_a-12-2_deposits_from_non-resident_private_sector_-_.xlsx,https://www.centralbank.ie/docs/default-source/statistics/data-and-analysis/credit-and-banking-statistics/bank-balance-sheets/bank-balance-sheets-data/ie_table_a-12-2_deposits_from_non-resident_private_sector_-_category.xlsx?sfvrsn=a0d59f1d_112,1,https://www.centralbank.ie/docs/default-source/statistics/data-and-analysis/credit-and-banking-statistics/bank-balance-sheets/bank-balance-sheets-data/ie_table_a-12-2_deposits_from_non-resident_private_sector_-_category.xlsx?sfvrsn=a0d59f1d_112,https://www.centralbank.ie/statistics/data-and-analysis/credit-and-banking-statistics/bank-balance-sheets/bank-balance-sheets-data
273266d19494cc2bfa88b8a83bd3855ac17d1805a9b9a1f773dd54a7993b3165,XLSX,318223,documents,,,files\www.centralbank.ie\_long\75de93054b9792c5723a8f6c\ie_table_a-1_summary_irish_private_sector_credit_and_deposit.xlsx,https://www.centralbank.ie/docs/default-source/statistics/data-and-analysis/credit-and-banking-statistics/bank-balance-sheets/bank-balance-sheets-data/ie_table_a-1_summary_irish_private_sector_credit_and_deposits.xlsx?sfvrsn=3e1aae1d_264,2,https://www.centralbank.ie/docs/default-source/statistics/data-and-analysis/credit-and-banking-statistics/bank-balance-sheets/bank-balance-sheets-data/ie_table_a-1_summary_irish_private_sector_credit_and_deposits.xlsx?sfvrsn=3e1aae1d_264 | https://www.centralbank.ie/docs/default-source/statistics/data-and-analysis/credit-and-banking-statistics/bank-balance-sheets/bank-balance-sheets-data/ie_table_a-1_summary_irish_private_sector_credit_and_deposits.xlsx?sfvrsn=3e1aae1d_287,https://www.centralbank.ie/statistics/data-and-analysis/credit-and-banking-statistics/bank-balance-sheets | https://www.centralbank.ie/statistics/data-and-analysis/credit-and-banking-statistics/bank-balance-sheets/bank-balance-sheets-data
ad3f1041cad0efa31a78d34fad2a805491fdbb198eb222a4b62228d170a3ec80,XLSX,224610,documents,,,files\www.centralbank.ie\_long\9478f450ae6f3d9364d4330c\ie_table_a-2_financial_statement_of_the_central_bank_of_irel.xlsx,https://www.centralbank.ie/docs/default-source/statistics/data-and-analysis/credit-and-banking-statistics/bank-balance-sheets/bank-balance-sheets-data/ie_table_a-2_financial_statement_of_the_central_bank_of_ireland.xlsx?sfvrsn=dae59f1d_117,1,https://www.centralbank.ie/docs/default-source/statistics/data-and-analysis/credit-and-banking-statistics/bank-balance-sheets/bank-balance-sheets-data/ie_table_a-2_financial_statement_of_the_central_bank_of_ireland.xlsx?sfvrsn=dae59f1d_117,https://www.centralbank.ie/statistics/data-and-analysis/credit-and-banking-statistics/bank-balance-sheets/bank-balance-sheets-data
42d426693c503fe57fd1a54a063df853a82e317d8ac36ca305d0d464d5261e21,XLSX,293309,documents,,,files\www.centralbank.ie\_long\3358575a76030bc16df20fb3\ie_table_a-3-1_money_supply_-_irish_residenta290fd134644629b.xlsx,https://www.centralbank.ie/docs/default-source/statistics/data-and-analysis/credit-and-banking-statistics/bank-balance-sheets/bank-balance-sheets-data/ie_table_a-3-1_money_supply_-_irish_residenta290fd134644629bacc1ff0200269695.xlsx?sfvrsn=19d49f1d_106,1,https://www.centralbank.ie/docs/default-source/statistics/data-and-analysis/credit-and-banking-statistics/bank-balance-sheets/bank-balance-sheets-data/ie_table_a-3-1_money_supply_-_irish_residenta290fd134644629bacc1ff0200269695.xlsx?sfvrsn=19d49f1d_106,https://www.centralbank.ie/statistics/data-and-analysis/credit-and-banking-statistics/bank-balance-sheets/bank-balance-sheets-data
286651e0da146802f74168f8a2f33c7e76e64ea011ef7e63e320846ed4a27292,XLSX,317100,documents,,,files\www.centralbank.ie\_long\4c9cfbecdd4ac41055d6e934\ie_table_a-3_money_supply_-_irish_contribution_to_euro_area_.xlsx,https://www.centralbank.ie/docs/default-source/statistics/data-and-analysis/credit-and-banking-statistics/bank-balance-sheets/bank-balance-sheets-data/ie_table_a-3_money_supply_-_irish_contribution_to_euro_area.xlsx?sfvrsn=2f3dae1d_290,1,https://www.centralbank.ie/docs/default-source/statistics/data-and-analysis/credit-and-banking-statistics/bank-balance-sheets/bank-balance-sheets-data/ie_table_a-3_money_supply_-_irish_contribution_to_euro_area.xlsx?sfvrsn=2f3dae1d_290,https://www.centralbank.ie/statistics/data-and-analysis/credit-and-banking-statistics/bank-balance-sheets/bank-balance-sheets-data
260081404aa5b19f3ea9450000bffda418d611260abcd7a2d25feb55c593f5a3,XLSX,229765,documents,,,files\www.centralbank.ie\_long\9e1b4ad4f114ed965c4a3062\ie_table_a-4-2_irish_headquartered_group_-_aggregate_balance.xlsx,https://www.centralbank.ie/docs/default-source/statistics/data-and-analysis/credit-and-banking-statistics/bank-balance-sheets/bank-balance-sheets-data/ie_table_a-4-2_irish_headquartered_group_-_aggregate_balance_sheet.xlsx?sfvrsn=b8d59f1d_116,1,https://www.centralbank.ie/docs/default-source/statistics/data-and-analysis/credit-and-banking-statistics/bank-balance-sheets/bank-balance-sheets-data/ie_table_a-4-2_irish_headquartered_group_-_aggregate_balance_sheet.xlsx?sfvrsn=b8d59f1d_116,https://www.centralbank.ie/statistics/data-and-analysis/credit-and-banking-statistics/bank-balance-sheets/bank-balance-sheets-data
bab4c432798f31d60988437ef495c626adc73894e801c0fddace15608a11c983,XLSX,240610,documents,,,files\www.centralbank.ie\_long\f6b2a57eb3b5eee2154ff9df\ie_table_a-4_credit_institutions_-_aggregate_balance_sheet__.xlsx,https://www.centralbank.ie/docs/default-source/statistics/data-and-analysis/credit-and-banking-statistics/bank-balance-sheets/bank-balance-sheets-data/ie_table_a-4_credit_institutions_-_aggregate_balance_sheet.xlsx?sfvrsn=2d49f1d_115,1,https://www.centralbank.ie/docs/default-source/statistics/data-and-analysis/credit-and-banking-statistics/bank-balance-sheets/bank-balance-sheets-data/ie_table_a-4_credit_institutions_-_aggregate_balance_sheet.xlsx?sfvrsn=2d49f1d_115,https://www.centralbank.ie/statistics/data-and-analysis/credit-and-banking-statistics/bank-balance-sheets/bank-balance-sheets-data
ad2b12d9ae9e62132809fed5264e3a08632b46bfdb551989f18640b32128e4b8,XLSX,304103,documents,,,files\www.centralbank.ie\_long\52994530c986f7ccb894b382\ie_table_a-5-1_loans_to_irish_households_-_purpose_and_matur.xlsx,https://www.centralbank.ie/docs/default-source/statistics/data-and-analysis/credit-and-banking-statistics/bank-balance-sheets/bank-balance-sheets-data/ie_table_a-5-1_loans_to_irish_households_-_purpose_and_maturity.xlsx?sfvrsn=dfd59f1d_121,1,https://www.centralbank.ie/docs/default-source/statistics/data-and-analysis/credit-and-banking-statistics/bank-balance-sheets/bank-balance-sheets-data/ie_table_a-5-1_loans_to_irish_households_-_purpose_and_maturity.xlsx?sfvrsn=dfd59f1d_121,https://www.centralbank.ie/statistics/data-and-analysis/credit-and-banking-statistics/bank-balance-sheets/bank-balance-sheets-data
03e7d7f439854eaaf9a437d0b63f1dcad861ac5bac81dd957b467aba2815f99a,XLSX,362889,documents,,,files\www.centralbank.ie\_long\c3ee81f85cad5e777161ee4f\ie_table_a-5_loans_to_irish_private_sector_-_sector_and_matu.xlsx,https://www.centralbank.ie/docs/default-source/statistics/data-and-analysis/credit-and-banking-statistics/bank-balance-sheets/bank-balance-sheets-data/ie_table_a-5_loans_to_irish_private_sector_-_sector_and_maturity.xlsx?sfvrsn=8ad59f1d_119,2,https://www.centralbank.ie/docs/default-source/statistics/data-and-analysis/credit-and-banking-statistics/bank-balance-sheets/bank-balance-sheets-data/ie_table_a-5_loans_to_irish_private_sector_-_sector_and_maturity.xlsx?sfvrsn=8ad59f1d_119 | https://www.centralbank.ie/docs/default-source/statistics/data-and-analysis/credit-and-banking-statistics/bank-balance-sheets/bank-balance-sheets-data/ie_table_a-5_loans_to_irish_private_sector_-_sector_and_maturity.xlsx?sfvrsn=8ad59f1d_97,https://www.centralbank.ie/statistics/data-and-analysis/credit-and-banking-statistics/bank-balance-sheets | https://www.centralbank.ie/statistics/data-and-analysis/credit-and-banking-statistics/bank-balance-sheets/bank-balance-sheets-data
44cc7bfd8ea58065b8fe7e95bf88c1dd1e7c79469213922ac23f7d837f69b8cf,XLSX,259010,documents,,,files\www.centralbank.ie\_long\abed51558c52e496a4ad7b29\ie_table_a-6_loans_to_irish_residents_-_outstanding_amounts_.xlsx,https://www.centralbank.ie/docs/default-source/statistics/data-and-analysis/credit-and-banking-statistics/bank-balance-sheets/bank-balance-sheets-data/ie_table_a-6_loans_to_irish_residents_-_outstanding_amounts_incl-_securitised_loans.xlsx?sfvrsn=82709c1d_109,1,https://www.centralbank.ie/docs/default-source/statistics/data-and-analysis/credit-and-banking-statistics/bank-balance-sheets/bank-balance-sheets-data/ie_table_a-6_loans_to_irish_residents_-_outstanding_amounts_incl-_securitised_loans.xlsx?sfvrsn=82709c1d_109,https://www.centralbank.ie/statistics/data-and-analysis/credit-and-banking-statistics/bank-balance-sheets/bank-balance-sheets-data
746b6337562cf3135c4269e81c13c662f9798bf9c99b2eb546f9420d1ba084e3,XLSX,331011,documents,,,files\www.centralbank.ie\_long\4fb80c28bf1a36c23d2b7131\ie_table_a-7-1_loans_to_non-residents_-_other_euro_area__q-2.xlsx,https://www.centralbank.ie/docs/default-source/statistics/data-and-analysis/credit-and-banking-statistics/bank-balance-sheets/bank-balance-sheets-data/ie_table_a-7-1_loans_to_non-residents_-_other_euro_area.xlsx?sfvrsn=e9d69f1d_117,1,https://www.centralbank.ie/docs/default-source/statistics/data-and-analysis/credit-and-banking-statistics/bank-balance-sheets/bank-balance-sheets-data/ie_table_a-7-1_loans_to_non-residents_-_other_euro_area.xlsx?sfvrsn=e9d69f1d_117,https://www.centralbank.ie/statistics/data-and-analysis/credit-and-banking-statistics/bank-balance-sheets/bank-balance-sheets-data
a7ba7e471bdacda7bfcf3e74383f78ce14278b3cf1b2f97f5fecd4b3a623f5c0,XLSX,282164,documents,,,files\www.centralbank.ie\_long\0b668e6f0e948fc0835e23b6\ie_table_a-7-2_loans_to_non-residents_-_non-euro_area__q-258.xlsx,https://www.centralbank.ie/docs/default-source/statistics/data-and-analysis/credit-and-banking-statistics/bank-balance-sheets/bank-balance-sheets-data/ie_table_a-7-2_loans_to_non-residents_-_non-euro_area.xlsx?sfvrsn=8cd69f1d_113,1,https://www.centralbank.ie/docs/default-source/statistics/data-and-analysis/credit-and-banking-statistics/bank-balance-sheets/bank-balance-sheets-data/ie_table_a-7-2_loans_to_non-residents_-_non-euro_area.xlsx?sfvrsn=8cd69f1d_113,https://www.centralbank.ie/statistics/data-and-analysis/credit-and-banking-statistics/bank-balance-sheets/bank-balance-sheets-data
14dd77302ab84cbc650562f9f0424d6c0a146b61052337a9e09b952e8e99d3d0,XLSX,309024,documents,,,files\www.centralbank.ie\_long\51421bdee23db6f2714e2e79\ie_table_a-8_securities_held_by_credit_institutions_-_issued.xlsx,https://www.centralbank.ie/docs/default-source/statistics/data-and-analysis/credit-and-banking-statistics/bank-balance-sheets/bank-balance-sheets-data/ie_table_a-8_securities_held_by_credit_institutions_-_issued_by_irish_residents.xlsx?sfvrsn=a2d69f1d_113,1,https://www.centralbank.ie/docs/default-source/statistics/data-and-analysis/credit-and-banking-statistics/bank-balance-sheets/bank-balance-sheets-data/ie_table_a-8_securities_held_by_credit_institutions_-_issued_by_irish_residents.xlsx?sfvrsn=a2d69f1d_113,https://www.centralbank.ie/statistics/data-and-analysis/credit-and-banking-statistics/bank-balance-sheets/bank-balance-sheets-data
5a18d86afdf119517a2d23581fd9577c0f7b9508daa5562d1ef42f128560e18e,XLSX,345569,documents,,,files\www.centralbank.ie\_long\d9c81786f3a0773955259a45\ie_table_a-9_securities_held_by_credit_institutions_-_issued.xlsx,https://www.centralbank.ie/docs/default-source/statistics/data-and-analysis/credit-and-banking-statistics/bank-balance-sheets/bank-balance-sheets-data/ie_table_a-9_securities_held_by_credit_institutions_-_issued_by_non-residents.xlsx?sfvrsn=bad69f1d_121,1,https://www.centralbank.ie/docs/default-source/statistics/data-and-analysis/credit-and-banking-statistics/bank-balance-sheets/bank-balance-sheets-data/ie_table_a-9_securities_held_by_credit_institutions_-_issued_by_non-residents.xlsx?sfvrsn=bad69f1d_121,https://www.centralbank.ie/statistics/data-and-analysis/credit-and-banking-statistics/bank-balance-sheets/bank-balance-sheets-data
9f0227d2f972f5e8776cdea54d1ae4df3885b9528f2306f73a93113fcaa026f3,XLSX,238190,documents,,,files\www.centralbank.ie\_long\d160c308ec24b788423db1e7\irish-results-of-bis-triennial-derivatives-survey-turnover-a.xlsx,https://www.centralbank.ie/docs/default-source/statistics/data-and-analysis/credit-and-banking-statistics/bis-triennial-derivatives-survey/irish-results-of-bis-triennial-derivatives-survey-turnover-april-2019931fdf134644629bacc1ff0000269695.xlsx?sfvrsn=345bbd1d_5,1,https://www.centralbank.ie/docs/default-source/statistics/data-and-analysis/credit-and-banking-statistics/bis-triennial-derivatives-survey/irish-results-of-bis-triennial-derivatives-survey-turnover-april-2019931fdf134644629bacc1ff0000269695.xlsx?sfvrsn=345bbd1d_5,https://www.centralbank.ie/statistics/data-and-analysis/bis-triennial-derivatives-survey
bbb7f1239b1ee4cafb43524ecc49fa5ac1e071429596e51fbb6676ad3aeeb36e,XLSX,155619,documents,,,files\www.centralbank.ie\_long\ea326f04e98a7d714965845e\ie_table_a-13_credit_card_statistics__q-da4663084c__u-ea326f.xlsx,https://www.centralbank.ie/docs/default-source/statistics/data-and-analysis/credit-and-banking-statistics/credit-and-debit-card-statistics/credit-and-debit-card-statistics-data/ie_table_a-13_credit_card_statistics.xlsx?sfvrsn=1e9ed71d_223,1,https://www.centralbank.ie/docs/default-source/statistics/data-and-analysis/credit-and-banking-statistics/credit-and-debit-card-statistics/credit-and-debit-card-statistics-data/ie_table_a-13_credit_card_statistics.xlsx?sfvrsn=1e9ed71d_223,https://www.centralbank.ie/news/article/money-and-banking-statistics-march-2016
ebb8ad1cf574dfde08fa189c7eb23fbf6b291f9bf446ba1abecf08ceb9f969a6,XLSX,1931293,documents,,,files\www.centralbank.ie\_long\f7a73fe9e97906b1c74d820d\monthly-card-payment-statistics__q-c556e6d8ea__u-f7a73fe9e97.xlsx,https://www.centralbank.ie/docs/default-source/statistics/data-and-analysis/credit-and-banking-statistics/credit-and-debit-card-statistics/credit-and-debit-card-statistics-data/monthly-card-payment-statistics-/monthly-card-payment-statistics.xlsx?sfvrsn=91da611a_35,1,https://www.centralbank.ie/docs/default-source/statistics/data-and-analysis/credit-and-banking-statistics/credit-and-debit-card-statistics/credit-and-debit-card-statistics-data/monthly-card-payment-statistics-/monthly-card-payment-statistics.xlsx?sfvrsn=91da611a_35,https://www.centralbank.ie/statistics/data-and-analysis/monthly-card-payment-statistics
b298b10fae8d47b4ae16f8c2f567dd541e8e287cebeab89f85d8f6b3326483c6,XLSX,868569,documents,,,files\www.centralbank.ie\_long\f2dcd6de275055b4c09ee30f\payment-statistics---annual---discontinued__q-e942945929__u-.xlsx,https://www.centralbank.ie/docs/default-source/statistics/data-and-analysis/credit-and-banking-statistics/credit-and-debit-card-statistics/credit-and-debit-card-statistics-data/monthly-card-payment-statistics-/payment-statistics---annual---discontinued.xlsx?sfvrsn=b5f0631a_0,1,https://www.centralbank.ie/docs/default-source/statistics/data-and-analysis/credit-and-banking-statistics/credit-and-debit-card-statistics/credit-and-debit-card-statistics-data/monthly-card-payment-statistics-/payment-statistics---annual---discontinued.xlsx?sfvrsn=b5f0631a_0,https://www.centralbank.ie/statistics/data-and-analysis/payments-services-statistics
f94103a3079add6b1370a2b23540eda23561f17d8fca16761615810e8883b4a9,XLSX,185767,documents,,,files\www.centralbank.ie\_long\2649809873eaa3c65ff576a4\table-a-13-2-daily-card-payments-data__q-f16a4b882a__u-26498.xlsx,https://www.centralbank.ie/docs/default-source/statistics/data-and-analysis/credit-and-banking-statistics/credit-and-debit-card-statistics/credit-and-debit-card-statistics-data/table-a-13-2-daily-card-payments-data.xlsx?sfvrsn=90ef8a1d_171,1,https://www.centralbank.ie/docs/default-source/statistics/data-and-analysis/credit-and-banking-statistics/credit-and-debit-card-statistics/credit-and-debit-card-statistics-data/table-a-13-2-daily-card-payments-data.xlsx?sfvrsn=90ef8a1d_171,https://www.centralbank.ie/statistics/data-and-analysis/monthly-card-payment-statistics/daily-credit-and-debit-card-statistics
477cd9c3b8cbbd47c4ab6eae45231b0933e164421bcd34565df65efd54f135b6,XLSX,155669,documents,,,files\www.centralbank.ie\_long\178a2319d9d04fc967ac7aab\table-a-13-credit-and-debit-card-statistics---discontinued55.xlsx,https://www.centralbank.ie/docs/default-source/statistics/data-and-analysis/credit-and-banking-statistics/credit-and-debit-card-statistics/credit-and-debit-card-statistics-data/table-a-13-credit-and-debit-card-statistics---discontinued55c8fe134644629bacc1ff0200269695.xlsx?sfvrsn=ec8c9c1d_0,1,https://www.centralbank.ie/docs/default-source/statistics/data-and-analysis/credit-and-banking-statistics/credit-and-debit-card-statistics/credit-and-debit-card-statistics-data/table-a-13-credit-and-debit-card-statistics---discontinued55c8fe134644629bacc1ff0200269695.xlsx?sfvrsn=ec8c9c1d_0,https://www.centralbank.ie/statistics/data-and-analysis/monthly-card-payment-statistics
065b2c172347560b2557e7b240f04c2d5c998e4e0b4d5db5ffec78f56988c2bf,XLSX,28700,documents,,,files\www.centralbank.ie\_long\5f1640ecd373e2dd46a76a98\table-a-22-hhi__q-6298bd8ae2__u-5f1640ecd373.xlsx,https://www.centralbank.ie/docs/default-source/statistics/data-and-analysis/credit-and-banking-statistics/hhi-indicators/table-a-22-hhi.xlsx?sfvrsn=1d9dad1d_73,1,https://www.centralbank.ie/docs/default-source/statistics/data-and-analysis/credit-and-banking-statistics/hhi-indicators/table-a-22-hhi.xlsx?sfvrsn=1d9dad1d_73,https://www.centralbank.ie/statistics/data-and-analysis/credit-and-banking-statistics/hhi-indicators
c6af8b6f38975cecac6278ff10f5e42b54aa59d4fbc6379be3a95b869b317a35,XLSX,2017499,documents,,,files\www.centralbank.ie\_long\6f154b14632e5edeb6c81e24\moa-data-tables-new1a3d13144644629bacc1ff0000269695__q-7035e.xlsx,https://www.centralbank.ie/docs/default-source/statistics/data-and-analysis/credit-and-banking-statistics/mortgage-arrears/mortgage-arrears-data/moa-data-tables-new1a3d13144644629bacc1ff0000269695.xlsx?sfvrsn=a379711a_1,1,https://www.centralbank.ie/docs/default-source/statistics/data-and-analysis/credit-and-banking-statistics/mortgage-arrears/mortgage-arrears-data/moa-data-tables-new1a3d13144644629bacc1ff0000269695.xlsx?sfvrsn=a379711a_1,https://www.centralbank.ie/statistics/data-and-analysis/credit-and-banking-statistics/mortgage-arrears
87b764f0471ebb197fab26469f208a3d8da458f428badb1fbdc283cf487c195e,XLSX,443234,documents,,,files\www.centralbank.ie\_long\09619bcd2c8bb466eb7f9e00\ie_table_b-1-1_retail_interest_rates_-_deposits_outstanding_.xlsx,https://www.centralbank.ie/docs/default-source/statistics/data-and-analysis/credit-and-banking-statistics/retail-interest-rates/data/ie_table_b-1-1_retail_interest_rates_-_deposits_outstanding_amounts.xlsx?sfvrsn=764ddb1d_307,1,https://www.centralbank.ie/docs/default-source/statistics/data-and-analysis/credit-and-banking-statistics/retail-interest-rates/data/ie_table_b-1-1_retail_interest_rates_-_deposits_outstanding_amounts.xlsx?sfvrsn=764ddb1d_307,https://www.centralbank.ie/statistics/data-and-analysis/credit-and-banking-statistics/retail-interest-rates
98f59dc292e021ef0209a6cf9d8ccf191b3077daa9214ead0b1d6a6d0ddf3137,XLSX,309456,documents,,,files\www.centralbank.ie\_long\2c9129ab365415af3780c893\ie_table_b-1-2_retail_interest_rates_-_loans_outstanding_amo.xlsx,https://www.centralbank.ie/docs/default-source/statistics/data-and-analysis/credit-and-banking-statistics/retail-interest-rates/data/ie_table_b-1-2_retail_interest_rates_-_loans_outstanding_amounts.xlsx?sfvrsn=7fddda1d_312,1,https://www.centralbank.ie/docs/default-source/statistics/data-and-analysis/credit-and-banking-statistics/retail-interest-rates/data/ie_table_b-1-2_retail_interest_rates_-_loans_outstanding_amounts.xlsx?sfvrsn=7fddda1d_312,https://www.centralbank.ie/statistics/data-and-analysis/credit-and-banking-statistics/retail-interest-rates
6f6cdb6477cafa37259352d5da99cfb9a8c2c55f6e4dbaf3240187459df36f9f,XLSX,116110,documents,,,files\www.centralbank.ie\_long\260c197522ddc20aac208066\ie_table_b-2-1_retail_interest_rates_and_volumes_-_loans_and.xlsx,https://www.centralbank.ie/docs/default-source/statistics/data-and-analysis/credit-and-banking-statistics/retail-interest-rates/data/ie_table_b-2-1_retail_interest_rates_and_volumes_-_loans_and_deposits_new.xlsx?sfvrsn=59ddda1d_310,1,https://www.centralbank.ie/docs/default-source/statistics/data-and-analysis/credit-and-banking-statistics/retail-interest-rates/data/ie_table_b-2-1_retail_interest_rates_and_volumes_-_loans_and_deposits_new.xlsx?sfvrsn=59ddda1d_310,https://www.centralbank.ie/statistics/data-and-analysis/credit-and-banking-statistics/retail-interest-rates
26e440b761b5413ddbf191f3491e358b8d53abbf7887e971368be6d1a6edd457,XLSX,213522,documents,,,files\www.centralbank.ie\_long\a844cf7ba23dc741f53e52a9\ie_table_b-2-2_retail_interest_rates_and_volumes_-_renegotia.xlsx,https://www.centralbank.ie/docs/default-source/statistics/data-and-analysis/credit-and-banking-statistics/retail-interest-rates/data/ie_table_b-2-2_retail_interest_rates_and_volumes_-_renegotiated_loans-new.xlsx?sfvrsn=41ddda1d_312,1,https://www.centralbank.ie/docs/default-source/statistics/data-and-analysis/credit-and-banking-statistics/retail-interest-rates/data/ie_table_b-2-2_retail_interest_rates_and_volumes_-_renegotiated_loans-new.xlsx?sfvrsn=41ddda1d_312,https://www.centralbank.ie/statistics/data-and-analysis/credit-and-banking-statistics/retail-interest-rates
8c7a3601ee67da9a65da060963e4d1bb23d533c68eef8b35c490a7d76c39f3ae,XLSX,59927,documents,,,files\www.centralbank.ie\_long\527f67456258fed6277e70ee\ie_table_b-3-1_retail_interest_rates_and_volumes_-_loans_for.xlsx,https://www.centralbank.ie/docs/default-source/statistics/data-and-analysis/credit-and-banking-statistics/retail-interest-rates/data/ie_table_b-3-1_retail_interest_rates_and_volumes_-_loans_for_house_purchase.xlsx?sfvrsn=5cd2761a_3,1,https://www.centralbank.ie/docs/default-source/statistics/data-and-analysis/credit-and-banking-statistics/retail-interest-rates/data/ie_table_b-3-1_retail_interest_rates_and_volumes_-_loans_for_house_purchase.xlsx?sfvrsn=5cd2761a_3,https://www.centralbank.ie/statistics/data-and-analysis/credit-and-banking-statistics/retail-interest-rates
6e38024328818b11dbde25bd49fd8e014f7e25b310bebf29f914afa9a138a4a4,XLSX,6556881,documents,,,files\www.centralbank.ie\_long\a9040079f4f7edd98f507c67\financial-accounts-for-irelandf2fb13144644629bacc1ff00002696.xlsx,https://www.centralbank.ie/docs/default-source/statistics/data-and-analysis/financial-accounts/financial-accounts-data/qfa-data/financial-accounts-for-irelandf2fb13144644629bacc1ff0000269695.xlsx?sfvrsn=4bbf711a_0,1,https://www.centralbank.ie/docs/default-source/statistics/data-and-analysis/financial-accounts/financial-accounts-data/qfa-data/financial-accounts-for-irelandf2fb13144644629bacc1ff0000269695.xlsx?sfvrsn=4bbf711a_0,https://www.centralbank.ie/statistics/data-and-analysis/financial-accounts
9aa11c5e3e8baf3027a1513dcd689ef60dc3d0d61d6a435bb1f8badcdcbc6b9f,XLSX,10356495,documents,,,files\www.centralbank.ie\_long\7d5df65c15324572c52a9e64\whom-to-whom-tables1efc13144644629bacc1ff0000269695__q-4d639.xlsx,https://www.centralbank.ie/docs/default-source/statistics/data-and-analysis/financial-accounts/financial-accounts-data/qfa-data/whom-to-whom-tables1efc13144644629bacc1ff0000269695.xlsx?sfvrsn=a7b8711a_0,1,https://www.centralbank.ie/docs/default-source/statistics/data-and-analysis/financial-accounts/financial-accounts-data/qfa-data/whom-to-whom-tables1efc13144644629bacc1ff0000269695.xlsx?sfvrsn=a7b8711a_0,https://www.centralbank.ie/statistics/data-and-analysis/financial-accounts
d2338cf8e3ecbf55e7d864271ece902a37dd01d9f9e433eb04210bfca201bc0c,XLSX,70731,documents,,,files\www.centralbank.ie\_long\b4c6a5c3738e0ce3cee539b2\balance-sheet-of-irish-insurance-corporations__q-fd22c7b328_.xlsx,https://www.centralbank.ie/docs/default-source/statistics/data-and-analysis/insurance-corporations-statistics/insurance-corporations-statistics-data/balance-sheet-of-irish-insurance-corporations.xlsx?sfvrsn=ecfe681a_13,1,https://www.centralbank.ie/docs/default-source/statistics/data-and-analysis/insurance-corporations-statistics/insurance-corporations-statistics-data/balance-sheet-of-irish-insurance-corporations.xlsx?sfvrsn=ecfe681a_13,https://www.centralbank.ie/statistics/data-and-analysis/insurance-corporations-statistics
73a68cc2653c18e2013067285ebb53306eea9827c49ad888e58a1b298d91a1b9,XLSX,27675,documents,,,files\www.centralbank.ie\_long\50d5620dd9bb97364b08de13\premiums-claims-and-acquisition-expenses-statistics__q-c13ea.xlsx,https://www.centralbank.ie/docs/default-source/statistics/data-and-analysis/insurance-corporations-statistics/insurance-corporations-statistics-data/premiums-claims-and-acquisition-expenses-statistics.xlsx?sfvrsn=7a94691a_4,1,https://www.centralbank.ie/docs/default-source/statistics/data-and-analysis/insurance-corporations-statistics/insurance-corporations-statistics-data/premiums-claims-and-acquisition-expenses-statistics.xlsx?sfvrsn=7a94691a_4,https://www.centralbank.ie/statistics/data-and-analysis/insurance-corporations-statistics
b5d3b195581e603dc640d265775c64cd62fcc6256ebdd0da6351983d5bb5b356,XLSX,19790,documents,,,files\www.centralbank.ie\_long\4ca624981143e257f7618ba3\annex-1---settlement-channels-2015-to-2018__q-b34c0adb78__u-.xlsx,https://www.centralbank.ie/docs/default-source/statistics/data-and-analysis/national-claims-information-database/annex-1---settlement-channels-2015-to-2018.xlsx?sfvrsn=e755811d_10,1,https://www.centralbank.ie/docs/default-source/statistics/data-and-analysis/national-claims-information-database/annex-1---settlement-channels-2015-to-2018.xlsx?sfvrsn=e755811d_10,https://www.centralbank.ie/statistics/data-and-analysis/national-claims-information-database/ncid-private-motor-insurance
244c573c12c1923bb67b061b3bc953d8db10f2ba3c2d5eb477ede31ee7381bad,XLSX,68580,documents,,,files\www.centralbank.ie\_long\464889de0d3896105bcd766c\annex-2---private-motor-insurance-report-1-data__q-ba549172c.xlsx,https://www.centralbank.ie/docs/default-source/statistics/data-and-analysis/national-claims-information-database/annex-2---private-motor-insurance-report-1-data.xlsx?sfvrsn=b594861d_13,1,https://www.centralbank.ie/docs/default-source/statistics/data-and-analysis/national-claims-information-database/annex-2---private-motor-insurance-report-1-data.xlsx?sfvrsn=b594861d_13,https://www.centralbank.ie/statistics/data-and-analysis/national-claims-information-database/ncid-private-motor-insurance
0bbaa978dd1e6db1a570063b278af4d8e82966815065d44969dc498b9641278f,XLSX,22734,documents,,,files\www.centralbank.ie\_long\ae3d7c8e98f9d48133a522dc\annex-2-private-motor-insurance-report-2__q-60958f95ff__u-ae.xlsx,https://www.centralbank.ie/docs/default-source/statistics/data-and-analysis/national-claims-information-database/annex-2-private-motor-insurance-report-2.xlsx?sfvrsn=988a881d_2,1,https://www.centralbank.ie/docs/default-source/statistics/data-and-analysis/national-claims-information-database/annex-2-private-motor-insurance-report-2.xlsx?sfvrsn=988a881d_2,https://www.centralbank.ie/statistics/data-and-analysis/national-claims-information-database/ncid-private-motor-insurance
b5893ca3d195ff4fbd675b629d4471241f9543d4f0e8af67adff6608d6044235,XLSX,115602,documents,,,files\www.centralbank.ie\_long\dec00f15306118a137a9c80a\annex-liability-insurance-mid-year-report-3__q-4409ea3ac8__u.xlsx,https://www.centralbank.ie/docs/default-source/statistics/data-and-analysis/national-claims-information-database/annex-liability-insurance-mid-year-report-3.xlsx?sfvrsn=8b99681a_5,1,https://www.centralbank.ie/docs/default-source/statistics/data-and-analysis/national-claims-information-database/annex-liability-insurance-mid-year-report-3.xlsx?sfvrsn=8b99681a_5,https://www.centralbank.ie/statistics/data-and-analysis/national-claims-information-database/ncid-employers-public-liability-insurance
a16227f03edb02c3c20ce5c170a1c1cd99c829e4e1e47140c775a253ff8cc799,XLSX,99269,documents,,,files\www.centralbank.ie\_long\e4165d744584e57f4544d243\annex-ncid-employers-liability-and-public-liability-data-rel.xlsx,https://www.centralbank.ie/docs/default-source/statistics/data-and-analysis/national-claims-information-database/annex-ncid-employers-liability-and-public-liability-data-release-1.xlsx?sfvrsn=8a6e9f1d_5,1,https://www.centralbank.ie/docs/default-source/statistics/data-and-analysis/national-claims-information-database/annex-ncid-employers-liability-and-public-liability-data-release-1.xlsx?sfvrsn=8a6e9f1d_5,https://www.centralbank.ie/statistics/data-and-analysis/national-claims-information-database/ncid-employers-public-liability-insurance
188d61773b0baade47daf5298fd51b00e0ce5e0ca18f8219f11d03e9dd1f6962,XLSX,72605,documents,,,files\www.centralbank.ie\_long\09881d4a4438d648410e45b5\annex-ncid-employers-liability-and-public-liability-insuranc.xlsx,https://www.centralbank.ie/docs/default-source/statistics/data-and-analysis/national-claims-information-database/annex-ncid-employers-liability-and-public-liability-insurance-report-1.xlsx?sfvrsn=37118c1d_9,1,https://www.centralbank.ie/docs/default-source/statistics/data-and-analysis/national-claims-information-database/annex-ncid-employers-liability-and-public-liability-insurance-report-1.xlsx?sfvrsn=37118c1d_9,https://www.centralbank.ie/statistics/data-and-analysis/national-claims-information-database/ncid-employers-public-liability-insurance
24e951512df8a6204c1c327e9264ebf53890078986b3c47c3a0dd74eb7b08da6,XLSX,119412,documents,,,files\www.centralbank.ie\_long\b890e1355d359d30131910db\annex-ncid-employers-liability-and-public-liability-insuranc.xlsx,https://www.centralbank.ie/docs/default-source/statistics/data-and-analysis/national-claims-information-database/annex-ncid-employers-liability-and-public-liability-insurance-report-2.xlsx?sfvrsn=3c8e961d_4,1,https://www.centralbank.ie/docs/default-source/statistics/data-and-analysis/national-claims-information-database/annex-ncid-employers-liability-and-public-liability-insurance-report-2.xlsx?sfvrsn=3c8e961d_4,https://www.centralbank.ie/statistics/data-and-analysis/national-claims-information-database/ncid-employers-public-liability-insurance
df2251960325678dab104d4f3a099e6fedd99c927fd01dc0447dc18b6760c213,XLSX,181636,documents,,,files\www.centralbank.ie\_long\d8320ed146532f8da11c67e0\annex-ncid-private-motor-insurance-report-5__q-7767e8e5da__u.xlsx,https://www.centralbank.ie/docs/default-source/statistics/data-and-analysis/national-claims-information-database/annex-ncid-private-motor-insurance-report-5.xlsx?sfvrsn=ee4b621a_2,1,https://www.centralbank.ie/docs/default-source/statistics/data-and-analysis/national-claims-information-database/annex-ncid-private-motor-insurance-report-5.xlsx?sfvrsn=ee4b621a_2,https://www.centralbank.ie/statistics/data-and-analysis/national-claims-information-database/ncid-private-motor-insurance
c9720ac500f13dd154f14a003c20dd2d13fb39b581c3ea601eb5c5733eb453b6,XLSX,244696,documents,,,files\www.centralbank.ie\_long\ae18705a5102420db6214b8d\annex-ncid-private-motor-insurance-report-6__q-e4f53a3b03__u.xlsx,https://www.centralbank.ie/docs/default-source/statistics/data-and-analysis/national-claims-information-database/annex-ncid-private-motor-insurance-report-6.xlsx?sfvrsn=7108671a_4,1,https://www.centralbank.ie/docs/default-source/statistics/data-and-analysis/national-claims-information-database/annex-ncid-private-motor-insurance-report-6.xlsx?sfvrsn=7108671a_4,https://www.centralbank.ie/statistics/data-and-analysis/national-claims-information-database/ncid-private-motor-insurance
acc1bf0921dc674d6cffd0d884f44d97a7c1b896d5ce5df7eea470b87a9b7d26,XLSX,94558,documents,,,files\www.centralbank.ie\_long\37fd7d199eecf763f805a5b0\annex-private-motor-insurance-report-2-data__q-0a88c4fd7f__u.xlsx,https://www.centralbank.ie/docs/default-source/statistics/data-and-analysis/national-claims-information-database/annex-private-motor-insurance-report-2-data.xlsx?sfvrsn=7e5e881d_4,1,https://www.centralbank.ie/docs/default-source/statistics/data-and-analysis/national-claims-information-database/annex-private-motor-insurance-report-2-data.xlsx?sfvrsn=7e5e881d_4,https://www.centralbank.ie/statistics/data-and-analysis/national-claims-information-database/ncid-private-motor-insurance
5e22228b50ff3140ad99446258b566193eb1f32dbf1f0e1b3ee431d254baac7c,XLSX,132634,documents,,,files\www.centralbank.ie\_long\8e2eb186afb28c983c73d195\annex-private-motor-insurance-report-3__q-75e71db8b2__u-8e2e.xlsx,https://www.centralbank.ie/docs/default-source/statistics/data-and-analysis/national-claims-information-database/annex-private-motor-insurance-report-3.xlsx?sfvrsn=5bca921d_4,1,https://www.centralbank.ie/docs/default-source/statistics/data-and-analysis/national-claims-information-database/annex-private-motor-insurance-report-3.xlsx?sfvrsn=5bca921d_4,https://www.centralbank.ie/statistics/data-and-analysis/national-claims-information-database/ncid-private-motor-insurance
548ad3f9f96243cc7e32f90bacffe69d965905e1b74effcf9e8fabd33f543ee9,XLSX,151977,documents,,,files\www.centralbank.ie\_long\4bb9c20a9b00d407230b5c6c\annex-private-motor-insurance-report-4__q-7778f16923__u-4bb9.xlsx,https://www.centralbank.ie/docs/default-source/statistics/data-and-analysis/national-claims-information-database/annex-private-motor-insurance-report-4.xlsx?sfvrsn=7ad59b1d_2,1,https://www.centralbank.ie/docs/default-source/statistics/data-and-analysis/national-claims-information-database/annex-private-motor-insurance-report-4.xlsx?sfvrsn=7ad59b1d_2,https://www.centralbank.ie/statistics/data-and-analysis/national-claims-information-database/ncid-private-motor-insurance
7636369a3134533fb32cc8db8adbf3e15b3663ea0dba4e472da5decd2a173994,XLSX,231060,documents,,,files\www.centralbank.ie\_long\dc9b23974c1d79641366328b\annex-private-motor-insurance-report-7__q-7acbe7cdd4__u-dc9b.xlsx,https://www.centralbank.ie/docs/default-source/statistics/data-and-analysis/national-claims-information-database/annex-private-motor-insurance-report-7.xlsx?sfvrsn=9a066f1a_12,1,https://www.centralbank.ie/docs/default-source/statistics/data-and-analysis/national-claims-information-database/annex-private-motor-insurance-report-7.xlsx?sfvrsn=9a066f1a_12,https://www.centralbank.ie/statistics/data-and-analysis/national-claims-information-database/ncid-private-motor-insurance
33da084f2d654bc6530bfcb3b6052d24e1df70b13ea29d0617d5714602f1754c,XLSX,102322,documents,,,files\www.centralbank.ie\_long\5dbae22c86f88a68ce3f647a\data-annex-ncid-private-motor-insurance-mid-year-2024-settle.xlsx,https://www.centralbank.ie/docs/default-source/statistics/data-and-analysis/national-claims-information-database/data-annex-ncid-private-motor-insurance-mid-year-2024-settled-claims.xlsx?sfvrsn=299a681a_3,1,https://www.centralbank.ie/docs/default-source/statistics/data-and-analysis/national-claims-information-database/data-annex-ncid-private-motor-insurance-mid-year-2024-settled-claims.xlsx?sfvrsn=299a681a_3,https://www.centralbank.ie/statistics/data-and-analysis/national-claims-information-database/ncid-private-motor-insurance
f17c77bc0a602ec4fffc2002d56adba5adcb0a1295a381bcfd3e2adbbb2b198a,XLSX,50727,documents,,,files\www.centralbank.ie\_long\24285b102d472391c0be96e0\data-annex-ncid-private-motor-insurance-mid-year-2024__q-fa0.xlsx,https://www.centralbank.ie/docs/default-source/statistics/data-and-analysis/national-claims-information-database/data-annex-ncid-private-motor-insurance-mid-year-2024.xlsx?sfvrsn=ec126b1a_4,1,https://www.centralbank.ie/docs/default-source/statistics/data-and-analysis/national-claims-information-database/data-annex-ncid-private-motor-insurance-mid-year-2024.xlsx?sfvrsn=ec126b1a_4,https://www.centralbank.ie/statistics/data-and-analysis/national-claims-information-database/ncid-private-motor-insurance
4d994431642720621e51b090220e0207939d0bc69a65021d6a3066b6f8e5d70a,XLSX,106114,documents,,,files\www.centralbank.ie\_long\a19fe681edea064c0e626a22\data-annex-ncid-private-motor-insurance-mid-year-2025-settle.xlsx,https://www.centralbank.ie/docs/default-source/statistics/data-and-analysis/national-claims-information-database/data-annex-ncid-private-motor-insurance-mid-year-2025-settled.xlsx?sfvrsn=c956731a_5,1,https://www.centralbank.ie/docs/default-source/statistics/data-and-analysis/national-claims-information-database/data-annex-ncid-private-motor-insurance-mid-year-2025-settled.xlsx?sfvrsn=c956731a_5,https://www.centralbank.ie/statistics/data-and-analysis/national-claims-information-database/ncid-private-motor-insurance
702b0a345cc6592014b214e0225930899c85631d17becb15e1c4441b1b09c741,XLSX,49271,documents,,,files\www.centralbank.ie\_long\08804b75f42065bebfc98fac\data-annex-ncid-private-motor-insurance-mid-year-2025__q-707.xlsx,https://www.centralbank.ie/docs/default-source/statistics/data-and-analysis/national-claims-information-database/data-annex-ncid-private-motor-insurance-mid-year-2025.xlsx?sfvrsn=4456731a_4,1,https://www.centralbank.ie/docs/default-source/statistics/data-and-analysis/national-claims-information-database/data-annex-ncid-private-motor-insurance-mid-year-2025.xlsx?sfvrsn=4456731a_4,https://www.centralbank.ie/statistics/data-and-analysis/national-claims-information-database/ncid-private-motor-insurance
5a1e00cb88acf8c7614548800bf218e43cbbc129953e67543c2be6245d0a739f,XLSX,107252,documents,,,files\www.centralbank.ie\_long\109f86912cf2f5d1b2402616\data-annex-ncid-private-motor-insurance-mid-year-report-1__q.xlsx,https://www.centralbank.ie/docs/default-source/statistics/data-and-analysis/national-claims-information-database/data-annex-ncid-private-motor-insurance-mid-year-report-1.xlsx?sfvrsn=9ca9991d_4,1,https://www.centralbank.ie/docs/default-source/statistics/data-and-analysis/national-claims-information-database/data-annex-ncid-private-motor-insurance-mid-year-report-1.xlsx?sfvrsn=9ca9991d_4,https://www.centralbank.ie/statistics/data-and-analysis/national-claims-information-database/ncid-private-motor-insurance
4bcd00db70b0898d027f436d6a2d26a4c19f142475952721541f5e036c50ac8d,XLSX,117551,documents,,,files\www.centralbank.ie\_long\3a9abb4c26e6ead5eeb91b62\data-annex-ncid-private-motor-insurance-mid-year-report-2__q.xlsx,https://www.centralbank.ie/docs/default-source/statistics/data-and-analysis/national-claims-information-database/data-annex-ncid-private-motor-insurance-mid-year-report-2.xlsx?sfvrsn=b540611a_1,1,https://www.centralbank.ie/docs/default-source/statistics/data-and-analysis/national-claims-information-database/data-annex-ncid-private-motor-insurance-mid-year-report-2.xlsx?sfvrsn=b540611a_1,https://www.centralbank.ie/statistics/data-and-analysis/national-claims-information-database/ncid-private-motor-insurance
16576f3de8a54d774a5755ca9e2303a60deb276181686cc07f39b6449623a769,XLSX,41141,documents,,,files\www.centralbank.ie\_long\24cd7f51fd0fbb978ca61cfb\eph-5-collection-template-v1-2026__q-2bc7bd1a8d__u-24cd7f51f.xlsx,https://www.centralbank.ie/docs/default-source/statistics/data-and-analysis/national-claims-information-database/eph-5-collection-template-v1-2026.xlsx?sfvrsn=b419761a_4,1,https://www.centralbank.ie/docs/default-source/statistics/data-and-analysis/national-claims-information-database/eph-5-collection-template-v1-2026.xlsx?sfvrsn=b419761a_4,https://www.centralbank.ie/statistics/data-and-analysis/national-claims-information-database/ncid-reporting-requirements-2026
668bb842b4227d2279fbc0748245407fb3941838317a52d2ade3ca48c1ce8096,XLSX,205020,documents,,,files\www.centralbank.ie\_long\9d2caf9e08b1c13bcc34e336\ncid-2025-epl-report-5-data-annex__q-a7c27580c4__u-9d2caf9e0.xlsx,https://www.centralbank.ie/docs/default-source/statistics/data-and-analysis/national-claims-information-database/ncid-2025-epl-report-5-data-annex.xlsx?sfvrsn=cfcc6c1a_3,1,https://www.centralbank.ie/docs/default-source/statistics/data-and-analysis/national-claims-information-database/ncid-2025-epl-report-5-data-annex.xlsx?sfvrsn=cfcc6c1a_3,https://www.centralbank.ie/statistics/data-and-analysis/national-claims-information-database/ncid-employers-public-liability-insurance
565ba948afb88e9a2ee2cb485e145de9371e15ac794f9e2196cb02db5afa7bae,XLSX,63734,documents,,,files\www.centralbank.ie\_long\57aa4d74dc60e79efc87c153\ncid-annual-private-motor-data-template-2026__q-3a86c39b1d__.xlsx,https://www.centralbank.ie/docs/default-source/statistics/data-and-analysis/national-claims-information-database/ncid-annual-private-motor-data-template-2026.xlsx?sfvrsn=27e66d1a_1,1,https://www.centralbank.ie/docs/default-source/statistics/data-and-analysis/national-claims-information-database/ncid-annual-private-motor-data-template-2026.xlsx?sfvrsn=27e66d1a_1,https://www.centralbank.ie/statistics/data-and-analysis/national-claims-information-database/ncid-reporting-requirements-2026
1e154b30949019d219ce66df807a1a58c69de66d870b80dbaf29b47cef81c1c6,XLSX,32114,documents,,,files\www.centralbank.ie\_long\f88b22de39d5fce3ad275813\ncid-bi-insurance-and-state-supports-data-template__q-ab3812.xlsx,https://www.centralbank.ie/docs/default-source/statistics/data-and-analysis/national-claims-information-database/ncid-bi-insurance-and-state-supports-data-template.xlsx?sfvrsn=4d87681a_4,1,https://www.centralbank.ie/docs/default-source/statistics/data-and-analysis/national-claims-information-database/ncid-bi-insurance-and-state-supports-data-template.xlsx?sfvrsn=4d87681a_4,https://www.centralbank.ie/statistics/data-and-analysis/national-claims-information-database/ncid-reporting-requirements-2026
24820d453f39740ce0c951615ce03e2d291f1983c1d53b87b8f83afe1eca52cf,XLSX,97985,documents,,,files\www.centralbank.ie\_long\7ae4744039a8d7be952b2eed\ncid-data-annex-employers'-liability-and-public-liability-in.xlsx,https://www.centralbank.ie/docs/default-source/statistics/data-and-analysis/national-claims-information-database/ncid-data-annex-employers'-liability-and-public-liability-insurance-mid-year-2.xlsx?sfvrsn=e047611a_3,1,https://www.centralbank.ie/docs/default-source/statistics/data-and-analysis/national-claims-information-database/ncid-data-annex-employers'-liability-and-public-liability-insurance-mid-year-2.xlsx?sfvrsn=e047611a_3,https://www.centralbank.ie/statistics/data-and-analysis/national-claims-information-database/ncid-employers-public-liability-insurance
b8693fe2da1e4ce49d85fe0e6705ff3e9cfeaaeec5e21e1e53ff582d564f2d65,XLSX,156136,documents,,,files\www.centralbank.ie\_long\f4a73acebb63211d4a0086fa\ncid-epl-report-3-data-annex-v1__q-92e3700fa1__u-f4a73acebb6.xlsx,https://www.centralbank.ie/docs/default-source/statistics/data-and-analysis/national-claims-information-database/ncid-epl-report-3-data-annex-v1.xlsx?sfvrsn=94c1631a_5,1,https://www.centralbank.ie/docs/default-source/statistics/data-and-analysis/national-claims-information-database/ncid-epl-report-3-data-annex-v1.xlsx?sfvrsn=94c1631a_5,https://www.centralbank.ie/statistics/data-and-analysis/national-claims-information-database/ncid-employers-public-liability-insurance
8cf30883ca37f725f26763f03a12b3bf2489dc657fd6d4e1032054425bd9a44f,XLSX,193380,documents,,,files\www.centralbank.ie\_long\4ca41c811b10cb55639481b8\ncid-epl-report-4-data-annex__q-ce245a661a__u-4ca41c811b10.xlsx,https://www.centralbank.ie/docs/default-source/statistics/data-and-analysis/national-claims-information-database/ncid-epl-report-4-data-annex.xlsx?sfvrsn=7786a1a_5,1,https://www.centralbank.ie/docs/default-source/statistics/data-and-analysis/national-claims-information-database/ncid-epl-report-4-data-annex.xlsx?sfvrsn=7786a1a_5,https://www.centralbank.ie/statistics/data-and-analysis/national-claims-information-database/ncid-employers-public-liability-insurance
930023a574fe746ae171e0d9b330ea7e6ee89593bde7354b171d8deb150b729a,XLSX,70053,documents,,,files\www.centralbank.ie\_long\cfdf1d6f8fa19a5082ee39be\ncid-liability-annual-data-template-2026__q-eed5c1e0b2__u-cf.xlsx,https://www.centralbank.ie/docs/default-source/statistics/data-and-analysis/national-claims-information-database/ncid-liability-annual-data-template-2026.xlsx?sfvrsn=381d721a_1,1,https://www.centralbank.ie/docs/default-source/statistics/data-and-analysis/national-claims-information-database/ncid-liability-annual-data-template-2026.xlsx?sfvrsn=381d721a_1,https://www.centralbank.ie/statistics/data-and-analysis/national-claims-information-database/ncid-reporting-requirements-2026
31d0a3bc0b27fe09dccfa08079db0e289a76c7efc10458fb1e34502667521eef,XLSX,128810,documents,,,files\www.centralbank.ie\_long\40eed4d5578f99b093bdcf3c\ncid-mid-year-employers'-liability-and-public-liability-insu.xlsx,https://www.centralbank.ie/docs/default-source/statistics/data-and-analysis/national-claims-information-database/ncid-mid-year-employers'-liability-and-public-liability-insurance-report-3-data-annex.xlsx?sfvrsn=f500731a_5,1,https://www.centralbank.ie/docs/default-source/statistics/data-and-analysis/national-claims-information-database/ncid-mid-year-employers'-liability-and-public-liability-insurance-report-3-data-annex.xlsx?sfvrsn=f500731a_5,https://www.centralbank.ie/statistics/data-and-analysis/national-claims-information-database/ncid-employers-public-liability-insurance
9659dc8fbbbe7bff533e6f313d5179d99fe119e3b05d991ecd1f36bf12b2e344,XLSX,44852,documents,,,files\www.centralbank.ie\_long\7a2bb1442ff9ad893b6bf615\ncid-mid-year-private-motor-collection-template-2026__q-49eb.xlsx,https://www.centralbank.ie/docs/default-source/statistics/data-and-analysis/national-claims-information-database/ncid-mid-year-private-motor-collection-template-2026.xlsx?sfvrsn=2b18761a_2,1,https://www.centralbank.ie/docs/default-source/statistics/data-and-analysis/national-claims-information-database/ncid-mid-year-private-motor-collection-template-2026.xlsx?sfvrsn=2b18761a_2,https://www.centralbank.ie/statistics/data-and-analysis/national-claims-information-database/ncid-reporting-requirements-2026
06262f2a219a4e20f6851f5a70a38f29942e95ef528ff8779b34ce3f05272949,XLSX,38985,documents,,,files\www.centralbank.ie\_long\5597a4ffd617b8e5896948be\holders-of-investment-fund-equity-by-geography__q-e33c15f83c.xlsx,https://www.centralbank.ie/docs/default-source/statistics/data-and-analysis/other-financial-sector-statistics/investment-funds/investment-funds-data/holders-of-investment-fund-equity-by-geography.xlsx?sfvrsn=f0fa21d_46,1,https://www.centralbank.ie/docs/default-source/statistics/data-and-analysis/other-financial-sector-statistics/investment-funds/investment-funds-data/holders-of-investment-fund-equity-by-geography.xlsx?sfvrsn=f0fa21d_46,https://www.centralbank.ie/statistics/data-and-analysis/other-financial-sector-statistics/investment-funds
5a1ca5eb1230ae26863c8d1fb122dc4c117b50378c028ad3a9365d28c4927ad7,XLSX,2720215,documents,,,files\www.centralbank.ie\_long\8bb5c6244f88a16fe6a991c9\ie-investment-funds-data__q-ad55b881ba__u-8bb5c6244f88.xlsx,https://www.centralbank.ie/docs/default-source/statistics/data-and-analysis/other-financial-sector-statistics/investment-funds/investment-funds-data/ie-investment-funds-data.xlsx?sfvrsn=73db01d_78,1,https://www.centralbank.ie/docs/default-source/statistics/data-and-analysis/other-financial-sector-statistics/investment-funds/investment-funds-data/ie-investment-funds-data.xlsx?sfvrsn=73db01d_78,https://www.centralbank.ie/statistics/data-and-analysis/other-financial-sector-statistics/investment-funds
43dbccc90932ccb311cc711d6d68aa5656a9e65173841b32bb168e6bdc5e9ff0,XLSX,158862,documents,,,files\www.centralbank.ie\_long\9c74c5a5e502a420ae171fc1\ie-money-market-fund-charts__q-e916aa552d__u-9c74c5a5e502.xlsx,https://www.centralbank.ie/docs/default-source/statistics/data-and-analysis/other-financial-sector-statistics/money-market-funds/money-market-funds-data/ie-money-market-fund-charts.xlsx?sfvrsn=8fb3b51d_153,1,https://www.centralbank.ie/docs/default-source/statistics/data-and-analysis/other-financial-sector-statistics/money-market-funds/money-market-funds-data/ie-money-market-fund-charts.xlsx?sfvrsn=8fb3b51d_153,https://www.centralbank.ie/statistics/data-and-analysis/other-financial-sector-statistics/investment-funds
b14a5cb2299e3916c12e0c97cd97e00383d3bf1a27672f450e489b242148c9de,XLSX,551747,documents,,,files\www.centralbank.ie\_long\1f8a0ea2484caf02a44b7501\ie-money-market-funds-all-series__q-c795d77510__u-1f8a0ea248.xlsx,https://www.centralbank.ie/docs/default-source/statistics/data-and-analysis/other-financial-sector-statistics/money-market-funds/money-market-funds-data/ie-money-market-funds-all-series.xlsx?sfvrsn=7ed4651a_38,1,https://www.centralbank.ie/docs/default-source/statistics/data-and-analysis/other-financial-sector-statistics/money-market-funds/money-market-funds-data/ie-money-market-funds-all-series.xlsx?sfvrsn=7ed4651a_38,https://www.centralbank.ie/statistics/data-and-analysis/other-financial-sector-statistics/investment-funds
4a6c1e40736ecb0bdcb22bdd73ca4f0744119828f3602b2a36f9e7cf7d59c45a,XLSX,159752,documents,,,files\www.centralbank.ie\_long\2f39fba31b784db0aa630197\payment-statistics-quarterly__q-845ebc1f92__u-2f39fba31b78.xlsx,https://www.centralbank.ie/docs/default-source/statistics/data-and-analysis/payment-services/payment-statistics-quarterly.xlsx?sfvrsn=bdbc731a_0,1,https://www.centralbank.ie/docs/default-source/statistics/data-and-analysis/payment-services/payment-statistics-quarterly.xlsx?sfvrsn=bdbc731a_0,https://www.centralbank.ie/statistics/data-and-analysis/payments-services-statistics
b169606b1648f95f114c9847d0c0f293ef7cc283521f41467d79101403ce61b4,XLSX,38698,documents,,,files\www.centralbank.ie\_long\48d07d1cb989fde8f236a65e\pension-fund-statistics__q-3cf1e62774__u-48d07d1cb989.xlsx,https://www.centralbank.ie/docs/default-source/statistics/data-and-analysis/pension-fund-statistics/pension-funds-statistics-data/pension-fund-statistics.xlsx?sfvrsn=19fc681a_26,1,https://www.centralbank.ie/docs/default-source/statistics/data-and-analysis/pension-fund-statistics/pension-funds-statistics-data/pension-fund-statistics.xlsx?sfvrsn=19fc681a_26,https://www.centralbank.ie/statistics/data-and-analysis/pension-fund-statistics
5d238c3dca1268d05b8ffdaf8f7d25bdc0c7bbc358b87c3c9f800ad0bbdb6341,XLSX,1508321,documents,,,files\www.centralbank.ie\_long\1de2deebfd0685e79b7c1af2\holdings-of-irish-government-long-term-bondsbfae13144644629b.xlsx,https://www.centralbank.ie/docs/default-source/statistics/data-and-analysis/securities-statistics/long-term-irish-government-bonds/holdings-of-irish-government-long-term-bondsbfae13144644629bacc1ff0000269695.xlsx?sfvrsn=6ea711a_1,1,https://www.centralbank.ie/docs/default-source/statistics/data-and-analysis/securities-statistics/long-term-irish-government-bonds/holdings-of-irish-government-long-term-bondsbfae13144644629bacc1ff0000269695.xlsx?sfvrsn=6ea711a_1,https://www.centralbank.ie/statistics/data-and-analysis/securities-statistics/holdings-of-long-term-irish-government-bonds
d7a384d686093fe6edf6f0a9500cd3840d47f4983e879006e541c7ab6dca1a84,XLSX,1731269,documents,,,files\www.centralbank.ie\_long\f3c8c0c115ba16040cdcbff7\securities-holdings-statistics__q-294d3d7020__u-f3c8c0c115ba.xlsx,https://www.centralbank.ie/docs/default-source/statistics/data-and-analysis/securities-statistics/securities-issues-and-holding-data/securities-holdings-statistics.xlsx?sfvrsn=56ec9e1d_19,1,https://www.centralbank.ie/docs/default-source/statistics/data-and-analysis/securities-statistics/securities-issues-and-holding-data/securities-holdings-statistics.xlsx?sfvrsn=56ec9e1d_19,https://www.centralbank.ie/statistics/data-and-analysis/securities-statistics/securities-issues-and-holding-data
a36d62c343e0b200d1fdabe8d1bd83d3021c658ae7893c3bb3d03074290215c4,XLSX,4744858,documents,,,files\www.centralbank.ie\_long\89698913c9e1f6d76355e2f0\securities-issue-statistics-present__q-0eb992a2dc__u-8969891.xlsx,https://www.centralbank.ie/docs/default-source/statistics/data-and-analysis/securities-statistics/securities-issues-and-holding-data/securities-issue-statistics-present.xlsx?sfvrsn=9a019b1d_98,1,https://www.centralbank.ie/docs/default-source/statistics/data-and-analysis/securities-statistics/securities-issues-and-holding-data/securities-issue-statistics-present.xlsx?sfvrsn=9a019b1d_98,https://www.centralbank.ie/statistics/data-and-analysis/securities-statistics/securities-issues-and-holding-data
6a0f978d199aeea8e5f1571ba3c3652bd6abb514d5b4289fe97c955f441055e9,XLSX,1230576,documents,,,files\www.centralbank.ie\_long\680df6d2b630d1af417bb34e\securities-issues-statistics-12.2009-11.2020__q-bb8937290f__.xlsx,https://www.centralbank.ie/docs/default-source/statistics/data-and-analysis/securities-statistics/securities-issues-and-holding-data/securities-issues-statistics-12.2009-11.2020.xlsx?sfvrsn=ec149b1d_4,1,https://www.centralbank.ie/docs/default-source/statistics/data-and-analysis/securities-statistics/securities-issues-and-holding-data/securities-issues-statistics-12.2009-11.2020.xlsx?sfvrsn=ec149b1d_4,https://www.centralbank.ie/statistics/data-and-analysis/securities-statistics/securities-issues-and-holding-data
d0e0082f8cce9a8d520df26f438adcd688387a1f41149a5673bddca509856bca,XLSX,712736,documents,,,files\www.centralbank.ie\_long\eb80259ee79982bc4f5cf72d\household-mortgage-loans-frontier-statistics-tables184312144.xlsx,https://www.centralbank.ie/docs/default-source/statistics/frontier-statistics/household-debt/household-mortgage-loans-frontier-statistics-tables184312144644629bacc1ff0000269695.xlsx?sfvrsn=a107701a_0,1,https://www.centralbank.ie/docs/default-source/statistics/frontier-statistics/household-debt/household-mortgage-loans-frontier-statistics-tables184312144644629bacc1ff0000269695.xlsx?sfvrsn=a107701a_0,https://www.centralbank.ie/statistics/frontierstatistics/household-debt
587659e3ec527d01ca0599155bd0c17da1401b496c58075a9f36a3aefed834ca,XLSX,12585,documents,,,files\www.centralbank.ie\_long\90f69061b161c95030ac3f27\table-121ef12144644629bacc1ff0000269695__q-1377e1065b__u-90f.xlsx,https://www.centralbank.ie/docs/default-source/statistics/frontier-statistics/mortgage-interest-rate/table-121ef12144644629bacc1ff0000269695.xlsx?sfvrsn=98ab701a_1,1,https://www.centralbank.ie/docs/default-source/statistics/frontier-statistics/mortgage-interest-rate/table-121ef12144644629bacc1ff0000269695.xlsx?sfvrsn=98ab701a_1,https://www.centralbank.ie/statistics/frontierstatistics/mortgage-interest-rate-distributions
764badd7cde0adc0e16b3cea6631fd7c1967f73258d574bea5e9d1d2070faf8a,XLSX,8993,documents,,,files\www.centralbank.ie\_long\572b70fc683d95c045cdd67e\table-224ef12144644629bacc1ff0000269695__q-63976ea3c1__u-572.xlsx,https://www.centralbank.ie/docs/default-source/statistics/frontier-statistics/mortgage-interest-rate/table-224ef12144644629bacc1ff0000269695.xlsx?sfvrsn=9dab701a_1,1,https://www.centralbank.ie/docs/default-source/statistics/frontier-statistics/mortgage-interest-rate/table-224ef12144644629bacc1ff0000269695.xlsx?sfvrsn=9dab701a_1,https://www.centralbank.ie/statistics/frontierstatistics/mortgage-interest-rate-distributions
1b5f6c07fc98ad1df1759fd0b4beee0de87551c257d4338dce11f0da4e09b354,XLSX,33899,documents,,,files\www.centralbank.ie\_long\a51608d57b05fd2f67215ab3\investment-and-money-market-fund-frontier-statistics-tables_.xlsx,https://www.centralbank.ie/docs/default-source/statistics/frontier-statistics/total-domestic-credit/investment-and-money-market-fund-frontier-statistics-tables.xlsx?sfvrsn=fa756c1a_0,1,https://www.centralbank.ie/docs/default-source/statistics/frontier-statistics/total-domestic-credit/investment-and-money-market-fund-frontier-statistics-tables.xlsx?sfvrsn=fa756c1a_0,https://www.centralbank.ie/statistics/frontierstatistics/investment-and-money-market-funds
ea4a08c907278fe5dd53a887b432a46372ee3431e7ada3faa2d8cb5dac7abb6f,XLSX,31783,documents,,,files\www.centralbank.ie\_long\b7ebc9cfa06080d9b2033bbf\publication-tables-final__q-2e68efafc8__u-b7ebc9cfa060.xlsx,https://www.centralbank.ie/docs/default-source/statistics/frontier-statistics/total-domestic-credit/publication-tables-final.xlsx?sfvrsn=1099701a_0,1,https://www.centralbank.ie/docs/default-source/statistics/frontier-statistics/total-domestic-credit/publication-tables-final.xlsx?sfvrsn=1099701a_0,https://www.centralbank.ie/statistics/frontierstatistics/total-domestic-credit
25d5eb4601d8d622185b4bc7041f986866841ccf3964ee92849b75152b3fd9cc,XLSX,2297132,documents,,,files\www.centralbank.ie\_long\c1a92e1e8c93bdbb76f7d74b\fx-daily-rates-laethuil-2008---2015__q-911209570b__u-c1a92e1.xlsx,https://www.centralbank.ie/docs/default-source/statistics/interest-rates-exchange-rates/exchange-rates/fx-daily-rates-laethuil-2008---2015.xlsx?sfvrsn=424f8f1d_35,1,https://www.centralbank.ie/docs/default-source/statistics/interest-rates-exchange-rates/exchange-rates/fx-daily-rates-laethuil-2008---2015.xlsx?sfvrsn=424f8f1d_35,https://www.centralbank.ie/statistics/interest-rates-exchange-rates/exchange-rates
9d498af5d6912fd2b803eab64e16d104cefb2561ea24d6e151829b8fc4425f5d,XLSX,19536,documents,,,files\www.centralbank.ie\_long\25abd92e64bf28024751210a\behind-the-data-climate-1__q-373d2a7fff__u-25abd92e64bf.xlsx,https://www.centralbank.ie/docs/default-source/statistics/statistical-publications/btd-beliefs-and-barriers/behind-the-data-climate-1.xlsx?sfvrsn=16e4691a_1,1,https://www.centralbank.ie/docs/default-source/statistics/statistical-publications/btd-beliefs-and-barriers/behind-the-data-climate-1.xlsx?sfvrsn=16e4691a_1,https://www.centralbank.ie/statistics/statistical-publications/behind-the-data/beliefs-and-barriers-climate-change-and-irish-firms
cd31b3e630330aa8a976ce3fa5d4e848969c64ba9315cc29d683147e66fb1fc7,XLSX,25379,documents,,,files\www.centralbank.ie\_long\d66333ad07df83d7e7a4b2a4\behind-the-data-climate-2__q-48b6f9dc1d__u-d66333ad07df.xlsx,https://www.centralbank.ie/docs/default-source/statistics/statistical-publications/btd-beliefs-and-barriers/behind-the-data-climate-2.xlsx?sfvrsn=9e4691a_1,1,https://www.centralbank.ie/docs/default-source/statistics/statistical-publications/btd-beliefs-and-barriers/behind-the-data-climate-2.xlsx?sfvrsn=9e4691a_1,https://www.centralbank.ie/statistics/statistical-publications/behind-the-data/beliefs-and-barriers-climate-change-and-irish-firms
f195e469e39d990945332ae3bfcc8a387570e587391248b82a83a9cce915e946,XLSX,19627,documents,,,files\www.centralbank.ie\_long\b6a70149a33c04dbbac09183\behind-the-data-climate-3__q-f0da01f85b__u-b6a70149a33c.xlsx,https://www.centralbank.ie/docs/default-source/statistics/statistical-publications/btd-beliefs-and-barriers/behind-the-data-climate-3.xlsx?sfvrsn=ce4691a_1,1,https://www.centralbank.ie/docs/default-source/statistics/statistical-publications/btd-beliefs-and-barriers/behind-the-data-climate-3.xlsx?sfvrsn=ce4691a_1,https://www.centralbank.ie/statistics/statistical-publications/behind-the-data/beliefs-and-barriers-climate-change-and-irish-firms
de5c835c97452cf5622d76ccc7454a89b414d8befba6ef472ec8ae4f3291782e,XLSX,20326,documents,,,files\www.centralbank.ie\_long\0d68992dd3cecb1dba012bd0\behind-the-data-climate-4__q-0e3be60d1b__u-0d68992dd3ce.xlsx,https://www.centralbank.ie/docs/default-source/statistics/statistical-publications/btd-beliefs-and-barriers/behind-the-data-climate-4.xlsx?sfvrsn=77e4691a_1,1,https://www.centralbank.ie/docs/default-source/statistics/statistical-publications/btd-beliefs-and-barriers/behind-the-data-climate-4.xlsx?sfvrsn=77e4691a_1,https://www.centralbank.ie/statistics/statistical-publications/behind-the-data/beliefs-and-barriers-climate-change-and-irish-firms
25d8b50eabe26cb190a597c5088873572794f017d21751be3df4fc1b7d9b6500,XLSX,26769,documents,,,files\www.centralbank.ie\_long\f7263ded3dbd2468ba356ac8\btd-ireland-chart-1__q-b56f7f7f60__u-f7263ded3dbd.xlsx,https://www.centralbank.ie/docs/default-source/statistics/statistical-publications/btd-did-irelands/btd-ireland-chart-1.xlsx?sfvrsn=75596f1a_1,1,https://www.centralbank.ie/docs/default-source/statistics/statistical-publications/btd-did-irelands/btd-ireland-chart-1.xlsx?sfvrsn=75596f1a_1,https://www.centralbank.ie/statistics/statistical-publications/behind-the-data/did-irelands-financial-sector-actively-shift-its-us-asset
d007820e0a1862b5ab9f235acc32487cf4b44b4aa01bb03b1ec210eb64c77bd5,XLSX,24630,documents,,,files\www.centralbank.ie\_long\b938654551fe8eaf37f0efee\btd-ireland-chart-2__q-1eeba6db23__u-b938654551fe.xlsx,https://www.centralbank.ie/docs/default-source/statistics/statistical-publications/btd-did-irelands/btd-ireland-chart-2.xlsx?sfvrsn=74596f1a_1,1,https://www.centralbank.ie/docs/default-source/statistics/statistical-publications/btd-did-irelands/btd-ireland-chart-2.xlsx?sfvrsn=74596f1a_1,https://www.centralbank.ie/statistics/statistical-publications/behind-the-data/did-irelands-financial-sector-actively-shift-its-us-asset
c10db6e74145f176cebe3a05856212c82be2dc1d55f1511c3bd2a8d01a47ed35,XLSX,50278,documents,,,files\www.centralbank.ie\_long\51ceda82280a3a437019c28e\btd-ireland-chart-3__q-9510a16763__u-51ceda82280a.xlsx,https://www.centralbank.ie/docs/default-source/statistics/statistical-publications/btd-did-irelands/btd-ireland-chart-3.xlsx?sfvrsn=53596f1a_1,1,https://www.centralbank.ie/docs/default-source/statistics/statistical-publications/btd-did-irelands/btd-ireland-chart-3.xlsx?sfvrsn=53596f1a_1,https://www.centralbank.ie/statistics/statistical-publications/behind-the-data/did-irelands-financial-sector-actively-shift-its-us-asset
b596cc96550cc0d6cabcc44db794b4df16bc6a8e8f7cf098b80d1acc45d89ce4,XLSX,25880,documents,,,files\www.centralbank.ie\_long\31957b25d5d19ebc3c6fa38d\btd-ireland-chart-4__q-0f313605f0__u-31957b25d5d1.xlsx,https://www.centralbank.ie/docs/default-source/statistics/statistical-publications/btd-did-irelands/btd-ireland-chart-4.xlsx?sfvrsn=4e596f1a_1,1,https://www.centralbank.ie/docs/default-source/statistics/statistical-publications/btd-did-irelands/btd-ireland-chart-4.xlsx?sfvrsn=4e596f1a_1,https://www.centralbank.ie/statistics/statistical-publications/behind-the-data/did-irelands-financial-sector-actively-shift-its-us-asset
db2d1b1a7e217d409e94e7b53f1b38fb898c231518b35624c1f8d7e123075c7f,XLSX,48078,documents,,,files\www.centralbank.ie\_long\19ca9800e0731db70bfa0bd8\btd-understanding-long-term-mortgage-arrears__q-613864e1ea__.xlsx,https://www.centralbank.ie/docs/default-source/statistics/statistical-publications/btd-understanding-long-term-mortgage-arrears.xlsx?sfvrsn=8c598b1d_2,1,https://www.centralbank.ie/docs/default-source/statistics/statistical-publications/btd-understanding-long-term-mortgage-arrears.xlsx?sfvrsn=8c598b1d_2,https://www.centralbank.ie/statistics/statistical-publications/behind-the-data/understanding-long-term-mortgage-arrears-in-ireland
6be7118c46a19c645b3248423c954ad4022c8df2ca8ee91b3199cc02224c0c99,XLSX,64905,documents,,,files\www.centralbank.ie\_long\21bbe1c2ae94cfe4bfe533e6\private-motor-insurance-statistics-2015-appendix-3-4__q-be71.xlsx,https://www.centralbank.ie/docs/default-source/statistics/statistical-publications/private-motor-insurance-statistics/private-motor-insurance-data/private-motor-insurance-statistics-2015-appendix-3-4.xlsx?sfvrsn=5dc2a51d_6,1,https://www.centralbank.ie/docs/default-source/statistics/statistical-publications/private-motor-insurance-statistics/private-motor-insurance-data/private-motor-insurance-statistics-2015-appendix-3-4.xlsx?sfvrsn=5dc2a51d_6,https://www.centralbank.ie/statistics/statistical-publications/private-motor-insurance-statistics
41b5ed00a7b889bc63e6fd8c9f1f1a3b0dc3b31d4bc8df35438052188b961823,XLSX,67413,documents,,,files\www.centralbank.ie\_long\45c5bf34e3872b6bc50997f0\anacredit-regulation_data-tables__q-b2d1b9237d__u-45c5bf34e3.xlsx,https://www.centralbank.ie/docs/default-source/statistics/statistical-reporting-requirements/anacredit-in-ireland/anacredit-regulation_data-tables.xlsx?sfvrsn=1edadc1d_4,1,https://www.centralbank.ie/docs/default-source/statistics/statistical-reporting-requirements/anacredit-in-ireland/anacredit-regulation_data-tables.xlsx?sfvrsn=1edadc1d_4,https://www.centralbank.ie/statistics/statistical-reporting-requirements/anacredit-in-ireland
76dd030dac722b55a825df938590bbde26ed09c0f93d75f5816b02ddb1dcda0e,XLSX,11192118,documents,,,files\www.centralbank.ie\_long\1f1251ff907e40d863f0e25e\anacredit-reporting-population5302de134644629bacc1ff00002696.xlsx,https://www.centralbank.ie/docs/default-source/statistics/statistical-reporting-requirements/anacredit-in-ireland/anacredit-reporting-population5302de134644629bacc1ff0000269695.xlsx?sfvrsn=ea46bc1d_5,1,https://www.centralbank.ie/docs/default-source/statistics/statistical-reporting-requirements/anacredit-in-ireland/anacredit-reporting-population5302de134644629bacc1ff0000269695.xlsx?sfvrsn=ea46bc1d_5,https://www.centralbank.ie/statistics/statistical-reporting-requirements/anacredit-in-ireland
4745cf56c4d9818cc3d8c7eeac82c3eb77f72a885b7759ceec24ab7c77a78f99,XLSX,37315,documents,,,files\www.centralbank.ie\_long\05a866a70fa691636f665769\cbi-position-on-reduced-reporting-(annex-ii-regulation)__q-e.xlsx,https://www.centralbank.ie/docs/default-source/statistics/statistical-reporting-requirements/anacredit-in-ireland/cbi-position-on-reduced-reporting-(annex-ii-regulation).xlsx?sfvrsn=1bdadc1d_4,1,https://www.centralbank.ie/docs/default-source/statistics/statistical-reporting-requirements/anacredit-in-ireland/cbi-position-on-reduced-reporting-(annex-ii-regulation).xlsx?sfvrsn=1bdadc1d_4,https://www.centralbank.ie/statistics/statistical-reporting-requirements/anacredit-in-ireland
94db4ffb80d5748ae21450590f9f3da6998d5f244046f2f0c1d17095e30e9d09,XLSX,2803744,documents,,,files\www.centralbank.ie\_long\085c40a9dc0f5a6aa56e265c\central-bank-anacredit-and-rs2-mappinge2f6dd134644629bacc1ff.xlsx,https://www.centralbank.ie/docs/default-source/statistics/statistical-reporting-requirements/anacredit-in-ireland/central-bank-anacredit-and-rs2-mappinge2f6dd134644629bacc1ff0000269695.xlsx?sfvrsn=5bb2bf1d_0,1,https://www.centralbank.ie/docs/default-source/statistics/statistical-reporting-requirements/anacredit-in-ireland/central-bank-anacredit-and-rs2-mappinge2f6dd134644629bacc1ff0000269695.xlsx?sfvrsn=5bb2bf1d_0,https://www.centralbank.ie/statistics/statistical-reporting-requirements/anacredit-in-ireland
0a5b71eea34949009df6d082bf384d7d8fa414d89b24a2d78f6a2cfdae5ff02c,XLSX,399456,documents,,,files\www.centralbank.ie\_long\dd92346debae9032ae8cdaeb\central-bank-of-ireland-counterparty-template-and-rules5eb4f.xlsx,https://www.centralbank.ie/docs/default-source/statistics/statistical-reporting-requirements/anacredit-in-ireland/central-bank-of-ireland-counterparty-template-and-rules5eb4f2134644629bacc1ff0000269695.xlsx?sfvrsn=e7f0901d_24,1,https://www.centralbank.ie/docs/default-source/statistics/statistical-reporting-requirements/anacredit-in-ireland/central-bank-of-ireland-counterparty-template-and-rules5eb4f2134644629bacc1ff0000269695.xlsx?sfvrsn=e7f0901d_24,https://www.centralbank.ie/statistics/statistical-reporting-requirements/anacredit-in-ireland
d4bfc1a10c221127c8a971122757dfb7040ec507b2a080c4c292ca2dab00af1e,XLSX,153410,documents,,,files\www.centralbank.ie\_long\b9f26aab04c5a62ed1f3011d\complete-central-bank-of-ireland-reports-case-data-(credit-u.xlsx,https://www.centralbank.ie/docs/default-source/statistics/statistical-reporting-requirements/anacredit-in-ireland/complete-central-bank-of-ireland-reports-case-data-(credit-unions).xlsx?sfvrsn=4e2faf1d_4,1,https://www.centralbank.ie/docs/default-source/statistics/statistical-reporting-requirements/anacredit-in-ireland/complete-central-bank-of-ireland-reports-case-data-(credit-unions).xlsx?sfvrsn=4e2faf1d_4,https://www.centralbank.ie/statistics/statistical-reporting-requirements/anacredit-in-ireland
ab05ac247fd21a39249c50d941507bf309fabc0e934418391da7a15b22689419,XLSX,384693,documents,,,files\www.centralbank.ie\_long\86ac41ff48742dfcddc2b49d\complete-central-bank-of-ireland-reports-case-data__q-45a696.xlsx,https://www.centralbank.ie/docs/default-source/statistics/statistical-reporting-requirements/anacredit-in-ireland/complete-central-bank-of-ireland-reports-case-data.xlsx?sfvrsn=b402aa1d_6,1,https://www.centralbank.ie/docs/default-source/statistics/statistical-reporting-requirements/anacredit-in-ireland/complete-central-bank-of-ireland-reports-case-data.xlsx?sfvrsn=b402aa1d_6,https://www.centralbank.ie/statistics/statistical-reporting-requirements/anacredit-in-ireland
a5cade7943d972486159099e2a069d3d4843a4b236a0deb0c970001eda369756,XLSX,15944,documents,,,files\www.centralbank.ie\_long\4ad899b680b5898f23516ee8\counterparty-reference-data-return---reporting-schedule-cred.xlsx,https://www.centralbank.ie/docs/default-source/statistics/statistical-reporting-requirements/anacredit-in-ireland/counterparty-reference-data-return---reporting-schedule-credit-unions.xlsx?sfvrsn=b15db61d_4,1,https://www.centralbank.ie/docs/default-source/statistics/statistical-reporting-requirements/anacredit-in-ireland/counterparty-reference-data-return---reporting-schedule-credit-unions.xlsx?sfvrsn=b15db61d_4,https://www.centralbank.ie/statistics/statistical-reporting-requirements/anacredit-in-ireland
831a323cc0cbfab2fa33d24d3429cb88c5e0accfa50513f030a92a61dec7251e,XLSX,17704,documents,,,files\www.centralbank.ie\_long\8fd218de00c1a337f1303851\counterparty-reference-data-return---reporting-schedule__q-2.xlsx,https://www.centralbank.ie/docs/default-source/statistics/statistical-reporting-requirements/anacredit-in-ireland/counterparty-reference-data-return---reporting-schedule.xlsx?sfvrsn=7609a41d_20,1,https://www.centralbank.ie/docs/default-source/statistics/statistical-reporting-requirements/anacredit-in-ireland/counterparty-reference-data-return---reporting-schedule.xlsx?sfvrsn=7609a41d_20,https://www.centralbank.ie/statistics/statistical-reporting-requirements/anacredit-in-ireland
03a0c5fba72d30575556da4ecb2d14bde748874ae24e64ae239b7ef82427635f,XLSX,328031,documents,,,files\www.centralbank.ie\_long\b04fd2d74fd2627cbd806fbc\credit-data-template-and-rules-monthly---banks__q-cb5bd44cdd.xlsx,https://www.centralbank.ie/docs/default-source/statistics/statistical-reporting-requirements/anacredit-in-ireland/credit-data-template-and-rules-monthly---banks.xlsx?sfvrsn=1ccea11d_15,1,https://www.centralbank.ie/docs/default-source/statistics/statistical-reporting-requirements/anacredit-in-ireland/credit-data-template-and-rules-monthly---banks.xlsx?sfvrsn=1ccea11d_15,https://www.centralbank.ie/statistics/statistical-reporting-requirements/anacredit-in-ireland
b6b949dd526edffb0464a7d5eeab03bcb2996854eabf1b17ec08b04ddfbde7a1,XLSX,100933,documents,,,files\www.centralbank.ie\_long\4feed99b289d5258fb774fe4\credit-data-template-and-rules-quarterly---banks__q-0b5a6408.xlsx,https://www.centralbank.ie/docs/default-source/statistics/statistical-reporting-requirements/anacredit-in-ireland/credit-data-template-and-rules-quarterly---banks.xlsx?sfvrsn=1cea11d_17,1,https://www.centralbank.ie/docs/default-source/statistics/statistical-reporting-requirements/anacredit-in-ireland/credit-data-template-and-rules-quarterly---banks.xlsx?sfvrsn=1cea11d_17,https://www.centralbank.ie/statistics/statistical-reporting-requirements/anacredit-in-ireland
113350b2694b9608efa12c6493f6328b8fbe9278a2bfbe97ceafe39bb3b3bd5b,XLSX,317300,documents,,,files\www.centralbank.ie\_long\1e22c330cbfbfcaf913e12e9\credit-data-template-and-rules-quarterly---credit-unions__q-.xlsx,https://www.centralbank.ie/docs/default-source/statistics/statistical-reporting-requirements/anacredit-in-ireland/credit-data-template-and-rules-quarterly---credit-unions.xlsx?sfvrsn=8b9ca41d_8,1,https://www.centralbank.ie/docs/default-source/statistics/statistical-reporting-requirements/anacredit-in-ireland/credit-data-template-and-rules-quarterly---credit-unions.xlsx?sfvrsn=8b9ca41d_8,https://www.centralbank.ie/statistics/statistical-reporting-requirements/anacredit-in-ireland
618173fd41db18be61e10c2e1c17af3bac9cf8b774c8e1326f205907406c2488,XLSX,15082,documents,,,files\www.centralbank.ie\_long\60b9b299a383a507fe8d2739\credit_data_schedule__q-5682d52198__u-60b9b299a383.xlsx,https://www.centralbank.ie/docs/default-source/statistics/statistical-reporting-requirements/anacredit-in-ireland/credit_data_schedule.xlsx?sfvrsn=2ca7b01d_15,1,https://www.centralbank.ie/docs/default-source/statistics/statistical-reporting-requirements/anacredit-in-ireland/credit_data_schedule.xlsx?sfvrsn=2ca7b01d_15,https://www.centralbank.ie/statistics/statistical-reporting-requirements/anacredit-in-ireland
5f2a8894ffac231ebcdcfbbf9bc59837edcf9765c09d940acb1651da7a19a4e6,XLSX,13875,documents,,,files\www.centralbank.ie\_long\2c66265890db36f086100450\credit_data_schedule_credit_unions__q-b9f95bfb53__u-2c662658.xlsx,https://www.centralbank.ie/docs/default-source/statistics/statistical-reporting-requirements/anacredit-in-ireland/credit_data_schedule_credit_unions.xlsx?sfvrsn=c4a7b01d_12,1,https://www.centralbank.ie/docs/default-source/statistics/statistical-reporting-requirements/anacredit-in-ireland/credit_data_schedule_credit_unions.xlsx?sfvrsn=c4a7b01d_12,https://www.centralbank.ie/statistics/statistical-reporting-requirements/anacredit-in-ireland
fd632fef8d998039a3905a5ab9a17f18cf23867a845b507dd8287f20e0cabffa,XLSX,16302,documents,,,files\www.centralbank.ie\_long\c814e27eb3c3be5296298e30\cro---legal-form-mapping-file__q-c9c857c837__u-c814e27eb3c3.xlsx,https://www.centralbank.ie/docs/default-source/statistics/statistical-reporting-requirements/anacredit-in-ireland/cro---legal-form-mapping-file.xlsx?sfvrsn=a01eae1d_4,1,https://www.centralbank.ie/docs/default-source/statistics/statistical-reporting-requirements/anacredit-in-ireland/cro---legal-form-mapping-file.xlsx?sfvrsn=a01eae1d_4,https://www.centralbank.ie/statistics/statistical-reporting-requirements/anacredit-in-ireland
23cd6b0cd50481eea12c9830958f4832091ba65da828c429b46565f6f4fcb96c,XLSX,346013,documents,,,files\www.centralbank.ie\_long\e19927cfa0e007db591b95e2\draft-credit-data-template-and-rules-monthly---banks__q-2949.xlsx,https://www.centralbank.ie/docs/default-source/statistics/statistical-reporting-requirements/anacredit-in-ireland/draft-credit-data-template-and-rules-monthly---banks.xlsx?sfvrsn=9aea8e1d_19,1,https://www.centralbank.ie/docs/default-source/statistics/statistical-reporting-requirements/anacredit-in-ireland/draft-credit-data-template-and-rules-monthly---banks.xlsx?sfvrsn=9aea8e1d_19,https://www.centralbank.ie/statistics/statistical-reporting-requirements/anacredit-in-ireland
8f2ccd869cb169f67c3515b76bcdb9462b3230e7766200510d2d878ce643ff20,XLSX,102237,documents,,,files\www.centralbank.ie\_long\b11a1ea7a58a0be919c3d695\draft-credit-data-template-and-rules-quarterly---banks__q-0f.xlsx,https://www.centralbank.ie/docs/default-source/statistics/statistical-reporting-requirements/anacredit-in-ireland/draft-credit-data-template-and-rules-quarterly---banks.xlsx?sfvrsn=d3ea8e1d_16,1,https://www.centralbank.ie/docs/default-source/statistics/statistical-reporting-requirements/anacredit-in-ireland/draft-credit-data-template-and-rules-quarterly---banks.xlsx?sfvrsn=d3ea8e1d_16,https://www.centralbank.ie/statistics/statistical-reporting-requirements/anacredit-in-ireland
957338aaa4b50861d8b235275b497124922d78db7e4316c5291d8efed4d31314,XLSX,103145,documents,,,files\www.centralbank.ie\_long\268e5e82503787883263e187\national-data-template-and-rulese1f8d9134644629bacc1ff000026.xlsx,https://www.centralbank.ie/docs/default-source/statistics/statistical-reporting-requirements/anacredit-in-ireland/national-data-template-and-rulese1f8d9134644629bacc1ff0000269695.xlsx?sfvrsn=58bcbb1d_0,1,https://www.centralbank.ie/docs/default-source/statistics/statistical-reporting-requirements/anacredit-in-ireland/national-data-template-and-rulese1f8d9134644629bacc1ff0000269695.xlsx?sfvrsn=58bcbb1d_0,https://www.centralbank.ie/statistics/statistical-reporting-requirements/anacredit-in-ireland
1eaa06162379f7bcc96062e6de420e0e1268ff10d05e57fcca1f313e3212e795,XLSX,23729,documents,,,files\www.centralbank.ie\_long\14d72dba4080d026231133b4\outlier-thresholdsf9f6dd134644629bacc1ff0000269695__q-946fe0.xlsx,https://www.centralbank.ie/docs/default-source/statistics/statistical-reporting-requirements/anacredit-in-ireland/outlier-thresholdsf9f6dd134644629bacc1ff0000269695.xlsx?sfvrsn=40b2bf1d_2,1,https://www.centralbank.ie/docs/default-source/statistics/statistical-reporting-requirements/anacredit-in-ireland/outlier-thresholdsf9f6dd134644629bacc1ff0000269695.xlsx?sfvrsn=40b2bf1d_2,https://www.centralbank.ie/statistics/statistical-reporting-requirements/anacredit-in-ireland
f5171cf815f91de132ee81dca9d0682bd2ee645b7ade91a35ab480a2f69380cd,XLSX,142548,documents,,,files\www.centralbank.ie\_long\2e92e4d12a1ff4c3e3cfbcde\register-of-government-body-identifiers__q-efccb1c230__u-2e9.xlsx,https://www.centralbank.ie/docs/default-source/statistics/statistical-reporting-requirements/anacredit-in-ireland/register-of-government-body-identifiers.xlsx?sfvrsn=a65a921d_21,1,https://www.centralbank.ie/docs/default-source/statistics/statistical-reporting-requirements/anacredit-in-ireland/register-of-government-body-identifiers.xlsx?sfvrsn=a65a921d_21,https://www.centralbank.ie/statistics/statistical-reporting-requirements/anacredit-in-ireland
a1f269706875f4aad888ef647269b238b6a3361e4ea6395f8eb1a866a47d7fdc,XLSX,61080,documents,,,files\www.centralbank.ie\_long\882d4d55d168b3944f52d351\fx-reporting-template__q-b205ba1e66__u-882d4d55d168.xlsx,https://www.centralbank.ie/docs/default-source/statistics/statistical-reporting-requirements/credit-institutions/fx-reporting-template.xlsx?sfvrsn=d5406b1a_1,1,https://www.centralbank.ie/docs/default-source/statistics/statistical-reporting-requirements/credit-institutions/fx-reporting-template.xlsx?sfvrsn=d5406b1a_1,https://www.centralbank.ie/statistics/statistical-reporting-requirements/credit-institutions/bis-triennial-derivatives-survey
60655d2d1801ad4262bc6a7af8d9a523cfacc57195907c21095d928c39a1c773,XLSX,209731,documents,,,files\www.centralbank.ie\_long\6c79946fc34860cfd0a605dd\outstanding-reporting-template__q-3d8b461544__u-6c79946fc348.xlsx,https://www.centralbank.ie/docs/default-source/statistics/statistical-reporting-requirements/credit-institutions/outstanding-reporting-template.xlsx?sfvrsn=d406b1a_1,1,https://www.centralbank.ie/docs/default-source/statistics/statistical-reporting-requirements/credit-institutions/outstanding-reporting-template.xlsx?sfvrsn=d406b1a_1,https://www.centralbank.ie/statistics/statistical-reporting-requirements/credit-institutions/bis-triennial-derivatives-survey
fa1cd5aa8acf221c5885b1593fb0425de04aaa857261525e31ddd09b62214382,XLSX,597823,documents,,,files\www.centralbank.ie\_long\a8c88925cbb64742293fb9a8\rc2-v1-1-reporting-template__q-1c76c05e0e__u-a8c88925cbb6.xlsx,https://www.centralbank.ie/docs/default-source/statistics/statistical-reporting-requirements/credit-institutions/reporting-requirements-(june-2010---november-2014)/rc2-v1-1-reporting-template.xlsx?sfvrsn=62c1d61d_14,1,https://www.centralbank.ie/docs/default-source/statistics/statistical-reporting-requirements/credit-institutions/reporting-requirements-(june-2010---november-2014)/rc2-v1-1-reporting-template.xlsx?sfvrsn=62c1d61d_14,https://www.centralbank.ie/statistics/statistical-reporting-requirements/credit-institutions/reporting-requirements-june-2010---november-2014
d9197cc1b9485ac13b4f2f8a6be9bd6a67947c58837b7c82d60d0d3a4e38b601,XLSX,1355590,documents,,,files\www.centralbank.ie\_long\11d42fe00cc1cd2d1d2e3576\rs2-v1-3-reporting-template__q-10b4f82dfc__u-11d42fe00cc1.xlsx,https://www.centralbank.ie/docs/default-source/statistics/statistical-reporting-requirements/credit-institutions/reporting-requirements-(june-2010---november-2014)/rs2-v1-3-reporting-template.xlsx?sfvrsn=53c1d61d_12,1,https://www.centralbank.ie/docs/default-source/statistics/statistical-reporting-requirements/credit-institutions/reporting-requirements-(june-2010---november-2014)/rs2-v1-3-reporting-template.xlsx?sfvrsn=53c1d61d_12,https://www.centralbank.ie/statistics/statistical-reporting-requirements/credit-institutions/reporting-requirements-june-2010---november-2014
9e6b8423cf23d8690ba141d8c052067309e49f3d5aa64e23a1d35df4ece2a35e,XLSX,19310,documents,,,files\www.centralbank.ie\_long\9271094de591f074f39a8294\rv2-in-house-validations__q-a2e0e804aa__u-9271094de591.xlsx,https://www.centralbank.ie/docs/default-source/statistics/statistical-reporting-requirements/credit-institutions/reporting-requirements-(june-2010---november-2014)/rv2-in-house-validations.xlsx?sfvrsn=d4f7a71d_4,1,https://www.centralbank.ie/docs/default-source/statistics/statistical-reporting-requirements/credit-institutions/reporting-requirements-(june-2010---november-2014)/rv2-in-house-validations.xlsx?sfvrsn=d4f7a71d_4,https://www.centralbank.ie/statistics/statistical-reporting-requirements/credit-institutions/reporting-requirements-june-2010---november-2014
938b4986f180c27847fc76265c2ec726ceef4f657041bf8ff5096643b552a469,XLSX,244927,documents,,,files\www.centralbank.ie\_long\6e9d441e0ca4807f42d407ce\rv2-v1-0-reporting-template__q-a7cf922567__u-6e9d441e0ca4.xlsx,https://www.centralbank.ie/docs/default-source/statistics/statistical-reporting-requirements/credit-institutions/reporting-requirements-(june-2010---november-2014)/rv2-v1-0-reporting-template.xlsx?sfvrsn=5cc1d61d_8,1,https://www.centralbank.ie/docs/default-source/statistics/statistical-reporting-requirements/credit-institutions/reporting-requirements-(june-2010---november-2014)/rv2-v1-0-reporting-template.xlsx?sfvrsn=5cc1d61d_8,https://www.centralbank.ie/statistics/statistical-reporting-requirements/credit-institutions/reporting-requirements-june-2010---november-2014
d1484ec0553ad1de61ebf3f5b228abb925ea5db322694dab225aed4151c315f7,XLSX,2938153,documents,,,files\www.centralbank.ie\_long\28793456d8db13f0488e46f1\turnover-reporting-template__q-cfe51ef694__u-28793456d8db.xlsx,https://www.centralbank.ie/docs/default-source/statistics/statistical-reporting-requirements/credit-institutions/turnover-reporting-template.xlsx?sfvrsn=45406b1a_1,1,https://www.centralbank.ie/docs/default-source/statistics/statistical-reporting-requirements/credit-institutions/turnover-reporting-template.xlsx?sfvrsn=45406b1a_1,https://www.centralbank.ie/statistics/statistical-reporting-requirements/credit-institutions/bis-triennial-derivatives-survey
05d7f759a63f258f7d1965c40b5eeab9bce92f94947b8400735f6330bce2e8ff,XLSX,645997,documents,,,files\www.centralbank.ie\_long\610ddaa7c399c00b638f4342\c999999_c999999_q32017_quarterly__q-ccbb7c6872__u-610ddaa7c3.xlsx,https://www.centralbank.ie/docs/default-source/statistics/statistical-reporting-requirements/financial-vehicle-corporations/c999999_c999999_q32017_quarterly.xlsx?sfvrsn=239bdd1d_10,1,https://www.centralbank.ie/docs/default-source/statistics/statistical-reporting-requirements/financial-vehicle-corporations/c999999_c999999_q32017_quarterly.xlsx?sfvrsn=239bdd1d_10,https://www.centralbank.ie/statistics/statistical-reporting-requirements/financial-vehicle-corporations
d94a28a209e15b706fc939078d1c2e94a1db61cafe30e4604964b30d03bf8a53,XLSX,110534,documents,,,files\www.centralbank.ie\_long\a3652a9bb446be95ad4c3a56\cxxxxxx_2024mmdd_spe__q-d3c2f8201f__u-a3652a9bb446.xlsx,https://www.centralbank.ie/docs/default-source/statistics/statistical-reporting-requirements/financial-vehicle-corporations/cxxxxxx_2024mmdd_spe.xlsx?sfvrsn=e088661a_1,2,https://www.centralbank.ie/docs/default-source/statistics/statistical-reporting-requirements/financial-vehicle-corporations/cxxxxxx_2024mmdd_spe.xlsx?sfvrsn=e088661a_1 | https://www.centralbank.ie/docs/default-source/statistics/statistical-reporting-requirements/special-purpose-vehicles/cxxxxxx_2024mmdd_spe.xlsx?sfvrsn=588661a_1,https://www.centralbank.ie/statistics/statistical-reporting-requirements/financial-vehicle-corporations | https://www.centralbank.ie/statistics/statistical-reporting-requirements/special-purpose-vehicles
a3a4afd2d386836f8a625003ceab295e3ea49d5b3d90d127d52f4e9ff842fbc6,XLSX,2694651,documents,,,files\www.centralbank.ie\_long\5d06c2e6b314b2aea5285366\spe-business-validation-rules-offline-checker-beta-20__q-10a.xlsx,https://www.centralbank.ie/docs/default-source/statistics/statistical-reporting-requirements/financial-vehicle-corporations/spe-business-validation-rules-offline-checker-beta-20.xlsx?sfvrsn=eb07a21d_44,2,https://www.centralbank.ie/docs/default-source/statistics/statistical-reporting-requirements/financial-vehicle-corporations/spe-business-validation-rules-offline-checker-beta-20.xlsx?sfvrsn=eb07a21d_44 | https://www.centralbank.ie/docs/default-source/statistics/statistical-reporting-requirements/special-purpose-vehicles/spe-business-validation-rules-offline-checker-beta-20.xlsx?sfvrsn=9ecbd61d_52,https://www.centralbank.ie/statistics/statistical-reporting-requirements/financial-vehicle-corporations | https://www.centralbank.ie/statistics/statistical-reporting-requirements/special-purpose-vehicles
7eb63fa6023d2e2d8b4f866946f9f10a22ff4612a20245082391ba85b70ab7bc,XLSX,361251,documents,,,files\www.centralbank.ie\_long\e8a681e67796d6fd1c5f0815\mmif_template-v0-6__q-888f3c4c7d__u-e8a681e67796.xlsx,https://www.centralbank.ie/docs/default-source/statistics/statistical-reporting-requirements/fund-administrators/money-market-and-investment-funds-return-(mmif)/ifupdate/mmif_template-v0-6.xlsx?sfvrsn=635d731a_1,1,https://www.centralbank.ie/docs/default-source/statistics/statistical-reporting-requirements/fund-administrators/money-market-and-investment-funds-return-(mmif)/ifupdate/mmif_template-v0-6.xlsx?sfvrsn=635d731a_1,https://www.centralbank.ie/statistics/statistical-reporting-requirements/fund-administrators/money-market-and-investment-funds-return-mmif
ed443e40325378d7174932579882561bb4b730a508b3b343baaac03772c8713f,XLSX,48863,documents,,,files\www.centralbank.ie\_long\ace90bb2ad68083a8fdf4df7\of3-mmif_rules__q-807ef3006a__u-ace90bb2ad68.xlsx,https://www.centralbank.ie/docs/default-source/statistics/statistical-reporting-requirements/fund-administrators/money-market-and-investment-funds-return-(mmif)/ifupdate/of3-mmif_rules.xlsx?sfvrsn=a248731a_4,1,https://www.centralbank.ie/docs/default-source/statistics/statistical-reporting-requirements/fund-administrators/money-market-and-investment-funds-return-(mmif)/ifupdate/of3-mmif_rules.xlsx?sfvrsn=a248731a_4,https://www.centralbank.ie/statistics/statistical-reporting-requirements/fund-administrators/money-market-and-investment-funds-return-mmif
e76c8f2517fdfc08025a36f9396207906fdae1d242043460ee57461698846871,XLSX,1119650,documents,,,files\www.centralbank.ie\_long\1ff9e53b2ebcba9c53f5e7f6\of3-yyyymmdd-offline-checker-dqm-1__q-9858634fe6__u-1ff9e53b.xlsx,https://www.centralbank.ie/docs/default-source/statistics/statistical-reporting-requirements/fund-administrators/money-market-and-investment-funds-return-(mmif)/ifupdate/of3-yyyymmdd-offline-checker-dqm-1.xlsx?sfvrsn=7e9d6e1a_19,1,https://www.centralbank.ie/docs/default-source/statistics/statistical-reporting-requirements/fund-administrators/money-market-and-investment-funds-return-(mmif)/ifupdate/of3-yyyymmdd-offline-checker-dqm-1.xlsx?sfvrsn=7e9d6e1a_19,https://www.centralbank.ie/statistics/statistical-reporting-requirements/fund-administrators/money-market-and-investment-funds-return-mmif
4e3db274c67833798f6833143397d3afc82bb3e672fbba9d61423c9e08c65885,XLSX,138420,documents,,,files\www.centralbank.ie\_long\b18317b0715c6e7f5e0ae080\nst-12_business_template__q-bbfa8e77d3__u-b18317b0715c.xlsx,https://www.centralbank.ie/docs/default-source/statistics/statistical-reporting-requirements/insurance-corporations/nst-12_business_template.xlsx?sfvrsn=c2cad61d_6,1,https://www.centralbank.ie/docs/default-source/statistics/statistical-reporting-requirements/insurance-corporations/nst-12_business_template.xlsx?sfvrsn=c2cad61d_6,https://www.centralbank.ie/statistics/statistical-reporting-requirements/insurance-corporations
aa25021085afe8eb8a8fbe607e707180f0e70aaa936d2bf5902943a0a675ad08,XLSX,23472,documents,,,files\www.centralbank.ie\_long\c2fbd52be2a69bc0d6f104f3\nst-13__q-3b295cb361__u-c2fbd52be2a6.xlsx,https://www.centralbank.ie/docs/default-source/statistics/statistical-reporting-requirements/insurance-corporations/nst-13.xlsx?sfvrsn=decad61d_4,1,https://www.centralbank.ie/docs/default-source/statistics/statistical-reporting-requirements/insurance-corporations/nst-13.xlsx?sfvrsn=decad61d_4,https://www.centralbank.ie/statistics/statistical-reporting-requirements/insurance-corporations
426a9b29b72dc4b3e1bf6e0493c5187e8d98746fc0d8829e8afb345a09909aad,XLSX,25796,documents,,,files\www.centralbank.ie\_long\047a4121e3656e337281a9e9\snst-1---irish-quarterly-agg-bal-sheet__q-60f7646903__u-047a.xlsx,https://www.centralbank.ie/docs/default-source/statistics/statistical-reporting-requirements/insurance-corporations/snst-1---irish-quarterly-agg-bal-sheet.xlsx?sfvrsn=cfcad61d_4,1,https://www.centralbank.ie/docs/default-source/statistics/statistical-reporting-requirements/insurance-corporations/snst-1---irish-quarterly-agg-bal-sheet.xlsx?sfvrsn=cfcad61d_4,https://www.centralbank.ie/statistics/statistical-reporting-requirements/insurance-corporations
fe0210a7ee987d2fa78b8986ee1cab064cb0e12422d8a843c830acca558d9758,XLSX,270741,documents,,,files\www.centralbank.ie\_long\9c1fecca53f6f35dc1a19d07\cbi-payment-statistics-validation-rules---internal-consisten.xlsx,https://www.centralbank.ie/docs/default-source/statistics/statistical-reporting-requirements/payment-services-providers/ecb-payment-statistics-regulation-update/cbi-payment-statistics-validation-rules---internal-consistency-checks.xlsx?sfvrsn=b8bd681a_1,1,https://www.centralbank.ie/docs/default-source/statistics/statistical-reporting-requirements/payment-services-providers/ecb-payment-statistics-regulation-update/cbi-payment-statistics-validation-rules---internal-consistency-checks.xlsx?sfvrsn=b8bd681a_1,https://www.centralbank.ie/statistics/statistical-reporting-requirements/payment-service-providers/ecb-payment-statistics-regulation-update
fdfd8bd162b95136ffade3753ccd605e0a5733fa82c7327268bf3b22e398dfa4,XLSX,116092,documents,,,files\www.centralbank.ie\_long\17263ace4fc5014a69bb8e4b\cbi-payment-statistics-validation-rules-for-online-reporting.xlsx,https://www.centralbank.ie/docs/default-source/statistics/statistical-reporting-requirements/payment-services-providers/ecb-payment-statistics-regulation-update/cbi-payment-statistics-validation-rules-for-online-reportinge3d669d7-23b1-4d10-84b7-76ce828e8175.xlsx?sfvrsn=a0bd681a_5,1,https://www.centralbank.ie/docs/default-source/statistics/statistical-reporting-requirements/payment-services-providers/ecb-payment-statistics-regulation-update/cbi-payment-statistics-validation-rules-for-online-reportinge3d669d7-23b1-4d10-84b7-76ce828e8175.xlsx?sfvrsn=a0bd681a_5,https://www.centralbank.ie/statistics/statistical-reporting-requirements/payment-service-providers/ecb-payment-statistics-regulation-update
415b5460bd1465cf01316a99dd1109b5db35fd097a1e916f478bcf5bec96ebf8,XLSX,825776,documents,,,files\www.centralbank.ie\_long\006dd1bf0a0e17a34f7af3a7\manual-on-payments-statistics-reporting-under-the-regulation.xlsx,https://www.centralbank.ie/docs/default-source/statistics/statistical-reporting-requirements/payment-services-providers/ecb-payment-statistics-regulation-update/manual-on-payments-statistics-reporting-under-the-regulation-ecb_2020_59-and-guideline-ecb_2021_13.xlsx?sfvrsn=7cbc681a_1,1,https://www.centralbank.ie/docs/default-source/statistics/statistical-reporting-requirements/payment-services-providers/ecb-payment-statistics-regulation-update/manual-on-payments-statistics-reporting-under-the-regulation-ecb_2020_59-and-guideline-ecb_2021_13.xlsx?sfvrsn=7cbc681a_1,https://www.centralbank.ie/statistics/statistical-reporting-requirements/payment-service-providers/ecb-payment-statistics-regulation-update
6f8075f5ec87c28522d4ffc80c98c010c5607055e4f832ba23bcab8a9969a50f,XLSX,20205,documents,,,files\www.centralbank.ie\_long\d149e6ce7f70d156f981a1cc\reduced-reporters---institution-listc19000144644629bacc1ff02.xlsx,https://www.centralbank.ie/docs/default-source/statistics/statistical-reporting-requirements/payment-services-providers/ecb-payment-statistics-regulation-update/reduced-reporters---institution-listc19000144644629bacc1ff0200269695.xlsx?sfvrsn=78d4621a_0,1,https://www.centralbank.ie/docs/default-source/statistics/statistical-reporting-requirements/payment-services-providers/ecb-payment-statistics-regulation-update/reduced-reporters---institution-listc19000144644629bacc1ff0200269695.xlsx?sfvrsn=78d4621a_0,https://www.centralbank.ie/statistics/statistical-reporting-requirements/payment-service-providers/ecb-payment-statistics-regulation-update
799c019ee4947102a2a97a0ae3aa5bf82bacb6ff4c7d0110d621c5ddbc9795b5,XLSX,51598,documents,,,files\www.centralbank.ie\_long\943c4ee809e78d8a1b35f742\ccode_pbnumber_yyyymmdd_pfrar__q-5a7053a145__u-943c4ee809e7.xlsx,https://www.centralbank.ie/docs/default-source/statistics/statistical-reporting-requirements/pension-funds/pension-funds/ccode_pbnumber_yyyymmdd_pfrar.xlsx?sfvrsn=9685831d_9,1,https://www.centralbank.ie/docs/default-source/statistics/statistical-reporting-requirements/pension-funds/pension-funds/ccode_pbnumber_yyyymmdd_pfrar.xlsx?sfvrsn=9685831d_9,https://www.centralbank.ie/statistics/statistical-reporting-requirements/pension-funds
d0b0c0171742710d090e0ef9d8893e4fcef4946b5ed336ba5466aa4be7db8435,XLSX,626859,documents,,,files\www.centralbank.ie\_long\82a6a397c5d089fb927b75a8\illustrative-reporting-templates-(not-for-submission)__q-234.xlsx,https://www.centralbank.ie/docs/default-source/statistics/statistical-reporting-requirements/pension-funds/pension-funds/illustrative-reporting-templates-(not-for-submission).xlsx?sfvrsn=6444b41d_23,1,https://www.centralbank.ie/docs/default-source/statistics/statistical-reporting-requirements/pension-funds/pension-funds/illustrative-reporting-templates-(not-for-submission).xlsx?sfvrsn=6444b41d_23,https://www.centralbank.ie/statistics/statistical-reporting-requirements/pension-funds
5d52e4337574e8d1e9a28843b66dcdad0df659ded1e817b374af2cd58f8e4e83,XLSX,20638,documents,,,files\www.centralbank.ie\_long\f72b31d3500a639d58a56b1c\pension-funds-subject-to-detailed-reporting---current-year__.xlsx,https://www.centralbank.ie/docs/default-source/statistics/statistical-reporting-requirements/pension-funds/pension-funds/pension-funds-subject-to-detailed-reporting---current-year.xlsx?sfvrsn=3ff16e1a_2,1,https://www.centralbank.ie/docs/default-source/statistics/statistical-reporting-requirements/pension-funds/pension-funds/pension-funds-subject-to-detailed-reporting---current-year.xlsx?sfvrsn=3ff16e1a_2,https://www.centralbank.ie/statistics/statistical-reporting-requirements/pension-funds
269a58f492aea200ff334842a9628443f34111c912baa54160e9f1c01c8f5e69,XLSX,70695,documents,,,files\www.centralbank.ie\_long\ddaee68e8899da4b8a74fdb4\pension-funds-subject-to-detailed-reporting---previous-years.xlsx,https://www.centralbank.ie/docs/default-source/statistics/statistical-reporting-requirements/pension-funds/pension-funds/pension-funds-subject-to-detailed-reporting---previous-years.xlsx?sfvrsn=35f16e1a_2,1,https://www.centralbank.ie/docs/default-source/statistics/statistical-reporting-requirements/pension-funds/pension-funds/pension-funds-subject-to-detailed-reporting---previous-years.xlsx?sfvrsn=35f16e1a_2,https://www.centralbank.ie/statistics/statistical-reporting-requirements/pension-funds
71cba4a05d117e6d0b7aa6724362bf73c347fee018d4708c113385c6dd74b878,XLSX,103641,documents,,,files\www.centralbank.ie\_long\63f10f56c4de166e2d9584ca\pension-funds-subject-to-reduced-reporting---current-year__q.xlsx,https://www.centralbank.ie/docs/default-source/statistics/statistical-reporting-requirements/pension-funds/pension-funds/pension-funds-subject-to-reduced-reporting---current-year.xlsx?sfvrsn=19f16e1a_2,1,https://www.centralbank.ie/docs/default-source/statistics/statistical-reporting-requirements/pension-funds/pension-funds/pension-funds-subject-to-reduced-reporting---current-year.xlsx?sfvrsn=19f16e1a_2,https://www.centralbank.ie/statistics/statistical-reporting-requirements/pension-funds
521511ae62472beeb1b592ac491d2cc422afac48af29af5091398fe24c0de949,XLSX,927110,documents,,,files\www.centralbank.ie\_long\b2abf6cd55f2f9d7e0214801\pension-funds-subject-to-reduced-reporting---previous-years_.xlsx,https://www.centralbank.ie/docs/default-source/statistics/statistical-reporting-requirements/pension-funds/pension-funds/pension-funds-subject-to-reduced-reporting---previous-years.xlsx?sfvrsn=7af16e1a_2,1,https://www.centralbank.ie/docs/default-source/statistics/statistical-reporting-requirements/pension-funds/pension-funds/pension-funds-subject-to-reduced-reporting---previous-years.xlsx?sfvrsn=7af16e1a_2,https://www.centralbank.ie/statistics/statistical-reporting-requirements/pension-funds
b265b19878722e6c529086519a655a60a26d3abee2dee90a7cf292eaaa86e300,XLSX,89397,documents,,,files\www.centralbank.ie\_long\5440fdbd877da4ea5404da28\pension_fund_information_return_(pfir)3813ec134644629bacc1ff.xlsx,https://www.centralbank.ie/docs/default-source/statistics/statistical-reporting-requirements/pension-funds/pension-funds/pension_fund_information_return_(pfir)3813ec134644629bacc1ff0000269695.xlsx?sfvrsn=8548e1d_8,1,https://www.centralbank.ie/docs/default-source/statistics/statistical-reporting-requirements/pension-funds/pension-funds/pension_fund_information_return_(pfir)3813ec134644629bacc1ff0000269695.xlsx?sfvrsn=8548e1d_8,https://www.centralbank.ie/statistics/statistical-reporting-requirements/pension-funds
b03b9019fdc1c24defc3233b8d9e7fab045db51acaddb91f90b6eaaa91e3f0e0,XLSX,41634,documents,,,files\www.centralbank.ie\_long\a5d2bd63f4e8d487acbe145b\2025-schedule-of-dates-for-receipt-of-central-bank-returns__.xlsx,https://www.centralbank.ie/docs/default-source/statistics/statistical-reporting-requirements/schedule-of-dates/2025-schedule-of-dates-for-receipt-of-central-bank-returns.xlsx?sfvrsn=b2bb641a_3,1,https://www.centralbank.ie/docs/default-source/statistics/statistical-reporting-requirements/schedule-of-dates/2025-schedule-of-dates-for-receipt-of-central-bank-returns.xlsx?sfvrsn=b2bb641a_3,https://www.centralbank.ie/statistics/statistical-reporting-requirements/payment-service-providers/ecb-payment-statistics-regulation-update
20186cfd88d0be47334f95b2a6f38471a393bdc605ba816b0e88471acd11d44c,XLSX,42350,documents,,,files\www.centralbank.ie\_long\875de40a1d68580a0e6e48d3\2026-schedule-of-dates-for-receipt-of-central-bank-returns__.xlsx,https://www.centralbank.ie/docs/default-source/statistics/statistical-reporting-requirements/schedule-of-dates/2026-schedule-of-dates-for-receipt-of-central-bank-returns.xlsx?sfvrsn=2e0f6c1a_4,1,https://www.centralbank.ie/docs/default-source/statistics/statistical-reporting-requirements/schedule-of-dates/2026-schedule-of-dates-for-receipt-of-central-bank-returns.xlsx?sfvrsn=2e0f6c1a_4,https://www.centralbank.ie/statistics/statistical-reporting-requirements/payment-service-providers/ecb-payment-statistics-regulation-update
d9ae504b9ada6c7c58eaf50170485914d62c3b937dcf769a8153df96a186ad38,XLSX,645215,documents,,,files\www.centralbank.ie\_long\473c2c898c11ebec54bc914a\c999999_c999999_qnccyy_quarterly__q-8df6a0322e__u-473c2c898c.xlsx,https://www.centralbank.ie/docs/default-source/statistics/statistical-reporting-requirements/special-purpose-vehicles/c999999_c999999_qnccyy_quarterly.xlsx?sfvrsn=8fcbd61d_18,1,https://www.centralbank.ie/docs/default-source/statistics/statistical-reporting-requirements/special-purpose-vehicles/c999999_c999999_qnccyy_quarterly.xlsx?sfvrsn=8fcbd61d_18,https://www.centralbank.ie/statistics/statistical-reporting-requirements/special-purpose-vehicles
b9f2776de8feb3d5fd9e3f050f645b8b0a1d7514b36587d23c080f052d7e237f,XLSX,41536,documents,,,files\www.centralbank.ie\_long\dc076d2c1f755ff732fbe7d7\fsr-2024-i-box-chartpack__q-91b1a30125__u-dc076d2c1f75.xlsx,https://www.centralbank.ie/docs/librariesprovider2/financial-stability-review/fsr-2024-i-box-chartpack.xlsx?sfvrsn=25c7601a_2,1,https://www.centralbank.ie/docs/librariesprovider2/financial-stability-review/fsr-2024-i-box-chartpack.xlsx?sfvrsn=25c7601a_2,https://www.centralbank.ie/publication/financial-stability-review/financial-stability-review-2024-i
0d100d2e66df88ff7594eff270308fa0277c52fe377eb36d0389e34e732e5842,XLSX,107737,documents,,,files\www.centralbank.ie\_long\2041d558b5e699bdfc1e74ec\fsr-2024-i-policy-chartpack__q-0be7e69c53__u-2041d558b5e6.xlsx,https://www.centralbank.ie/docs/librariesprovider2/financial-stability-review/fsr-2024-i-policy-chartpack.xlsx?sfvrsn=1fc7601a_2,1,https://www.centralbank.ie/docs/librariesprovider2/financial-stability-review/fsr-2024-i-policy-chartpack.xlsx?sfvrsn=1fc7601a_2,https://www.centralbank.ie/publication/financial-stability-review/financial-stability-review-2024-i
8a2f8a58201132a035c0ffda313082c77532229e42c96b62e00c957073cec8ee,XLSX,386191,documents,,,files\www.centralbank.ie\_long\0b0aad6e04fb167a4dd4b84f\fsr-2024-i-resilience-chartpack__q-118b8a7242__u-0b0aad6e04f.xlsx,https://www.centralbank.ie/docs/librariesprovider2/financial-stability-review/fsr-2024-i-resilience-chartpack.xlsx?sfvrsn=79c7601a_2,1,https://www.centralbank.ie/docs/librariesprovider2/financial-stability-review/fsr-2024-i-resilience-chartpack.xlsx?sfvrsn=79c7601a_2,https://www.centralbank.ie/publication/financial-stability-review/financial-stability-review-2024-i
e219d75800b82f32a1dafcb382cccee5f7c4ab9f74a4c685d259f198764816d2,XML,2066,documents,,,files\www.centralbank.ie\docs\default-source\regulation\amld-\isbar\c11111_20230201_bar__q-5d7540ce6a__u-891f683bf2ff.xml,https://www.centralbank.ie/docs/default-source/regulation/amld-/isbar/c11111_20230201_bar.xml?sfvrsn=8bc1991d_3,1,https://www.centralbank.ie/docs/default-source/regulation/amld-/isbar/c11111_20230201_bar.xml?sfvrsn=8bc1991d_3,https://www.centralbank.ie/regulation/anti-money-laundering-and-countering-the-financing-of-terrorism/ireland-safe-deposit-box-bank-and-payment-accounts-register-isbar
e45c45c0f44da13f116075ea483f37d36d8e2b45763b72595e6476936a379e9a,XML,2246,documents,,,files\www.centralbank.ie\docs\default-source\regulation\amld-\isbar\c11111_20230201_sdb__q-f30192d77c__u-0b0d66f01e7f.xml,https://www.centralbank.ie/docs/default-source/regulation/amld-/isbar/c11111_20230201_sdb.xml?sfvrsn=88c1991d_3,1,https://www.centralbank.ie/docs/default-source/regulation/amld-/isbar/c11111_20230201_sdb.xml?sfvrsn=88c1991d_3,https://www.centralbank.ie/regulation/anti-money-laundering-and-countering-the-financing-of-terrorism/ireland-safe-deposit-box-bank-and-payment-accounts-register-isbar
8f4f58434321e1d74dfe8a1067e8f613fec3fa4843e4fa05b05d7c831e5c6bb9,XML,7295,documents,,,files\www.centralbank.ie\_long\96b43cebf192b5d2f8d7ddb0\dailymmf_sample1__q-d8b125a4b1__u-96b43cebf192.xml,https://www.centralbank.ie/docs/default-source/regulation/industry-market-sectors/funds/industry-communications/dailymmf_sample1.xml?download=true&sfvrsn=ca4c8d1d_4,1,https://www.centralbank.ie/docs/default-source/regulation/industry-market-sectors/funds/industry-communications/dailymmf_sample1.xml?download=true&sfvrsn=ca4c8d1d_4,https://www.centralbank.ie/regulation/industry-market-sectors/funds/industry-communications | https://www.centralbank.ie/regulation/industry-market-sectors/funds/reporting-requirements/daily-market-money-fund-report-(dmm)
048a8b99561ce1381acec76d9e093bba089760a798ffe863e93a89a06d4ba425,XML,203,documents,,,files\www.centralbank.ie\_long\a70200dbb1ca2fdcb0845b7e\xxxcu_yyyymmdd_acprd__q-d4f1b1915c__u-a70200dbb1ca.xml,https://www.centralbank.ie/docs/default-source/statistics/statistical-reporting-requirements/anacredit-in-ireland/xxxcu_yyyymmdd_acprd.xml?download=true&sfvrsn=c30f8f1d_0,1,https://www.centralbank.ie/docs/default-source/statistics/statistical-reporting-requirements/anacredit-in-ireland/xxxcu_yyyymmdd_acprd.xml?download=true&sfvrsn=c30f8f1d_0,https://www.centralbank.ie/statistics/statistical-reporting-requirements/anacredit-in-ireland
04d28b3eeb88c09f114fbeda1f6b28cd893eb6723e21e1929643fa310c6ba056,XML,218828,documents,,,files\www.centralbank.ie\_long\6272c15d9fd5e1511929f230\c12345_20171229_rs2__q-7666f94380__u-6272c15d9fd5.xml,https://www.centralbank.ie/docs/default-source/statistics/statistical-reporting-requirements/credit-institutions/reporting-requirements-(june-2010---november-2014)/c12345_20171229_rs2.xml?download=true&sfvrsn=1cd2d61d_6,1,https://www.centralbank.ie/docs/default-source/statistics/statistical-reporting-requirements/credit-institutions/reporting-requirements-(june-2010---november-2014)/c12345_20171229_rs2.xml?download=true&sfvrsn=1cd2d61d_6,https://www.centralbank.ie/statistics/statistical-reporting-requirements/credit-institutions/reporting-requirements-june-2010---november-2014
